order_id,customer_id,order_date,status,region_code
O00001,UNKNOWN,2024-08-21 07:25:06,SHIPPED,East
O00002,C0474,2024-07-13 03:50:42,DELIVERED,West
O00003,C0197,2024-11-02 15:17:01,RETURNED,East
O00004,C0292,2026-03-15 19:21:10,DELIVERED,East
O00005,C0844,2026-05-20 06:33:30,SHIPPED,West
O00006,C0506,2025-02-07 03:14:37,CANCELLED,South
O00007,C0805,2025-07-07 19:59:58,SHIPPED,South
O00008,C0499,2025-01-12 14:49:18,SHIPPED,South
O00009,C0791,2024-08-12 13:18:07,PLACED,West
O00010,C0848,2026-05-05 11:17:42,RETURNED,East
O00011,C0549,2025-03-27 09:35:16,CANCELLED,East
O00012,C0666,2025-05-06 20:52:50,SHIPPED,North
O00013,C0969,2025-03-10 13:33:59,CANCELLED,East
O00014,UNKNOWN,2024-10-16 08:51:59,DELIVERED,North
O00015,UNKNOWN,2024-12-07 19:24:27,SHIPPED,East
O00016,UNKNOWN,2025-02-19 09:16:59,CANCELLED,West
O00017,C0140,2026-05-04 03:52:56,RETURNED,South
O00018,UNKNOWN,2026-03-27 11:42:29,SHIPPED,West
O00019,C0870,2024-07-22 22:06:04,PLACED,East
O00020,C0978,2024-11-17 09:00:16,RETURNED,North
O00021,C0772,2024-09-24 15:54:41,SHIPPED,North
O00022,C0580,2025-05-19 23:36:35,RETURNED,South
O00023,C0579,2025-06-26 01:24:46,DELIVERED,South
O00024,C0583,2025-06-26 21:07:58,PLACED,East
O00025,UNKNOWN,2025-02-19 18:17:00,RETURNED,West
O00026,C0122,2026-03-17 17:30:37,SHIPPED,North
O00027,C0849,2025-08-22 04:38:02,CANCELLED,North
O00028,C0602,2025-09-29 23:54:47,RETURNED,South
O00029,UNKNOWN,2025-06-16 06:21:00,SHIPPED,North
O00030,C0304,2024-11-09 10:14:41,CANCELLED,West
O00031,C0683,2025-09-09 23:01:51,CANCELLED,North
O00032,C0027,2025-01-19 12:22:12,CANCELLED,East
O00033,C0280,2026-03-01 01:36:45,RETURNED,East
O00034,C0107,2024-12-03 18:47:26,CANCELLED,South
O00035,C0963,2024-10-09 04:33:03,RETURNED,South
O00036,C0247,2024-07-14 17:58:31,DELIVERED,East
O00037,C0249,2025-08-06 08:57:53,SHIPPED,East
O00038,C0020,2025-02-19 05:57:48,SHIPPED,North
O00039,C0998,2025-05-20 19:01:42,SHIPPED,South
O00040,UNKNOWN,2024-09-09 00:14:49,SHIPPED,West
O00041,UNKNOWN,2025-12-10 20:13:30,SHIPPED,West
O00042,C0501,2024-07-20 05:39:39,SHIPPED,South
O00043,C0161,2026-02-27 09:59:18,DELIVERED,North
O00044,C0652,2025-03-21 04:42:41,CANCELLED,North
O00045,C0931,2025-04-17 22:04:18,CANCELLED,West
O00046,C0541,2025-03-16 02:44:46,RETURNED,South
O00047,C0264,2025-05-31 01:09:35,RETURNED,South
O00048,C0036,2026-03-15 07:51:11,RETURNED,East
O00049,C0895,2025-10-06 23:09:59,PLACED,West
O00050,C0521,2025-10-24 20:07:17,CANCELLED,West
O00051,C0296,2024-07-31 21:16:09,RETURNED,North
O00052,C0492,2025-05-14 08:31:59,CANCELLED,North
O00053,C0005,2026-01-02 12:04:11,SHIPPED,East
O00054,C0683,2025-03-28 04:48:12,PLACED,East
O00055,C0884,2025-08-16 21:56:07,PLACED,East
O00056,C0774,2024-11-20 19:22:46,PLACED,North
O00057,C0746,2026-02-14 09:38:50,RETURNED,West
O00058,C0242,2025-08-17 19:09:49,RETURNED,West
O00059,C0411,2025-06-18 21:09:44,PLACED,East
O00060,C0986,2025-06-03 12:09:58,RETURNED,North
O00061,C0378,2025-04-13 05:06:29,CANCELLED,West
O00062,C0210,2024-10-06 22:42:24,SHIPPED,South
O00063,C0904,2026-05-08 03:12:19,PLACED,West
O00064,C0735,2026-06-06 05:23:56,PLACED,South
O00065,C0085,2025-06-14 23:06:31,SHIPPED,North
O00066,C0476,2026-06-18 00:34:42,PLACED,East
O00067,C0456,2026-02-20 00:00:00,SHIPPED,South
O00068,C0911,2026-03-29 09:38:52,PLACED,East
O00069,C0825,2025-03-28 11:53:39,SHIPPED,West
O00070,C0909,2025-07-15 21:15:15,PLACED,North
O00071,C0795,2024-07-25 01:03:34,PLACED,West
O00072,C0012,2025-04-02 22:40:28,RETURNED,West
O00073,C0351,2026-01-15 07:34:59,DELIVERED,East
O00074,C0538,2024-10-09 13:53:06,DELIVERED,North
O00075,C0476,2024-07-19 04:24:18,RETURNED,North
O00076,UNKNOWN,2025-04-16 07:43:05,PLACED,West
O00077,C0526,2025-06-22 17:29:35,SHIPPED,South
O00078,C0454,2025-02-07 07:37:52,CANCELLED,East
O00079,C0931,2025-12-01 05:50:30,SHIPPED,West
O00080,C0442,2026-05-23 19:26:25,PLACED,West
O00081,C0672,2024-12-16 00:00:00,RETURNED,North
O00082,C0341,2025-08-04 01:47:22,DELIVERED,South
O00083,UNKNOWN,2025-04-07 10:52:23,SHIPPED,East
O00084,C0312,2026-03-09 06:35:37,SHIPPED,South
O00085,C0698,2025-01-06 07:49:19,DELIVERED,East
O00086,C0571,2024-08-07 20:16:41,DELIVERED,West
O00087,C0785,2026-02-11 12:57:55,RETURNED,South
O00088,C0056,2026-03-18 07:04:09,CANCELLED,East
O00089,C0740,2026-04-30 00:34:34,SHIPPED,West
O00090,C0893,2025-08-10 00:18:35,SHIPPED,West
O00091,UNKNOWN,2024-08-02 18:56:03,PLACED,South
O00092,C0926,2025-06-12 10:55:04,RETURNED,South
O00093,C0442,2025-10-17 08:34:14,SHIPPED,East
O00094,C0331,2025-11-02 11:17:24,PLACED,South
O00095,C0704,2025-10-07 11:46:25,RETURNED,North
O00096,UNKNOWN,2026-07-08 22:39:36,SHIPPED,North
O00097,C0948,2024-09-29 14:48:46,DELIVERED,West
O00098,C0242,2024-12-08 01:21:17,RETURNED,North
O00099,C0615,2026-01-31 09:11:12,RETURNED,East
O00100,C0889,2025-12-01 17:27:31,RETURNED,South
O00101,C0925,2026-03-15 23:14:41,PLACED,East
O00102,C0928,2026-01-27 09:17:16,SHIPPED,East
O00103,C0984,2025-01-14 09:31:47,CANCELLED,West
O00104,C0801,2024-10-01 00:30:53,PLACED,North
O00105,C0123,2025-06-06 12:06:31,DELIVERED,East
O00106,C0876,2025-04-02 04:40:36,RETURNED,North
O00107,C0691,2026-06-10 00:08:11,RETURNED,East
O00108,C0444,2025-10-30 04:22:50,PLACED,North
O00109,C0101,2024-10-23 13:54:51,DELIVERED,North
O00110,C0256,2025-04-18 04:12:21,SHIPPED,South
O00111,C0207,2024-11-11 21:22:37,PLACED,West
O00112,C0720,2026-05-08 20:27:31,PLACED,East
O00113,C0689,2025-01-18 15:29:09,PLACED,East
O00114,C0458,2025-08-14 01:12:00,SHIPPED,East
O00115,C0036,2025-06-09 03:11:44,CANCELLED,West
O00116,C0932,2026-03-30 13:33:15,DELIVERED,North
O00117,C0953,2026-01-11 22:54:10,PLACED,West
O00118,C0484,2026-03-17 12:37:19,SHIPPED,East
O00119,C0654,2026-02-24 06:12:42,CANCELLED,West
O00120,C0756,2024-11-14 11:19:25,SHIPPED,East
O00121,C0406,2025-02-11 07:49:03,RETURNED,East
O00122,C0999,2026-03-14 14:56:21,SHIPPED,North
O00123,C0755,2025-01-11 00:29:28,DELIVERED,East
O00124,C0521,2024-11-27 15:01:37,CANCELLED,East
O00125,C0778,2026-06-15 00:16:38,RETURNED,North
O00126,C0788,2025-01-23 11:31:16,RETURNED,South
O00127,C0536,2025-04-13 08:47:59,SHIPPED,South
O00128,C0482,2025-11-01 03:46:43,PLACED,South
O00129,C0830,2024-07-29 08:03:14,PLACED,South
O00130,C0875,2025-08-24 18:50:02,RETURNED,South
O00131,C0784,2025-01-19 13:41:15,DELIVERED,West
O00132,C0295,2024-09-01 08:04:17,RETURNED,North
O00133,C0460,2026-04-17 08:21:46,RETURNED,South
O00134,C0221,2024-11-23 13:02:41,DELIVERED,South
O00135,C0722,2026-02-19 19:52:27,RETURNED,South
O00136,C0067,2024-12-04 07:56:59,DELIVERED,East
O00137,C0262,2025-11-10 09:25:26,RETURNED,South
O00138,C0519,2026-07-01 20:27:06,RETURNED,South
O00139,C0225,2026-02-19 03:45:31,RETURNED,North
O00140,C0986,2024-07-12 18:08:48,RETURNED,North
O00141,C0992,2026-04-11 09:49:52,DELIVERED,South
O00142,C0664,2025-04-04 10:18:23,CANCELLED,South
O00143,C0795,2026-04-18 07:44:02,DELIVERED,West
O00144,C0932,2026-05-30 05:23:32,DELIVERED,West
O00145,UNKNOWN,2025-05-04 16:38:39,DELIVERED,South
O00146,C0823,2024-07-16 01:36:14,SHIPPED,West
O00147,C0917,2025-06-21 05:20:09,SHIPPED,North
O00148,C0350,2026-07-04 22:53:46,SHIPPED,East
O00149,C0981,2026-03-08 12:50:01,SHIPPED,South
O00150,C0177,2026-05-08 07:24:19,SHIPPED,East
O00151,C0894,2025-11-08 18:59:00,RETURNED,East
O00152,C0546,2024-07-30 08:52:55,CANCELLED,East
O00153,C0728,2026-03-05 01:20:00,SHIPPED,South
O00154,C0770,2024-09-15 05:07:58,DELIVERED,West
O00155,C0712,2026-06-08 02:34:35,CANCELLED,South
O00156,C0267,2025-04-21 00:57:32,DELIVERED,East
O00157,C0840,2026-01-11 16:08:26,DELIVERED,North
O00158,C0730,2025-02-08 19:29:44,CANCELLED,West
O00159,C0807,2026-03-11 20:06:42,DELIVERED,West
O00160,C0832,2025-10-10 01:13:29,SHIPPED,West
O00161,C0313,2026-02-08 08:56:59,DELIVERED,West
O00162,C0930,2026-01-02 06:02:07,DELIVERED,North
O00163,C0739,2025-12-07 23:09:01,CANCELLED,East
O00164,C0688,2026-04-14 08:56:42,DELIVERED,West
O00165,UNKNOWN,2024-12-24 02:49:01,DELIVERED,West
O00166,C0143,2026-03-07 21:23:36,SHIPPED,West
O00167,C0346,2026-02-18 19:05:40,RETURNED,South
O00168,C0558,2026-02-11 15:19:21,PLACED,East
O00169,C0346,2026-07-08 10:43:37,RETURNED,West
O00170,C0681,2025-12-01 11:18:32,PLACED,West
O00171,C0466,2026-06-03 12:39:33,RETURNED,North
O00172,C0058,2025-03-27 13:40:01,SHIPPED,East
O00173,C0721,2025-02-14 15:14:45,SHIPPED,South
O00174,C0324,2024-12-30 15:17:25,RETURNED,South
O00175,C0701,2024-10-17 10:36:33,PLACED,West
O00176,C0758,2024-12-11 06:09:32,RETURNED,East
O00177,UNKNOWN,2026-04-30 12:40:18,PLACED,South
O00178,C0768,2026-03-24 01:03:38,RETURNED,South
O00179,C0140,2024-10-02 12:30:19,PLACED,North
O00180,C0800,2025-04-24 13:49:55,PLACED,West
O00181,UNKNOWN,2024-11-11 22:42:21,DELIVERED,North
O00182,C0387,2025-09-23 00:57:29,DELIVERED,North
O00183,C0935,2025-08-10 08:44:59,CANCELLED,North
O00184,UNKNOWN,2024-09-30 14:15:07,DELIVERED,East
O00185,C0204,2025-04-02 00:14:09,PLACED,South
O00186,C0626,2024-10-27 04:32:58,SHIPPED,East
O00187,C0760,2025-12-10 10:58:05,PLACED,North
O00188,C0917,2026-04-26 19:34:25,SHIPPED,West
O00189,UNKNOWN,2024-10-11 14:32:56,DELIVERED,North
O00190,C0456,2026-04-16 04:02:24,DELIVERED,West
O00191,C0839,2025-05-13 18:05:30,PLACED,South
O00192,UNKNOWN,2024-12-25 20:49:12,CANCELLED,South
O00193,C0300,2025-03-06 12:22:17,PLACED,East
O00194,C0362,2025-06-24 08:56:41,RETURNED,North
O00195,C0559,2024-11-10 14:02:26,SHIPPED,South
O00196,C0554,2025-04-08 04:04:49,SHIPPED,South
O00197,C0419,2024-09-17 11:00:03,CANCELLED,South
O00198,C0840,2024-08-23 10:55:26,SHIPPED,South
O00199,C0993,2026-05-07 01:55:39,RETURNED,West
O00200,C0936,2025-06-01 15:40:39,RETURNED,North
O00201,C0126,2025-04-04 07:36:45,RETURNED,North
O00202,C0731,2025-03-20 05:57:05,PLACED,West
O00203,C0909,2025-05-15 23:19:14,DELIVERED,East
O00204,C0998,2024-12-16 12:04:57,DELIVERED,West
O00205,C0576,2025-06-14 05:24:03,PLACED,West
O00206,C0633,2026-07-11 09:24:02,DELIVERED,South
O00207,C0212,2025-05-30 18:41:44,PLACED,West
O00208,C0270,2025-01-10 16:41:55,RETURNED,North
O00209,C0935,2026-01-08 08:31:12,SHIPPED,South
O00210,C0548,2026-04-25 09:32:01,RETURNED,South
O00211,C0126,2024-02-09 00:00:00,RETURNED,North
O00212,C0806,2025-09-21 17:11:47,CANCELLED,West
O00213,C0452,2026-01-22 07:33:31,CANCELLED,West
O00214,C0763,2025-07-23 17:06:47,SHIPPED,West
O00215,C0574,2025-03-04 18:35:06,DELIVERED,North
O00216,C0245,2024-11-12 13:34:58,RETURNED,East
O00217,C0302,2026-06-29 23:53:23,SHIPPED,South
O00218,C0172,2025-03-25 12:32:34,PLACED,North
O00219,C0491,2024-10-26 03:49:03,DELIVERED,East
O00220,C0193,2026-03-06 20:33:11,DELIVERED,West
O00221,C0746,2024-12-20 14:55:42,DELIVERED,North
O00222,C0001,2024-08-11 21:13:56,RETURNED,South
O00223,C0442,2025-03-05 08:17:26,DELIVERED,West
O00224,C0796,2025-04-01 13:03:16,PLACED,North
O00225,C0201,2025-05-23 05:20:17,SHIPPED,East
O00226,C0283,2024-09-12 21:16:26,CANCELLED,South
O00227,C0440,2025-06-19 18:19:38,RETURNED,North
O00228,C0174,2026-04-19 16:23:14,SHIPPED,West
O00229,C0432,2026-02-11 18:25:09,CANCELLED,North
O00230,C0388,2025-05-10 16:14:51,SHIPPED,West
O00231,C0603,2025-03-05 15:58:12,DELIVERED,North
O00232,C0844,2025-02-11 22:35:47,DELIVERED,North
O00233,C0333,2025-12-22 01:44:06,DELIVERED,West
O00234,C0030,2024-07-22 12:15:28,RETURNED,North
O00235,C0569,2025-01-15 16:31:17,PLACED,South
O00236,C0639,2024-09-15 09:17:49,PLACED,West
O00237,C0131,2024-08-18 13:40:37,DELIVERED,North
O00238,C0624,2024-10-15 09:40:49,CANCELLED,South
O00239,C0329,2025-02-12 14:30:20,SHIPPED,South
O00240,C0548,2025-11-03 16:54:17,CANCELLED,East
O00241,C0339,2025-06-30 09:15:00,PLACED,West
O00242,C0713,2025-01-16 12:01:25,RETURNED,South
O00243,C0980,2024-11-30 10:18:53,DELIVERED,North
O00244,C0792,2026-05-21 17:23:53,CANCELLED,South
O00245,C0757,2024-10-04 17:45:46,SHIPPED,East
O00246,C0281,2026-03-10 16:47:53,RETURNED,South
O00247,C0089,2024-07-16 11:40:51,SHIPPED,South
O00248,C0855,2025-10-20 09:37:40,CANCELLED,North
O00249,C0005,2024-12-26 06:20:55,CANCELLED,North
O00250,C0266,2026-03-15 21:41:20,DELIVERED,East
O00251,C0835,2025-09-05 22:17:33,SHIPPED,South
O00252,C0877,2025-12-15 19:58:53,RETURNED,South
O00253,C0696,2024-10-25 03:24:15,RETURNED,West
O00254,C0658,2026-01-01 18:33:51,PLACED,East
O00255,C0469,2026-03-26 12:57:55,DELIVERED,West
O00256,C0887,2025-09-10 15:05:43,PLACED,East
O00257,C0189,2026-01-02 05:20:42,CANCELLED,South
O00258,C0269,2026-04-24 01:25:04,DELIVERED,West
O00259,C0633,2025-08-24 23:17:55,DELIVERED,North
O00260,C0684,2025-09-07 14:27:52,PLACED,North
O00261,C0724,2025-10-03 19:30:51,DELIVERED,West
O00262,C0991,2024-12-21 08:22:55,RETURNED,South
O00263,C0805,2025-05-06 19:54:58,SHIPPED,East
O00264,C0231,2025-08-17 14:09:28,SHIPPED,North
O00265,C0652,2026-04-24 22:36:11,CANCELLED,South
O00266,C0781,2025-04-15 10:50:28,PLACED,South
O00267,C0643,2025-08-29 11:43:25,CANCELLED,South
O00268,C0440,2025-12-09 10:57:50,CANCELLED,East
O00269,C0671,2025-11-05 00:00:00,DELIVERED,North
O00270,C0165,2026-07-11 02:35:48,SHIPPED,North
O00271,C0204,2025-01-28 00:29:24,CANCELLED,West
O00272,C0582,2025-03-10 09:05:10,DELIVERED,South
O00273,C0126,2025-08-25 20:24:16,SHIPPED,South
O00274,C0392,2026-01-13 01:27:18,CANCELLED,South
O00275,C0319,2025-06-01 07:12:00,SHIPPED,West
O00276,C0609,2026-02-09 08:26:37,SHIPPED,North
O00277,UNKNOWN,2024-07-31 23:11:30,CANCELLED,East
O00278,UNKNOWN,2025-08-16 03:15:48,PLACED,West
O00279,C0347,2024-10-14 22:55:37,CANCELLED,West
O00280,C0074,2025-04-08 10:31:40,SHIPPED,East
O00281,C0174,2025-04-14 01:36:39,SHIPPED,East
O00282,UNKNOWN,2024-12-16 18:53:05,CANCELLED,West
O00283,C0115,2026-07-08 07:58:26,SHIPPED,West
O00284,C0856,2026-04-29 21:33:42,RETURNED,North
O00285,C0072,2024-10-22 21:37:48,SHIPPED,South
O00286,C0438,2024-11-06 12:33:19,CANCELLED,West
O00287,C0680,2025-04-18 02:46:15,PLACED,South
O00288,C0215,2024-11-11 15:44:49,CANCELLED,East
O00289,C0564,2025-10-19 23:44:36,CANCELLED,East
O00290,C0787,2025-06-14 20:49:31,SHIPPED,South
O00291,C0450,2025-03-05 07:27:41,CANCELLED,East
O00292,C0557,2025-12-27 07:56:22,RETURNED,East
O00293,C0920,2026-03-20 05:22:14,DELIVERED,West
O00294,C0090,2025-05-06 16:08:50,DELIVERED,North
O00295,C0600,2026-04-05 07:49:02,RETURNED,North
O00296,C0522,2026-03-04 03:23:56,DELIVERED,West
O00297,C0825,2024-11-28 02:37:52,RETURNED,West
O00298,C0407,2025-10-24 14:27:03,SHIPPED,South
O00299,C0611,2025-03-16 11:03:04,RETURNED,East
O00300,C0296,2025-11-24 22:50:41,PLACED,South
O00301,C0466,2025-03-26 17:55:59,SHIPPED,West
O00302,C0244,2026-04-24 18:11:30,DELIVERED,West
O00303,C0083,2024-10-27 23:20:12,SHIPPED,East
O00304,C0757,2024-12-09 00:00:00,PLACED,West
O00305,C0047,2024-12-30 10:01:28,DELIVERED,East
O00306,C0784,2026-05-04 23:26:36,RETURNED,East
O00307,C0038,2024-09-10 04:53:27,SHIPPED,South
O00308,C0417,2024-11-03 13:18:38,DELIVERED,South
O00309,C0119,2024-08-11 11:59:35,RETURNED,North
O00310,C0454,2025-10-15 11:09:24,RETURNED,North
O00311,C0033,2026-02-22 11:11:37,CANCELLED,West
O00312,C0796,2025-09-27 14:29:34,RETURNED,West
O00313,C0426,2024-11-29 13:31:58,DELIVERED,South
O00314,C0012,2025-12-23 02:26:04,DELIVERED,West
O00315,C0336,2025-10-21 16:46:52,DELIVERED,North
O00316,C0554,2026-02-16 21:00:38,RETURNED,South
O00317,C0394,2025-06-09 16:26:28,CANCELLED,South
O00318,C0352,2025-12-09 23:02:47,PLACED,East
O00319,C0705,2026-06-30 08:25:35,DELIVERED,North
O00320,C0202,2025-06-28 22:05:23,RETURNED,West
O00321,UNKNOWN,2026-05-13 06:05:33,SHIPPED,West
O00322,C0322,2026-05-23 03:08:13,SHIPPED,North
O00323,C0421,2026-01-26 00:00:00,CANCELLED,East
O00324,C0320,2024-10-15 15:24:55,SHIPPED,North
O00325,C0852,2024-10-28 19:06:42,RETURNED,North
O00326,UNKNOWN,2025-05-21 11:31:35,RETURNED,North
O00327,C0309,2024-12-26 01:16:43,RETURNED,West
O00328,C0439,2026-04-07 06:36:02,CANCELLED,South
O00329,C0144,2026-05-13 02:29:01,CANCELLED,West
O00330,C0435,2025-04-17 18:58:52,PLACED,East
O00331,C0443,2025-12-15 07:36:22,PLACED,East
O00332,C0046,2026-01-22 01:16:00,PLACED,North
O00333,C0532,2024-08-26 22:11:23,PLACED,South
O00334,C0247,2024-08-06 12:22:52,CANCELLED,East
O00335,C0160,2024-10-26 02:43:02,CANCELLED,North
O00336,C0799,2024-11-02 08:37:55,PLACED,North
O00337,C0036,2025-05-28 10:53:40,CANCELLED,West
O00338,C0057,2025-12-17 20:36:15,DELIVERED,East
O00339,C0613,2025-06-09 19:00:14,RETURNED,West
O00340,C0667,2026-02-15 00:00:00,CANCELLED,East
O00341,UNKNOWN,2026-01-24 18:16:55,CANCELLED,North
O00342,C0688,2026-01-28 23:17:57,PLACED,East
O00343,C0396,2025-10-04 23:02:40,RETURNED,South
O00344,C0297,2025-07-03 13:16:03,CANCELLED,West
O00345,C0212,2024-10-08 19:01:54,SHIPPED,East
O00346,C0193,2025-09-02 11:59:21,SHIPPED,North
O00347,C0845,2025-12-20 05:49:09,PLACED,East
O00348,C0198,2026-03-11 22:08:17,SHIPPED,North
O00349,C0593,2025-04-17 13:39:11,PLACED,South
O00350,UNKNOWN,2025-04-22 05:57:54,PLACED,South
O00351,C0300,2025-12-27 03:47:16,SHIPPED,West
O00352,C0475,2024-11-29 09:03:19,CANCELLED,North
O00353,C0836,2025-01-24 03:33:16,SHIPPED,South
O00354,C0042,2024-07-24 12:56:20,RETURNED,North
O00355,C0662,2025-02-15 07:35:26,PLACED,East
O00356,C0387,2025-12-10 15:07:17,CANCELLED,West
O00357,C0111,2025-10-09 17:25:00,PLACED,North
O00358,UNKNOWN,2025-02-27 16:19:48,RETURNED,East
O00359,C0488,2025-12-04 00:00:00,PLACED,North
O00360,C0993,2024-09-24 05:34:00,SHIPPED,West
O00361,C0655,2026-06-26 00:00:00,RETURNED,South
O00362,C0534,2025-09-15 18:47:16,RETURNED,West
O00363,C0631,2025-03-24 03:43:20,PLACED,West
O00364,C0478,2024-08-28 10:15:30,RETURNED,East
O00365,C0245,2025-04-03 13:28:58,CANCELLED,North
O00366,C0391,2024-10-28 01:07:47,CANCELLED,West
O00367,C0221,2024-08-06 22:21:32,RETURNED,East
O00368,C0006,2026-05-22 00:56:54,CANCELLED,North
O00369,C0640,2026-02-16 23:35:06,PLACED,East
O00370,C0028,2025-08-02 01:20:39,SHIPPED,East
O00371,C0067,2026-05-18 20:10:32,RETURNED,South
O00372,C0808,2024-11-30 16:48:17,CANCELLED,West
O00373,C0552,2026-06-15 18:49:14,CANCELLED,South
O00374,C0518,2025-11-30 22:09:40,RETURNED,North
O00375,C0332,2024-12-23 10:14:04,DELIVERED,East
O00376,C0311,2025-01-26 09:38:57,RETURNED,West
O00377,C0399,2025-08-14 20:05:17,PLACED,West
O00378,C0318,2024-08-10 14:36:24,PLACED,North
O00379,C0335,2026-06-21 18:50:05,CANCELLED,North
O00380,C0259,2024-09-28 06:07:26,DELIVERED,East
O00381,C0638,2026-02-11 12:16:06,DELIVERED,North
O00382,C0841,2026-03-06 10:22:00,CANCELLED,South
O00383,C0274,2025-04-23 03:24:22,CANCELLED,North
O00384,C0455,2026-06-01 09:00:03,DELIVERED,North
O00385,C0017,2026-04-18 20:43:18,PLACED,South
O00386,C0500,2024-09-08 17:15:22,DELIVERED,North
O00387,C0546,2026-01-27 01:19:58,SHIPPED,North
O00388,C0827,2024-09-24 23:22:47,SHIPPED,North
O00389,C0360,2025-11-19 20:11:09,SHIPPED,East
O00390,UNKNOWN,2026-05-11 09:13:35,DELIVERED,East
O00391,C0132,2025-11-17 20:14:01,PLACED,South
O00392,C0055,2025-10-02 10:53:25,CANCELLED,North
O00393,C0936,2025-08-22 10:58:00,SHIPPED,South
O00394,C0112,2025-03-09 05:59:05,RETURNED,North
O00395,C0217,2025-08-22 15:18:40,DELIVERED,West
O00396,C0932,2024-10-30 01:21:57,SHIPPED,North
O00397,C0052,2026-05-30 18:04:16,SHIPPED,East
O00398,C0993,2025-05-22 09:41:39,CANCELLED,North
O00399,C0083,2025-02-26 19:01:03,DELIVERED,South
O00400,C0424,2024-08-23 23:46:04,PLACED,East
O00401,C0949,2025-08-27 06:14:51,DELIVERED,South
O00402,C0334,2024-07-19 07:58:27,DELIVERED,East
O00403,C0462,2025-04-17 04:42:13,CANCELLED,West
O00404,C0228,2025-03-06 11:03:40,RETURNED,West
O00405,C0006,2025-02-20 23:55:19,RETURNED,North
O00406,C0205,2025-01-26 07:29:29,DELIVERED,West
O00407,C0814,2025-01-17 00:18:02,CANCELLED,East
O00408,C0677,2025-08-23 22:26:29,SHIPPED,East
O00409,C0973,2025-05-17 00:00:00,CANCELLED,East
O00410,C0704,2025-10-11 22:33:37,RETURNED,East
O00411,C0833,2026-05-13 01:34:29,PLACED,North
O00412,C0617,2026-05-08 11:19:07,SHIPPED,West
O00413,C0802,2026-07-06 03:42:39,DELIVERED,South
O00414,C0324,2025-08-01 04:06:57,CANCELLED,East
O00415,C0985,2024-08-08 22:38:55,RETURNED,West
O00416,C0942,2025-05-13 06:45:07,PLACED,West
O00417,C0701,2025-11-11 23:10:34,PLACED,West
O00418,C0240,2025-08-05 00:00:00,PLACED,East
O00419,C0116,2024-07-23 23:02:18,RETURNED,East
O00420,C0634,2026-06-01 10:21:58,CANCELLED,South
O00421,C0201,2025-10-09 18:33:54,RETURNED,West
O00422,C0629,2024-11-24 19:34:42,PLACED,West
O00423,C0433,2024-10-23 03:14:35,RETURNED,West
O00424,C0718,2026-02-04 11:00:31,DELIVERED,North
O00425,C0926,2025-08-29 22:12:31,RETURNED,West
O00426,C0166,2025-01-22 12:04:31,PLACED,East
O00427,C0295,2024-12-18 09:04:32,SHIPPED,West
O00428,C0463,2026-05-02 11:51:49,PLACED,North
O00429,C0546,2026-03-17 19:19:50,DELIVERED,North
O00430,C0657,2026-06-07 11:58:30,SHIPPED,West
O00431,C0536,2025-10-01 21:25:16,CANCELLED,South
O00432,C0942,2024-09-19 08:32:32,SHIPPED,East
O00433,C0594,2024-09-24 21:50:05,DELIVERED,North
O00434,C0578,2026-01-04 10:14:29,SHIPPED,South
O00435,C0760,2024-07-17 22:46:12,RETURNED,South
O00436,C0528,2025-10-27 15:32:09,CANCELLED,North
O00437,C0295,2025-05-10 09:39:57,RETURNED,West
O00438,C0717,2025-05-22 00:00:00,SHIPPED,West
O00439,C0135,2024-11-30 11:41:39,RETURNED,North
O00440,C0625,2025-11-22 03:53:39,PLACED,South
O00441,C0575,2024-10-31 17:58:32,CANCELLED,North
O00442,C0688,2025-09-27 21:30:41,RETURNED,East
O00443,C0494,2025-04-23 17:44:38,RETURNED,North
O00444,C0345,2025-05-03 12:17:40,DELIVERED,South
O00445,C0430,2025-09-03 05:52:54,CANCELLED,North
O00446,C0807,2025-03-11 14:15:38,PLACED,North
O00447,C0195,2025-10-03 23:22:14,CANCELLED,South
O00448,C0832,2025-04-29 09:01:46,PLACED,South
O00449,C0784,2026-04-13 17:16:39,PLACED,South
O00450,C0584,2025-10-01 20:26:36,DELIVERED,North
O00451,C0737,2026-06-20 00:29:16,DELIVERED,West
O00452,C0621,2026-01-17 19:19:58,SHIPPED,South
O00453,C0150,2025-03-20 15:21:12,RETURNED,West
O00454,C0084,2024-09-14 21:54:59,PLACED,North
O00455,C0096,2025-09-19 09:14:43,CANCELLED,East
O00456,C0863,2025-12-16 05:37:12,RETURNED,East
O00457,C0196,2024-11-05 02:27:44,CANCELLED,South
O00458,C0878,2025-05-23 11:17:23,RETURNED,West
O00459,C0856,2025-03-20 18:04:31,DELIVERED,South
O00460,C0248,2024-07-11 14:22:30,CANCELLED,West
O00461,C0581,2024-09-19 00:32:56,CANCELLED,East
O00462,C0721,2025-12-21 00:08:05,RETURNED,South
O00463,C0910,2026-04-06 23:35:44,DELIVERED,West
O00464,C0967,2024-10-19 05:19:57,RETURNED,North
O00465,C0627,2025-06-10 18:25:11,CANCELLED,North
O00466,C0456,2025-06-19 00:30:28,RETURNED,East
O00467,C0336,2025-02-21 09:55:17,RETURNED,North
O00468,C0519,2025-01-02 04:21:30,RETURNED,North
O00469,C0604,2025-01-05 14:17:12,SHIPPED,East
O00470,C0780,2025-12-19 19:29:09,CANCELLED,East
O00471,C0652,2026-04-03 01:46:39,CANCELLED,South
O00472,C0915,2025-10-21 18:02:36,RETURNED,East
O00473,C0376,2025-05-18 12:31:56,DELIVERED,North
O00474,C0600,2026-04-09 11:35:54,RETURNED,West
O00475,C0776,2026-03-27 16:02:03,SHIPPED,East
O00476,C0340,2025-03-28 14:24:43,PLACED,East
O00477,C0805,2024-09-04 06:47:21,RETURNED,West
O00478,C0859,2025-06-09 18:50:10,DELIVERED,South
O00479,C0325,2024-09-02 10:47:49,PLACED,South
O00480,C0993,2026-05-02 10:07:34,DELIVERED,North
O00481,C0076,2026-07-05 02:46:50,SHIPPED,West
O00482,C0494,2025-05-13 12:36:31,SHIPPED,North
O00483,UNKNOWN,2024-12-03 09:17:30,CANCELLED,North
O00484,C0310,2025-02-28 04:02:07,SHIPPED,North
O00485,C0927,2025-01-02 15:38:49,SHIPPED,West
O00486,C0292,2026-03-22 23:40:29,CANCELLED,South
O00487,C0533,2024-11-30 12:29:26,CANCELLED,West
O00488,C0735,2024-10-02 18:21:22,CANCELLED,North
O00489,C0087,2026-04-19 00:00:00,RETURNED,West
O00490,C0722,2024-12-02 09:35:07,SHIPPED,East
O00491,C0132,2025-08-28 19:52:05,CANCELLED,South
O00492,C0048,2026-01-03 02:20:25,RETURNED,North
O00493,C0374,2025-02-24 20:02:57,PLACED,North
O00494,C0999,2025-02-01 00:00:00,SHIPPED,West
O00495,C0717,2025-03-09 17:06:25,RETURNED,East
O00496,C0220,2025-10-22 12:30:49,RETURNED,East
O00497,C0574,2024-10-22 19:45:16,RETURNED,East
O00498,C0143,2024-10-07 22:09:21,CANCELLED,West
O00499,C0658,2026-03-22 15:57:32,DELIVERED,South
O00500,UNKNOWN,2025-04-30 00:30:21,DELIVERED,South
O00501,C0664,2024-10-02 14:15:02,RETURNED,East
O00502,C0862,2025-07-11 02:50:53,DELIVERED,South
O00503,C0076,2025-02-23 16:58:23,CANCELLED,West
O00504,C0925,2026-06-04 11:28:55,DELIVERED,East
O00505,C0624,2026-02-05 01:45:33,CANCELLED,South
O00506,C0738,2026-05-01 00:27:15,PLACED,East
O00507,C0414,2025-07-08 22:34:22,DELIVERED,West
O00508,C0301,2025-07-13 10:04:47,RETURNED,West
O00509,C0517,2026-03-07 21:58:37,DELIVERED,East
O00510,C0851,2025-12-22 16:23:40,DELIVERED,East
O00511,C0178,2025-03-11 22:14:51,SHIPPED,South
O00512,C0154,2024-08-26 00:00:00,SHIPPED,East
O00513,UNKNOWN,2024-11-05 11:22:55,SHIPPED,North
O00514,C0299,2024-10-21 00:39:16,SHIPPED,South
O00515,C0147,2025-06-01 02:21:03,SHIPPED,East
O00516,C0287,2025-12-08 21:04:53,DELIVERED,East
O00517,C0561,2026-05-09 21:51:17,SHIPPED,East
O00518,C0942,2024-11-17 17:52:44,CANCELLED,East
O00519,C0427,2026-07-09 12:12:30,RETURNED,South
O00520,C0750,2026-01-28 14:51:35,RETURNED,North
O00521,C0653,2024-08-04 04:14:21,RETURNED,South
O00522,C0911,2024-10-03 01:20:37,PLACED,East
O00523,C0760,2024-10-15 12:47:36,DELIVERED,East
O00524,UNKNOWN,2024-12-20 21:17:44,CANCELLED,East
O00525,C0273,2024-12-16 10:05:37,PLACED,North
O00526,C0739,2025-03-08 20:32:27,PLACED,South
O00527,C0680,2025-06-01 01:37:06,CANCELLED,East
O00528,UNKNOWN,2026-05-10 16:39:28,PLACED,South
O00529,C0959,2025-10-29 10:33:00,CANCELLED,West
O00530,C0292,2026-01-17 15:14:41,CANCELLED,East
O00531,C0456,2025-08-24 15:25:28,CANCELLED,South
O00532,C0721,2026-02-27 17:26:40,SHIPPED,South
O00533,UNKNOWN,2024-08-30 23:33:38,PLACED,East
O00534,C0056,2024-07-13 03:44:27,DELIVERED,West
O00535,C0322,2025-08-13 20:24:11,DELIVERED,East
O00536,C0165,2026-07-07 23:57:22,CANCELLED,West
O00537,C0383,2024-11-24 00:41:37,DELIVERED,North
O00538,C0841,2024-11-13 20:19:53,CANCELLED,South
O00539,C0874,2026-04-27 19:24:13,PLACED,East
O00540,C0655,2026-03-19 14:15:16,PLACED,North
O00541,C0630,2024-11-23 22:07:56,PLACED,West
O00542,C0859,2026-03-30 21:28:59,RETURNED,South
O00543,C0326,2026-07-02 05:46:21,CANCELLED,South
O00544,C0174,2024-11-02 02:54:29,PLACED,South
O00545,C1000,2024-09-28 18:42:23,RETURNED,West
O00546,C0739,2025-05-12 07:36:45,RETURNED,East
O00547,C0979,2025-03-03 16:56:34,SHIPPED,West
O00548,C0026,2025-06-10 09:09:31,PLACED,West
O00549,C0899,2024-10-09 06:25:31,CANCELLED,West
O00550,C0869,2024-11-18 07:45:43,SHIPPED,West
O00551,UNKNOWN,2026-04-10 06:28:26,PLACED,East
O00552,C0404,2026-05-08 02:01:11,SHIPPED,East
O00553,C0099,2024-07-27 00:00:00,SHIPPED,South
O00554,C0633,2025-07-14 04:13:57,DELIVERED,South
O00555,C0749,2026-01-07 03:36:46,DELIVERED,North
O00556,C0641,2024-08-17 01:32:35,DELIVERED,North
O00557,C0286,2025-12-18 04:24:59,RETURNED,West
O00558,C0169,2026-03-16 16:16:39,PLACED,West
O00559,C0335,2026-03-18 17:36:40,SHIPPED,South
O00560,C0675,2025-04-08 08:21:01,CANCELLED,West
O00561,C0341,2026-01-02 18:09:11,CANCELLED,East
O00562,C0449,2024-09-17 18:13:16,DELIVERED,East
O00563,C0594,2025-06-12 00:36:05,CANCELLED,South
O00564,C0685,2025-03-15 14:53:00,PLACED,West
O00565,C0366,2025-02-22 15:06:52,CANCELLED,East
O00566,C0842,2026-04-19 11:15:59,CANCELLED,West
O00567,UNKNOWN,2025-12-07 00:00:00,SHIPPED,West
O00568,C0756,2026-06-10 10:45:25,RETURNED,South
O00569,C0624,2024-12-02 00:16:49,SHIPPED,North
O00570,C0533,2025-01-08 02:57:02,SHIPPED,North
O00571,C0322,2024-12-05 11:56:59,PLACED,North
O00572,C0978,2025-07-26 16:09:21,CANCELLED,South
O00573,C0265,2024-09-18 11:08:26,CANCELLED,South
O00574,C0711,2024-12-29 11:13:36,DELIVERED,South
O00575,UNKNOWN,2024-12-04 21:17:56,DELIVERED,East
O00576,UNKNOWN,2024-12-21 22:05:20,CANCELLED,North
O00577,C0460,2025-10-02 13:47:01,DELIVERED,West
O00578,C0419,2024-08-30 22:56:19,CANCELLED,North
O00579,C0853,2025-07-17 03:27:28,SHIPPED,West
O00580,C0076,2026-05-08 23:25:59,PLACED,North
O00581,C0701,2025-03-30 12:34:06,CANCELLED,South
O00582,C0579,2026-04-01 02:40:35,DELIVERED,North
O00583,C0074,2026-03-31 08:13:06,SHIPPED,East
O00584,C0984,2026-02-25 22:10:58,DELIVERED,East
O00585,C0736,2026-02-08 15:17:14,SHIPPED,West
O00586,UNKNOWN,2025-07-24 17:50:03,CANCELLED,South
O00587,C0810,2025-02-24 04:56:11,CANCELLED,North
O00588,C0020,2025-01-21 17:32:33,SHIPPED,South
O00589,C0879,2026-06-18 00:00:00,DELIVERED,East
O00590,C0447,2024-07-28 10:34:18,PLACED,West
O00591,C0267,2025-11-11 06:03:28,PLACED,South
O00592,C0845,2025-10-16 09:15:36,DELIVERED,North
O00593,C0436,2024-11-17 08:24:47,SHIPPED,East
O00594,C0183,2025-02-02 19:51:29,DELIVERED,West
O00595,C0449,2025-02-21 05:15:49,DELIVERED,North
O00596,C0328,2026-01-30 00:00:00,CANCELLED,West
O00597,C0640,2025-04-30 17:21:31,DELIVERED,North
O00598,C0509,2025-06-05 13:44:49,DELIVERED,North
O00599,C0176,2026-01-30 23:14:29,RETURNED,North
O00600,C0220,2024-08-26 20:06:26,PLACED,North
O00601,C0969,2026-06-18 02:08:32,CANCELLED,East
O00602,C0514,2025-11-19 09:35:11,DELIVERED,South
O00603,C0329,2026-03-02 02:08:55,SHIPPED,West
O00604,C0607,2025-05-14 01:09:31,SHIPPED,East
O00605,C0729,2026-06-20 14:11:57,SHIPPED,North
O00606,C0075,2026-01-18 05:13:59,CANCELLED,South
O00607,C0132,2024-09-13 07:25:15,RETURNED,East
O00608,C0249,2024-12-08 16:05:19,CANCELLED,West
O00609,C0639,2024-11-12 05:22:49,RETURNED,East
O00610,C0224,2025-07-17 08:21:16,DELIVERED,North
O00611,C0838,2025-10-07 14:44:59,RETURNED,East
O00612,C0228,2025-12-14 01:04:46,DELIVERED,West
O00613,C0265,2025-06-30 05:40:34,SHIPPED,North
O00614,C0068,2025-08-13 13:14:42,SHIPPED,South
O00615,C0046,2026-02-05 19:32:10,DELIVERED,North
O00616,C0800,2025-12-03 09:19:44,DELIVERED,South
O00617,C0404,2026-02-11 10:40:13,DELIVERED,West
O00618,C0785,2025-08-29 11:42:53,CANCELLED,West
O00619,C0425,2025-05-14 17:25:36,PLACED,South
O00620,C0816,2025-01-23 23:09:42,DELIVERED,South
O00621,C0068,2026-02-26 19:17:36,SHIPPED,North
O00622,C0166,2025-02-26 22:53:07,DELIVERED,South
O00623,C0584,2024-12-09 09:48:52,CANCELLED,West
O00624,C0631,2026-02-10 22:50:10,RETURNED,South
O00625,C0840,2025-03-20 12:21:29,SHIPPED,North
O00626,UNKNOWN,2026-05-29 12:17:36,SHIPPED,East
O00627,UNKNOWN,2026-02-28 14:55:06,CANCELLED,North
O00628,C0148,2025-02-25 11:09:36,DELIVERED,East
O00629,C0277,2025-05-19 16:05:21,CANCELLED,West
O00630,C0177,2024-10-11 13:55:14,RETURNED,East
O00631,C0986,2025-08-27 12:27:09,DELIVERED,North
O00632,C0582,2025-07-24 10:06:42,CANCELLED,West
O00633,C0011,2024-11-22 07:23:39,RETURNED,East
O00634,C0426,2024-12-17 17:30:45,PLACED,East
O00635,C0907,2025-12-13 18:56:38,PLACED,North
O00636,C0755,2025-05-06 05:58:47,RETURNED,South
O00637,C0562,2026-01-07 09:04:27,DELIVERED,East
O00638,C0837,2024-11-20 06:04:58,RETURNED,East
O00639,C0710,2026-01-12 11:15:43,CANCELLED,East
O00640,C0084,2025-11-13 05:26:33,SHIPPED,North
O00641,C0471,2024-12-20 13:31:14,SHIPPED,North
O00642,C0856,2025-09-03 07:02:49,SHIPPED,East
O00643,C0316,2024-10-11 00:42:05,PLACED,North
O00644,C0741,2026-05-16 20:16:38,SHIPPED,West
O00645,UNKNOWN,2026-01-30 16:18:28,DELIVERED,South
O00646,C0057,2024-12-29 23:06:55,DELIVERED,West
O00647,C0742,2026-05-24 16:58:33,RETURNED,North
O00648,C0791,2024-07-14 05:51:21,DELIVERED,West
O00649,C0290,2025-04-10 19:26:02,CANCELLED,North
O00650,C0057,2025-03-02 10:53:52,RETURNED,South
O00651,C0374,2026-06-04 02:45:17,DELIVERED,South
O00652,C0431,2025-05-04 15:52:36,PLACED,North
O00653,C0431,2026-06-24 01:35:21,PLACED,South
O00654,C0115,2025-07-06 06:49:24,PLACED,East
O00655,C0169,2025-02-24 14:20:50,PLACED,North
O00656,C0612,2025-07-25 03:32:01,PLACED,West
O00657,UNKNOWN,2025-02-02 20:38:28,SHIPPED,South
O00658,C0951,2025-12-16 11:15:03,RETURNED,East
O00659,C0525,2024-07-19 03:20:25,RETURNED,West
O00660,C0543,2026-02-11 09:36:08,DELIVERED,East
O00661,C0383,2024-10-17 10:56:31,PLACED,North
O00662,C0016,2024-12-26 15:54:46,CANCELLED,North
O00663,C0694,2024-12-30 03:32:06,DELIVERED,West
O00664,C0861,2026-06-10 00:36:19,SHIPPED,West
O00665,C0420,2026-04-03 04:53:22,DELIVERED,West
O00666,C0317,2025-11-03 12:21:02,CANCELLED,East
O00667,C0699,2026-04-12 08:01:08,DELIVERED,East
O00668,C0108,2024-08-30 23:15:07,RETURNED,South
O00669,C0254,2025-04-03 16:17:14,PLACED,North
O00670,C0776,2025-10-30 16:24:14,PLACED,North
O00671,C0818,2024-07-21 23:03:07,SHIPPED,East
O00672,C0903,2025-07-08 16:58:05,RETURNED,North
O00673,C0903,2024-12-19 18:54:00,RETURNED,North
O00674,C0063,2025-07-26 10:28:38,PLACED,South
O00675,C0729,2024-12-20 18:39:32,CANCELLED,South
O00676,C0404,2026-04-07 14:01:53,SHIPPED,East
O00677,UNKNOWN,2025-02-05 01:17:03,PLACED,East
O00678,C0866,2025-03-28 00:00:00,PLACED,West
O00679,C0020,2025-03-31 20:38:11,DELIVERED,North
O00680,C0777,2025-08-03 10:49:44,DELIVERED,West
O00681,C0352,2026-04-09 01:14:54,DELIVERED,South
O00682,C0506,2026-02-19 10:40:39,DELIVERED,North
O00683,C0147,2025-06-30 07:42:48,RETURNED,South
O00684,C0078,2025-09-18 22:26:40,SHIPPED,North
O00685,C0375,2026-05-14 13:56:02,DELIVERED,South
O00686,C0545,2025-11-07 22:31:59,DELIVERED,South
O00687,C0008,2025-02-26 16:42:43,PLACED,South
O00688,C0963,2025-03-13 21:54:47,DELIVERED,South
O00689,C0845,2024-12-02 22:04:12,SHIPPED,East
O00690,C0161,2026-03-14 03:55:51,CANCELLED,South
O00691,C0978,2025-04-01 14:40:49,CANCELLED,East
O00692,C0907,2025-01-23 11:25:54,CANCELLED,East
O00693,C0415,2026-06-24 17:43:01,RETURNED,South
O00694,C0567,2026-02-24 02:18:01,PLACED,South
O00695,C0862,2025-12-11 23:48:11,RETURNED,East
O00696,C0795,2024-08-22 09:56:18,DELIVERED,North
O00697,C0713,2025-01-10 13:56:23,CANCELLED,East
O00698,C0594,2025-08-16 13:07:41,PLACED,West
O00699,C0882,2025-08-09 18:30:17,PLACED,South
O00700,C0525,2024-09-13 12:20:02,CANCELLED,South
O00701,C0382,2026-03-16 21:22:59,DELIVERED,East
O00702,C0778,2024-09-17 11:34:17,CANCELLED,West
O00703,C0172,2024-11-27 10:30:15,DELIVERED,West
O00704,C0106,2025-10-16 09:12:46,RETURNED,East
O00705,C0473,2025-11-07 06:11:31,SHIPPED,South
O00706,C0080,2025-09-22 14:51:58,PLACED,East
O00707,C0276,2026-04-11 07:43:44,PLACED,West
O00708,C0379,2025-03-12 23:17:47,DELIVERED,West
O00709,C0564,2026-02-03 11:26:21,PLACED,East
O00710,C0845,2024-09-30 07:28:05,DELIVERED,South
O00711,C0515,2025-10-29 15:20:27,PLACED,South
O00712,C0791,2025-01-22 04:58:10,SHIPPED,East
O00713,C0062,2026-01-30 18:32:27,DELIVERED,East
O00714,C0669,2026-04-22 00:00:00,RETURNED,West
O00715,UNKNOWN,2026-06-08 04:32:19,SHIPPED,West
O00716,C0243,2025-06-10 18:35:30,SHIPPED,South
O00717,C0090,2025-10-05 13:48:59,SHIPPED,West
O00718,C0817,2026-02-14 03:44:40,SHIPPED,East
O00719,C0586,2025-10-18 13:30:47,DELIVERED,South
O00720,C0049,2024-10-06 20:10:28,DELIVERED,West
O00721,UNKNOWN,2025-06-13 15:29:40,SHIPPED,North
O00722,C0759,2025-06-02 10:23:11,SHIPPED,North
O00723,C0054,2025-10-25 12:22:23,PLACED,East
O00724,C0719,2025-10-17 16:05:01,PLACED,East
O00725,C0139,2025-03-24 13:14:42,RETURNED,North
O00726,C0197,2025-03-21 14:10:59,DELIVERED,North
O00727,C0104,2026-06-02 03:15:51,PLACED,North
O00728,C0676,2025-11-28 22:13:36,RETURNED,West
O00729,C0539,2026-05-16 20:44:18,PLACED,West
O00730,C0569,2024-12-23 02:44:23,CANCELLED,North
O00731,C0389,2026-06-21 09:08:11,SHIPPED,North
O00732,C0103,2026-06-08 02:23:10,CANCELLED,South
O00733,C0447,2026-05-19 14:41:20,SHIPPED,South
O00734,C0616,2024-08-02 13:18:25,SHIPPED,East
O00735,C0336,2025-10-01 08:38:18,CANCELLED,East
O00736,C0549,2025-04-24 05:03:52,SHIPPED,North
O00737,C0165,2025-08-31 01:12:23,RETURNED,West
O00738,C0030,2024-10-02 10:00:42,RETURNED,East
O00739,C0066,2025-08-01 12:31:07,SHIPPED,South
O00740,C0795,2025-01-07 11:36:04,CANCELLED,South
O00741,C0335,2026-03-31 12:24:41,RETURNED,South
O00742,C0068,2026-01-28 07:52:35,SHIPPED,East
O00743,C0686,2025-12-03 00:00:00,DELIVERED,East
O00744,C0058,2024-09-14 14:09:37,DELIVERED,East
O00745,C0808,2025-07-15 20:53:10,PLACED,South
O00746,C0353,2025-08-13 16:47:58,PLACED,South
O00747,C0184,2026-03-11 16:47:16,CANCELLED,South
O00748,C0760,2026-03-04 19:13:13,SHIPPED,West
O00749,C0974,2026-10-01 00:00:00,PLACED,South
O00750,C0746,2025-12-21 15:22:32,DELIVERED,East
O00751,C0944,2024-11-28 00:00:00,CANCELLED,South
O00752,C0437,2026-04-13 04:18:38,RETURNED,South
O00753,C0256,2024-12-19 16:18:16,DELIVERED,North
O00754,C0673,2025-12-07 12:03:21,SHIPPED,South
O00755,C0086,2025-08-28 18:03:00,SHIPPED,South
O00756,C0293,2025-11-08 10:21:24,CANCELLED,South
O00757,C0190,2026-03-01 23:14:25,PLACED,West
O00758,UNKNOWN,2025-01-05 17:53:25,PLACED,North
O00759,C0900,2024-10-14 05:19:11,PLACED,West
O00760,C0737,2026-04-06 16:00:59,CANCELLED,West
O00761,C0732,2025-01-27 19:12:40,SHIPPED,North
O00762,C0691,2025-02-01 06:07:21,CANCELLED,North
O00763,C0509,2025-08-01 03:28:41,PLACED,West
O00764,C0106,2024-12-05 12:23:20,SHIPPED,South
O00765,C0967,2025-02-28 16:57:29,CANCELLED,East
O00766,C0341,2026-05-17 06:54:33,DELIVERED,South
O00767,C0474,2026-02-21 15:42:15,DELIVERED,West
O00768,C0003,2025-12-07 01:37:17,RETURNED,West
O00769,C0195,2025-12-28 18:11:14,PLACED,South
O00770,C0546,2024-09-13 06:11:27,RETURNED,West
O00771,C0756,2025-01-23 23:34:29,DELIVERED,South
O00772,C0330,2025-03-30 06:05:49,SHIPPED,East
O00773,C0119,2025-08-18 10:35:50,RETURNED,South
O00774,C0206,2025-01-20 09:09:18,DELIVERED,South
O00775,C0041,2025-08-05 03:26:06,RETURNED,North
O00776,C0154,2026-06-26 16:54:19,SHIPPED,West
O00777,C0022,2024-09-27 20:09:57,PLACED,East
O00778,C0923,2025-07-22 22:13:16,DELIVERED,West
O00779,C0035,2026-03-16 09:34:51,PLACED,East
O00780,C0412,2025-05-02 14:13:19,RETURNED,South
O00781,UNKNOWN,2026-02-02 05:35:38,PLACED,North
O00782,C0553,2026-03-09 09:12:50,DELIVERED,East
O00783,C0832,2025-01-14 02:58:15,CANCELLED,West
O00784,C0853,2026-03-10 08:17:41,SHIPPED,East
O00785,C0947,2025-11-30 06:25:37,SHIPPED,North
O00786,C0163,2024-11-24 06:18:52,DELIVERED,South
O00787,UNKNOWN,2024-10-19 17:16:57,DELIVERED,West
O00788,UNKNOWN,2026-02-18 11:24:41,RETURNED,South
O00789,C0267,2026-07-09 03:18:50,CANCELLED,East
O00790,C0274,2026-05-23 11:55:35,DELIVERED,East
O00791,C0013,2026-06-01 00:00:00,SHIPPED,North
O00792,C0503,2024-08-11 20:54:31,RETURNED,West
O00793,C0992,2024-11-22 17:33:19,PLACED,East
O00794,C0772,2025-03-14 21:35:20,PLACED,East
O00795,C0462,2025-05-22 07:27:47,DELIVERED,East
O00796,C0583,2025-01-07 00:08:32,PLACED,West
O00797,C0900,2026-01-30 15:12:49,PLACED,East
O00798,C0860,2024-12-09 03:03:22,CANCELLED,East
O00799,C0857,2025-08-26 23:32:46,PLACED,South
O00800,C0376,2025-09-20 12:27:07,CANCELLED,North
O00801,C0729,2024-10-28 22:04:51,SHIPPED,North
O00802,C0024,2026-03-27 14:07:43,DELIVERED,South
O00803,C0362,2026-02-15 22:35:23,CANCELLED,North
O00804,C0862,2026-04-04 04:20:01,PLACED,North
O00805,C0067,2025-07-12 04:51:44,DELIVERED,East
O00806,C0037,2026-04-22 11:10:52,PLACED,West
O00807,C0679,2026-04-23 03:15:18,RETURNED,East
O00808,C0404,2026-04-29 12:47:17,DELIVERED,East
O00809,C0761,2025-07-13 03:25:38,CANCELLED,West
O00810,C0453,2025-07-12 00:00:00,SHIPPED,South
O00811,C0632,2025-04-25 22:29:08,SHIPPED,North
O00812,C0186,2024-11-27 02:26:23,PLACED,West
O00813,C0018,2025-02-24 01:31:47,CANCELLED,East
O00814,C0412,2025-05-17 09:52:15,PLACED,West
O00815,C0292,2025-11-23 12:43:50,RETURNED,South
O00816,C0559,2025-10-11 12:17:20,SHIPPED,North
O00817,C0720,2025-10-02 15:07:17,CANCELLED,South
O00818,C0947,2026-03-04 10:22:52,SHIPPED,East
O00819,C0001,2024-07-14 02:22:01,CANCELLED,South
O00820,UNKNOWN,2024-10-01 01:12:12,PLACED,North
O00821,C0929,2025-03-04 16:07:15,DELIVERED,East
O00822,C0675,2026-03-01 21:55:46,RETURNED,South
O00823,C0032,2025-07-21 03:00:34,RETURNED,North
O00824,C0993,2024-10-16 10:11:08,CANCELLED,East
O00825,C0810,2024-10-25 16:21:53,SHIPPED,South
O00826,C0385,2024-12-26 13:35:23,SHIPPED,South
O00827,C0460,2026-05-30 10:13:59,CANCELLED,East
O00828,C0250,2026-04-11 12:56:14,CANCELLED,East
O00829,C0290,2026-01-04 12:15:32,SHIPPED,West
O00830,C0602,2026-03-27 19:29:40,RETURNED,East
O00831,C0128,2024-09-25 01:43:23,PLACED,South
O00832,C0251,2025-02-22 02:36:04,DELIVERED,North
O00833,C0213,2025-05-08 00:30:07,PLACED,West
O00834,C0124,2026-01-02 08:54:18,PLACED,South
O00835,C0751,2026-06-11 05:47:25,PLACED,East
O00836,C0047,2025-08-26 14:54:17,RETURNED,East
O00837,C0671,2025-02-05 00:08:42,DELIVERED,East
O00838,C0317,2025-01-25 11:46:07,CANCELLED,North
O00839,C0740,2025-10-18 15:40:19,SHIPPED,East
O00840,C0526,2025-02-25 22:00:36,SHIPPED,South
O00841,C0347,2026-02-10 04:37:14,SHIPPED,North
O00842,C0782,2025-04-05 19:09:50,DELIVERED,South
O00843,C0465,2025-01-05 13:07:31,CANCELLED,East
O00844,C0400,2024-09-30 09:40:39,RETURNED,West
O00845,C0487,2026-01-24 08:56:54,PLACED,North
O00846,C0761,2024-08-07 12:42:57,CANCELLED,West
O00847,C0497,2024-08-01 20:02:04,CANCELLED,North
O00848,C0828,2025-05-09 07:11:06,DELIVERED,West
O00849,C0356,2025-07-01 11:48:23,SHIPPED,East
O00850,C0979,2025-09-01 08:01:55,CANCELLED,South
O00851,C0873,2025-04-03 09:50:57,CANCELLED,West
O00852,C0594,2026-07-01 04:47:10,RETURNED,South
O00853,C0569,2026-01-20 01:52:41,DELIVERED,South
O00854,C0144,2024-09-06 03:07:13,DELIVERED,West
O00855,C0338,2025-12-04 07:08:27,RETURNED,West
O00856,C0840,2025-02-19 19:52:42,SHIPPED,East
O00857,C0103,2026-04-24 21:43:54,SHIPPED,North
O00858,C0303,2025-10-16 18:35:47,CANCELLED,North
O00859,UNKNOWN,2026-02-20 18:07:10,DELIVERED,North
O00860,C0331,2024-08-12 10:10:25,PLACED,East
O00861,C0061,2026-06-29 06:31:23,SHIPPED,East
O00862,UNKNOWN,2025-01-04 10:04:53,PLACED,East
O00863,C0897,2025-08-30 05:13:49,PLACED,South
O00864,C0776,2025-08-17 17:18:51,PLACED,South
O00865,C0731,2025-04-19 05:28:41,PLACED,North
O00866,C0779,2025-09-30 02:31:55,DELIVERED,North
O00867,C0913,2025-05-13 05:31:08,RETURNED,South
O00868,C0355,2025-08-29 07:29:55,CANCELLED,East
O00869,C0014,2026-02-24 11:35:08,RETURNED,North
O00870,C0108,2024-09-04 13:09:53,CANCELLED,South
O00871,C0240,2026-02-21 15:50:42,CANCELLED,West
O00872,C0537,2025-01-06 00:00:00,SHIPPED,South
O00873,C0853,2024-07-31 00:43:50,PLACED,South
O00874,C0473,2025-08-22 22:54:44,RETURNED,South
O00875,C0719,2024-07-12 02:32:57,DELIVERED,South
O00876,C0368,2024-08-20 03:10:06,RETURNED,East
O00877,C0284,2025-11-26 11:44:33,DELIVERED,North
O00878,C0440,2024-11-20 10:09:29,CANCELLED,West
O00879,C0909,2025-10-07 00:00:00,RETURNED,South
O00880,C0643,2024-10-02 02:20:41,SHIPPED,North
O00881,C0393,2024-12-22 13:24:15,DELIVERED,West
O00882,C0548,2025-10-18 04:25:13,SHIPPED,North
O00883,C0911,2024-10-04 12:24:32,SHIPPED,East
O00884,C0858,2025-05-21 03:25:51,CANCELLED,East
O00885,UNKNOWN,2025-06-21 21:06:05,PLACED,East
O00886,C0885,2025-01-04 00:11:21,PLACED,North
O00887,C0778,2026-05-17 10:25:45,RETURNED,South
O00888,C0197,2025-02-04 05:42:46,CANCELLED,South
O00889,C0139,2025-09-02 12:47:19,RETURNED,South
O00890,C0777,2025-06-21 04:05:47,CANCELLED,South
O00891,C0345,2025-01-28 10:00:40,CANCELLED,East
O00892,C0672,2025-06-25 08:24:15,DELIVERED,East
O00893,C0165,2025-07-19 07:14:43,DELIVERED,East
O00894,C0365,2026-04-10 23:37:08,PLACED,West
O00895,C0437,2026-05-15 04:47:37,CANCELLED,West
O00896,UNKNOWN,2024-09-07 22:56:30,SHIPPED,South
O00897,C0462,2025-11-21 02:50:21,CANCELLED,South
O00898,C0016,2025-10-24 11:39:05,DELIVERED,South
O00899,C0849,2025-01-08 13:54:13,SHIPPED,East
O00900,C0709,2026-06-18 04:13:07,PLACED,South
O00901,C0909,2025-12-12 06:44:11,CANCELLED,West
O00902,C0169,2025-11-13 10:30:37,PLACED,North
O00903,UNKNOWN,2024-08-16 10:41:55,DELIVERED,East
O00904,C0241,2025-04-26 09:46:46,SHIPPED,North
O00905,C0236,2026-06-05 04:33:35,CANCELLED,North
O00906,C0637,2025-09-11 04:34:32,SHIPPED,East
O00907,C0090,2024-11-24 23:05:51,RETURNED,North
O00908,C0289,2025-08-24 00:00:00,PLACED,West
O00909,C0722,2024-10-25 08:09:48,DELIVERED,North
O00910,C0861,2025-04-20 01:12:39,RETURNED,West
O00911,C0698,2025-01-11 02:27:29,SHIPPED,North
O00912,C0093,2024-11-06 08:09:15,PLACED,South
O00913,C0757,2025-10-02 19:53:31,PLACED,North
O00914,C0282,2024-08-09 18:32:00,SHIPPED,East
O00915,UNKNOWN,2025-05-02 09:15:20,CANCELLED,North
O00916,C0086,2026-02-17 09:28:46,PLACED,East
O00917,C0614,2025-01-20 07:50:45,SHIPPED,West
O00918,C0863,2024-09-03 04:36:36,CANCELLED,South
O00919,C0792,2024-10-10 02:06:00,DELIVERED,West
O00920,C0232,2024-11-20 05:22:52,PLACED,South
O00921,C0648,2025-06-15 19:06:26,RETURNED,South
O00922,C0855,2025-07-27 12:26:32,DELIVERED,East
O00923,C0296,2025-12-29 12:50:44,PLACED,West
O00924,C0163,2025-05-28 16:40:55,CANCELLED,South
O00925,C0086,2026-03-05 03:10:17,RETURNED,North
O00926,C0963,2026-01-07 18:23:55,SHIPPED,North
O00927,C0629,2026-05-09 07:00:07,SHIPPED,West
O00928,C0908,2025-12-18 00:41:54,SHIPPED,East
O00929,C0048,2025-09-16 10:00:50,DELIVERED,North
O00930,C0298,2024-11-01 02:33:23,CANCELLED,North
O00931,C0174,2026-01-16 11:33:33,DELIVERED,East
O00932,C0551,2026-05-15 00:00:00,SHIPPED,North
O00933,C0076,2024-11-02 17:56:10,DELIVERED,South
O00934,C0033,2024-08-27 13:32:27,DELIVERED,East
O00935,C0369,2025-03-20 20:01:35,CANCELLED,North
O00936,C0386,2024-09-30 09:25:59,SHIPPED,South
O00937,C0120,2024-12-21 00:02:51,CANCELLED,South
O00938,C0875,2026-01-23 02:29:46,PLACED,North
O00939,C0533,2026-06-01 08:06:08,DELIVERED,North
O00940,C0157,2025-03-27 05:44:46,CANCELLED,South
O00941,C0810,2024-09-06 22:25:58,CANCELLED,North
O00942,C0129,2025-01-17 08:38:16,RETURNED,South
O00943,C0304,2024-07-19 01:48:22,RETURNED,East
O00944,C0159,2024-07-11 10:36:20,SHIPPED,North
O00945,C0592,2024-09-18 21:46:25,CANCELLED,West
O00946,C0816,2026-05-18 20:20:35,CANCELLED,West
O00947,C0885,2025-02-19 03:38:14,SHIPPED,West
O00948,C0694,2025-02-07 23:54:17,SHIPPED,South
O00949,C0497,2025-12-07 08:39:54,CANCELLED,South
O00950,C0099,2025-06-19 16:20:50,CANCELLED,East
O00951,C0524,2025-06-22 20:28:26,PLACED,North
O00952,C0176,2025-11-07 06:43:13,SHIPPED,East
O00953,C0346,2024-08-24 20:36:38,PLACED,West
O00954,C0558,2026-03-22 12:04:14,DELIVERED,East
O00955,C0673,2024-10-30 16:02:10,CANCELLED,East
O00956,UNKNOWN,2024-08-07 11:41:45,PLACED,West
O00957,C0041,2025-06-09 07:16:26,RETURNED,South
O00958,C0545,2026-06-15 03:32:29,RETURNED,West
O00959,C0666,2024-10-19 23:09:08,CANCELLED,North
O00960,C0650,2026-02-12 05:28:14,DELIVERED,West
O00961,C0998,2025-09-19 22:04:56,SHIPPED,East
O00962,C0355,2025-12-31 21:34:27,CANCELLED,South
O00963,C0968,2024-07-28 22:59:58,SHIPPED,North
O00964,C0412,2025-03-21 00:00:00,CANCELLED,South
O00965,C0766,2025-11-22 09:55:18,PLACED,North
O00966,C0469,2026-06-06 01:25:43,PLACED,East
O00967,C0800,2024-09-19 01:49:03,SHIPPED,North
O00968,C0221,2026-02-03 11:25:35,PLACED,South
O00969,C0489,2026-05-08 15:13:03,CANCELLED,South
O00970,C0067,2024-07-29 10:30:26,RETURNED,East
O00971,C0183,2025-04-01 07:38:13,SHIPPED,West
O00972,C0647,2025-12-22 20:08:50,DELIVERED,West
O00973,C0964,2024-11-02 12:02:57,CANCELLED,South
O00974,C0999,2025-09-06 21:10:09,PLACED,West
O00975,C0925,2025-05-14 04:54:20,DELIVERED,North
O00976,C0753,2024-10-17 08:55:08,CANCELLED,West
O00977,C0166,2024-09-09 01:56:27,PLACED,West
O00978,C0648,2025-08-01 20:47:35,CANCELLED,South
O00979,C0850,2026-07-03 19:52:35,CANCELLED,South
O00980,UNKNOWN,2026-04-28 06:29:32,CANCELLED,East
O00981,C0742,2025-11-23 20:45:47,RETURNED,West
O00982,C0188,2025-04-17 15:52:58,DELIVERED,South
O00983,C0240,2025-09-15 09:52:02,PLACED,South
O00984,C0772,2025-06-28 07:24:12,CANCELLED,North
O00985,C0171,2025-03-27 21:45:41,SHIPPED,South
O00986,C0720,2025-12-13 22:33:05,SHIPPED,East
O00987,C0923,2026-01-31 04:21:47,PLACED,North
O00988,C0155,2024-09-09 03:33:51,SHIPPED,North
O00989,C0425,2026-05-18 10:51:54,SHIPPED,East
O00990,C0708,2025-08-06 03:09:34,PLACED,East
O00991,C0259,2025-10-28 11:08:05,CANCELLED,South
O00992,C0138,2025-09-11 07:04:17,RETURNED,North
O00993,C0891,2026-05-09 20:04:17,RETURNED,West
O00994,C0900,2024-11-14 07:32:09,SHIPPED,North
O00995,C0402,2024-09-06 19:32:04,CANCELLED,North
O00996,C0162,2025-06-12 09:34:06,CANCELLED,West
O00997,C0618,2025-02-28 22:35:32,SHIPPED,South
O00998,C0150,2026-05-09 15:09:51,DELIVERED,East
O00999,C0140,2026-03-20 08:57:13,CANCELLED,East
O01000,C0792,2024-10-06 21:00:14,CANCELLED,West
O01001,C0535,2024-11-27 14:29:33,DELIVERED,West
O01002,C0320,2026-02-09 01:30:38,SHIPPED,East
O01003,C0076,2025-05-17 10:04:11,DELIVERED,South
O01004,C0653,2024-10-27 04:45:27,PLACED,South
O01005,C0375,2025-02-13 07:02:53,DELIVERED,South
O01006,C0843,2025-02-16 18:36:16,RETURNED,West
O01007,C0891,2026-03-07 18:49:10,PLACED,East
O01008,C0790,2025-01-13 04:27:56,CANCELLED,East
O01009,C0641,2026-03-17 12:02:39,SHIPPED,West
O01010,C0990,2025-05-28 01:51:00,CANCELLED,North
O01011,C0061,2026-05-19 16:55:06,SHIPPED,West
O01012,C0257,2024-07-18 17:55:25,CANCELLED,South
O01013,C0796,2024-10-11 04:56:03,DELIVERED,North
O01014,C0098,2025-08-10 14:22:40,PLACED,East
O01015,C0472,2026-02-05 00:00:00,PLACED,West
O01016,C0607,2024-10-26 21:02:42,CANCELLED,North
O01017,C0539,2024-10-18 23:01:32,CANCELLED,East
O01018,UNKNOWN,2026-05-09 23:22:49,DELIVERED,East
O01019,C0256,2024-12-01 08:28:39,RETURNED,West
O01020,C0770,2024-12-04 23:15:09,SHIPPED,North
O01021,C0736,2026-07-02 18:16:08,SHIPPED,East
O01022,C0846,2025-09-15 00:31:52,DELIVERED,South
O01023,C0475,2025-07-23 18:53:57,SHIPPED,North
O01024,C0837,2024-11-23 21:50:53,CANCELLED,North
O01025,C0449,2025-04-01 03:48:51,CANCELLED,West
O01026,C0325,2026-06-06 17:20:55,CANCELLED,West
O01027,C0638,2024-11-18 21:41:16,CANCELLED,West
O01028,UNKNOWN,2025-02-13 21:37:37,PLACED,West
O01029,C0426,2026-05-24 23:21:03,DELIVERED,West
O01030,C0923,2025-02-25 14:39:27,CANCELLED,North
O01031,C0281,2026-05-17 09:22:27,SHIPPED,North
O01032,UNKNOWN,2025-10-12 06:49:14,CANCELLED,North
O01033,C0479,2025-08-20 11:47:56,PLACED,North
O01034,C0377,2025-10-21 06:10:55,RETURNED,North
O01035,C0058,2026-05-31 01:36:22,RETURNED,West
O01036,C0194,2026-05-15 05:01:30,CANCELLED,North
O01037,C0853,2026-01-30 14:51:51,SHIPPED,West
O01038,C0794,2024-06-12 00:00:00,PLACED,South
O01039,C0349,2024-12-17 04:30:45,SHIPPED,North
O01040,C0844,2026-01-16 21:11:54,RETURNED,North
O01041,C0405,2025-06-21 22:09:46,DELIVERED,West
O01042,C0786,2026-05-24 08:56:01,SHIPPED,North
O01043,C0063,2025-10-31 10:44:02,PLACED,West
O01044,C0950,2024-10-27 16:03:21,SHIPPED,East
O01045,C0081,2025-05-22 06:03:17,SHIPPED,West
O01046,C0153,2025-07-30 06:57:45,CANCELLED,East
O01047,C0272,2025-11-16 07:27:17,CANCELLED,North
O01048,C0586,2025-01-21 20:25:54,SHIPPED,East
O01049,C0217,2024-09-29 06:01:54,PLACED,South
O01050,C0359,2025-04-13 16:15:34,DELIVERED,West
O01051,UNKNOWN,2024-08-22 08:10:00,SHIPPED,West
O01052,C0733,2024-12-20 01:02:22,SHIPPED,South
O01053,C0055,2025-12-14 18:03:07,DELIVERED,South
O01054,C0117,2024-12-21 20:53:49,RETURNED,North
O01055,C0744,2025-04-10 00:00:00,DELIVERED,East
O01056,C0718,2026-03-03 05:08:30,RETURNED,East
O01057,C0503,2026-06-26 02:31:37,RETURNED,East
O01058,C0844,2025-04-08 03:47:45,SHIPPED,South
O01059,C0034,2025-11-19 00:48:31,RETURNED,South
O01060,C0120,2024-08-15 21:38:21,PLACED,West
O01061,C0336,2024-10-21 18:09:03,CANCELLED,East
O01062,C0827,2024-08-28 00:00:00,CANCELLED,West
O01063,C0360,2025-01-19 01:16:00,RETURNED,East
O01064,C0992,2024-07-22 17:42:05,SHIPPED,West
O01065,C0097,2025-02-04 16:50:40,CANCELLED,West
O01066,C0530,2024-12-17 12:37:02,CANCELLED,South
O01067,C0089,2026-05-09 13:17:19,PLACED,North
O01068,C0520,2026-01-24 10:18:40,CANCELLED,South
O01069,C0987,2025-08-30 15:50:49,PLACED,North
O01070,C0403,2026-02-24 02:50:07,SHIPPED,South
O01071,C0873,2025-08-28 15:16:47,DELIVERED,West
O01072,UNKNOWN,2025-11-15 00:34:29,DELIVERED,West
O01073,C0694,2024-12-11 18:25:42,PLACED,East
O01074,C0497,2024-11-08 08:31:47,RETURNED,West
O01075,C0709,2024-12-15 20:27:52,PLACED,East
O01076,C0026,2026-04-08 12:50:34,SHIPPED,South
O01077,C0290,2026-03-10 10:21:34,DELIVERED,South
O01078,C0753,2026-06-22 05:20:56,RETURNED,South
O01079,UNKNOWN,2025-12-23 10:45:40,RETURNED,East
O01080,C0747,2026-02-17 12:03:44,RETURNED,South
O01081,C0166,2024-12-22 05:09:26,DELIVERED,South
O01082,UNKNOWN,2024-11-07 20:22:05,PLACED,East
O01083,C0245,2026-01-03 14:10:50,SHIPPED,North
O01084,C0228,2025-02-25 02:34:39,SHIPPED,West
O01085,C0982,2026-03-01 17:28:33,CANCELLED,East
O01086,C0883,2026-05-18 01:43:27,RETURNED,South
O01087,C0801,2026-04-10 07:25:36,PLACED,South
O01088,C0537,2025-05-11 11:31:24,SHIPPED,East
O01089,C0677,2024-08-31 14:19:54,DELIVERED,North
O01090,C0566,2025-11-16 19:43:04,SHIPPED,West
O01091,C0509,2025-05-21 13:29:25,PLACED,West
O01092,C0052,2025-09-12 09:21:09,CANCELLED,East
O01093,C0467,2025-03-19 16:55:26,DELIVERED,North
O01094,C0926,2024-11-25 18:04:32,SHIPPED,North
O01095,C0241,2024-12-06 17:55:23,CANCELLED,North
O01096,C0620,2024-10-08 03:10:12,CANCELLED,South
O01097,C0950,2025-05-01 01:09:31,SHIPPED,East
O01098,C0537,2025-02-09 18:06:11,CANCELLED,East
O01099,C0816,2026-05-25 10:24:13,RETURNED,South
O01100,C0543,2025-06-23 01:04:32,CANCELLED,West
O01101,C0651,2026-05-23 03:21:40,DELIVERED,East
O01102,C0278,2025-01-26 03:26:20,PLACED,North
O01103,C0519,2026-03-08 06:09:36,SHIPPED,East
O01104,C0438,2025-12-11 00:00:00,DELIVERED,North
O01105,C0407,2025-02-24 10:48:38,SHIPPED,West
O01106,C0385,2024-07-26 17:20:18,PLACED,North
O01107,C0107,2025-04-17 14:41:11,RETURNED,North
O01108,C0640,2026-02-17 03:44:36,CANCELLED,South
O01109,C0740,2026-05-27 03:49:52,SHIPPED,North
O01110,C0047,2024-09-09 04:57:32,DELIVERED,South
O01111,C0591,2024-12-11 10:09:52,SHIPPED,East
O01112,C0327,2026-06-03 11:10:39,RETURNED,East
O01113,C0909,2025-07-05 09:28:50,PLACED,East
O01114,C0953,2026-06-23 19:19:02,SHIPPED,West
O01115,C0569,2025-10-23 15:06:45,SHIPPED,South
O01116,C0383,2026-07-04 07:11:05,SHIPPED,North
O01117,C0277,2025-02-15 19:04:30,RETURNED,North
O01118,C0977,2026-05-08 01:56:13,SHIPPED,North
O01119,C0744,2025-03-01 02:15:46,SHIPPED,East
O01120,C0352,2026-05-13 15:31:27,PLACED,East
O01121,C0985,2025-03-11 11:25:26,CANCELLED,South
O01122,C0748,2024-07-11 05:05:46,PLACED,West
O01123,C0452,2026-03-09 16:53:17,DELIVERED,East
O01124,C0376,2024-09-15 22:48:59,SHIPPED,West
O01125,C0714,2025-02-12 22:03:31,SHIPPED,North
O01126,C0322,2024-07-20 11:11:54,DELIVERED,East
O01127,C0054,2025-09-04 01:27:22,SHIPPED,East
O01128,C0970,2026-04-04 08:27:03,DELIVERED,North
O01129,C0618,2025-12-26 07:19:34,RETURNED,East
O01130,C0722,2026-03-16 01:27:54,CANCELLED,West
O01131,UNKNOWN,2025-02-16 07:25:49,SHIPPED,South
O01132,UNKNOWN,2025-11-14 00:48:18,RETURNED,East
O01133,C0044,2025-12-28 05:50:33,DELIVERED,North
O01134,C0650,2026-04-08 16:37:13,CANCELLED,South
O01135,C0884,2025-01-26 16:46:02,DELIVERED,North
O01136,C0799,2026-02-03 09:32:18,SHIPPED,East
O01137,UNKNOWN,2025-01-08 12:34:12,DELIVERED,East
O01138,C0777,2024-12-23 03:23:22,RETURNED,West
O01139,C0033,2025-03-11 17:48:44,CANCELLED,East
O01140,C0981,2025-06-09 12:31:27,DELIVERED,West
O01141,C0548,2026-02-08 08:58:25,CANCELLED,West
O01142,C0999,2025-09-16 15:04:55,SHIPPED,East
O01143,C0383,2026-06-27 13:27:55,PLACED,West
O01144,C0970,2026-01-31 21:41:38,SHIPPED,South
O01145,C0011,2025-02-25 14:16:14,PLACED,East
O01146,UNKNOWN,2026-01-27 13:30:36,DELIVERED,East
O01147,C0067,2025-07-13 07:30:21,SHIPPED,North
O01148,C0377,2025-10-26 12:05:06,DELIVERED,North
O01149,C0401,2025-03-20 03:01:51,SHIPPED,South
O01150,C0817,2024-08-04 11:47:42,RETURNED,East
O01151,C0554,2024-08-22 05:30:08,PLACED,North
O01152,C0586,2024-08-17 04:56:21,RETURNED,West
O01153,C0515,2025-06-19 00:58:44,SHIPPED,West
O01154,C0235,2026-06-30 04:19:35,RETURNED,West
O01155,C0253,2026-04-29 10:57:26,CANCELLED,East
O01156,C0735,2025-02-08 21:27:52,SHIPPED,West
O01157,C0630,2026-07-07 04:35:35,DELIVERED,North
O01158,C0679,2024-07-30 12:21:11,RETURNED,South
O01159,C0754,2026-03-03 18:14:59,CANCELLED,North
O01160,C0038,2025-12-02 17:07:35,DELIVERED,West
O01161,C0721,2024-08-30 09:42:54,PLACED,South
O01162,C0355,2026-05-03 10:31:24,CANCELLED,North
O01163,C0456,2026-05-28 20:13:30,SHIPPED,South
O01164,C0393,2025-12-20 12:55:11,PLACED,East
O01165,C0025,2025-03-10 17:44:04,RETURNED,East
O01166,C0565,2026-02-03 07:35:41,DELIVERED,East
O01167,C0451,2025-11-01 22:24:13,SHIPPED,North
O01168,UNKNOWN,2025-08-10 03:12:13,DELIVERED,North
O01169,C0043,2025-10-16 17:11:21,SHIPPED,West
O01170,C0868,2025-12-03 18:18:46,SHIPPED,North
O01171,C0315,2025-12-04 10:13:19,DELIVERED,North
O01172,C0425,2025-04-19 07:06:48,CANCELLED,North
O01173,C0046,2025-06-24 05:16:23,RETURNED,West
O01174,C0223,2025-08-22 22:58:20,RETURNED,West
O01175,C0700,2025-09-19 04:18:06,DELIVERED,South
O01176,C0045,2026-04-13 05:28:32,PLACED,East
O01177,C0953,2026-01-20 09:01:22,SHIPPED,South
O01178,C0998,2026-03-04 16:45:56,SHIPPED,West
O01179,C0671,2026-05-18 08:10:06,CANCELLED,East
O01180,C0230,2026-03-13 22:22:39,DELIVERED,South
O01181,C0852,2026-05-18 00:15:41,SHIPPED,South
O01182,C0436,2024-08-03 13:28:42,PLACED,East
O01183,C0095,2025-04-09 17:16:02,CANCELLED,West
O01184,C0403,2025-06-08 23:22:46,SHIPPED,North
O01185,C0487,2025-08-03 03:52:15,SHIPPED,East
O01186,C0574,2025-01-11 12:35:14,CANCELLED,East
O01187,C0630,2024-07-27 21:49:09,PLACED,East
O01188,C1000,2026-05-22 00:00:00,DELIVERED,East
O01189,C0467,2026-06-01 06:03:45,DELIVERED,South
O01190,C0307,2025-03-25 12:06:26,RETURNED,East
O01191,C0270,2025-11-17 00:00:00,CANCELLED,East
O01192,C0500,2026-04-24 23:20:11,CANCELLED,East
O01193,C0696,2026-01-14 22:16:52,PLACED,West
O01194,C0835,2024-07-27 12:16:29,RETURNED,East
O01195,C0526,2025-04-20 12:54:28,DELIVERED,South
O01196,C0082,2025-07-03 11:08:36,SHIPPED,South
O01197,C0848,2024-08-02 01:27:02,PLACED,South
O01198,C0231,2024-11-02 11:50:20,CANCELLED,East
O01199,C0737,2025-05-20 02:05:46,SHIPPED,West
O01200,C0596,2025-08-09 05:41:05,DELIVERED,West
O01201,C0352,2025-10-20 19:41:24,RETURNED,West
O01202,C0610,2025-12-22 13:35:52,SHIPPED,West
O01203,C0244,2025-01-22 17:16:29,DELIVERED,North
O01204,C0219,2026-06-03 13:29:59,CANCELLED,North
O01205,UNKNOWN,2025-06-28 18:31:33,SHIPPED,South
O01206,C0808,2025-12-21 16:05:03,PLACED,East
O01207,C0823,2024-09-04 10:36:03,PLACED,East
O01208,C0851,2024-11-25 12:35:59,CANCELLED,West
O01209,C0538,2024-10-29 15:36:39,SHIPPED,South
O01210,C0058,2025-01-14 11:35:08,PLACED,West
O01211,C0674,2025-09-17 14:47:47,DELIVERED,North
O01212,C0732,2024-08-11 10:14:51,DELIVERED,North
O01213,C0097,2025-08-09 16:09:26,DELIVERED,West
O01214,C0718,2026-05-22 04:42:30,RETURNED,East
O01215,C0635,2026-04-15 23:57:21,SHIPPED,West
O01216,C0190,2025-06-02 11:15:19,DELIVERED,East
O01217,UNKNOWN,2026-05-05 21:52:17,SHIPPED,South
O01218,C0383,2025-03-27 01:00:20,PLACED,East
O01219,C0288,2025-08-19 15:24:34,DELIVERED,South
O01220,C0976,2025-01-09 19:02:15,DELIVERED,South
O01221,C0663,2026-01-02 00:00:00,RETURNED,North
O01222,C0986,2025-05-16 15:55:13,CANCELLED,North
O01223,C0433,2025-09-10 08:15:35,RETURNED,East
O01224,C0036,2025-12-19 02:20:53,DELIVERED,East
O01225,C0837,2025-10-26 10:26:00,PLACED,North
O01226,C0583,2026-03-27 12:36:35,SHIPPED,West
O01227,C0129,2024-11-19 23:53:14,SHIPPED,East
O01228,C0474,2025-08-15 03:50:07,DELIVERED,South
O01229,C0191,2024-08-11 15:43:02,DELIVERED,North
O01230,C0784,2025-04-03 14:36:33,PLACED,West
O01231,C0069,2025-04-02 19:53:31,CANCELLED,West
O01232,C0710,2026-04-04 06:11:53,SHIPPED,South
O01233,C0157,2024-09-08 18:17:06,CANCELLED,East
O01234,C0241,2025-06-22 09:49:20,DELIVERED,South
O01235,C0361,2026-05-06 21:49:30,RETURNED,North
O01236,C0576,2025-07-30 16:54:01,SHIPPED,North
O01237,C0121,2025-06-14 21:25:06,RETURNED,East
O01238,C0605,2025-12-06 17:44:34,RETURNED,North
O01239,C0296,2025-10-31 00:22:12,CANCELLED,South
O01240,C0849,2025-04-06 18:37:56,RETURNED,East
O01241,C0278,2024-07-12 05:27:34,PLACED,East
O01242,UNKNOWN,2026-02-22 14:48:24,CANCELLED,North
O01243,C0072,2024-08-09 15:21:13,RETURNED,North
O01244,C0602,2025-04-27 20:04:37,PLACED,West
O01245,C0929,2025-01-22 02:47:43,PLACED,South
O01246,C0224,2025-08-09 06:27:56,RETURNED,West
O01247,C0501,2026-03-30 23:04:23,RETURNED,South
O01248,C0863,2024-11-28 12:42:08,RETURNED,South
O01249,C0020,2025-12-06 15:58:37,PLACED,West
O01250,C0574,2025-09-27 16:46:03,PLACED,North
O01251,C0582,2026-01-20 22:27:39,DELIVERED,North
O01252,C0606,2026-01-22 18:51:11,DELIVERED,West
O01253,C0522,2025-03-15 04:17:51,RETURNED,North
O01254,C0637,2025-03-20 03:30:07,RETURNED,East
O01255,C0021,2024-11-28 04:16:59,PLACED,South
O01256,C0751,2026-03-02 02:55:36,CANCELLED,South
O01257,C0869,2025-12-17 19:29:40,SHIPPED,North
O01258,C0353,2026-05-15 06:22:06,PLACED,West
O01259,C0418,2025-02-13 11:28:52,RETURNED,West
O01260,C0280,2024-08-31 07:22:33,CANCELLED,North
O01261,C0592,2025-07-12 10:15:51,PLACED,North
O01262,C0155,2024-09-23 13:47:24,PLACED,West
O01263,C0198,2025-02-15 05:15:01,RETURNED,South
O01264,C0360,2025-11-01 07:40:56,PLACED,East
O01265,C0388,2025-07-29 23:43:42,PLACED,West
O01266,C0141,2025-07-04 04:39:38,PLACED,West
O01267,C0456,2024-08-19 19:10:35,CANCELLED,North
O01268,C0798,2025-12-07 02:47:49,RETURNED,South
O01269,C0277,2025-06-21 06:58:21,SHIPPED,North
O01270,C0556,2025-04-28 13:27:43,DELIVERED,South
O01271,C0645,2026-04-07 16:19:01,CANCELLED,East
O01272,C0776,2026-05-08 20:14:30,SHIPPED,East
O01273,C0292,2024-11-03 16:23:39,SHIPPED,South
O01274,C0749,2024-09-29 10:31:05,PLACED,South
O01275,C0034,2026-03-25 02:31:03,PLACED,North
O01276,C0818,2025-12-13 19:39:24,SHIPPED,West
O01277,C0061,2025-05-01 02:03:52,CANCELLED,South
O01278,C0422,2024-11-25 05:45:21,RETURNED,South
O01279,C0992,2025-07-12 13:34:53,PLACED,South
O01280,C0463,2025-05-05 03:31:43,PLACED,West
O01281,C0211,2026-03-30 08:12:27,PLACED,South
O01282,C0418,2024-12-17 21:38:00,SHIPPED,North
O01283,C0369,2025-07-15 12:35:48,CANCELLED,South
O01284,C0380,2024-10-05 10:21:09,SHIPPED,North
O01285,C0279,2024-10-11 13:16:51,DELIVERED,North
O01286,C0081,2026-07-04 17:51:53,PLACED,South
O01287,C0976,2025-05-01 20:07:46,SHIPPED,South
O01288,C0501,2026-07-04 05:12:20,RETURNED,East
O01289,C0401,2024-07-31 17:58:04,DELIVERED,North
O01290,C0761,2025-03-17 08:09:26,SHIPPED,West
O01291,C0205,2025-06-17 12:41:47,RETURNED,West
O01292,C0557,2025-09-05 08:20:28,SHIPPED,North
O01293,C0946,2026-02-13 08:26:04,SHIPPED,North
O01294,C0956,2025-08-27 11:07:04,CANCELLED,South
O01295,C0219,2025-05-10 01:07:28,PLACED,South
O01296,C0887,2026-05-19 02:41:00,CANCELLED,West
O01297,C0488,2024-08-10 19:13:34,PLACED,East
O01298,C0350,2025-07-26 01:20:47,PLACED,South
O01299,C0941,2025-02-13 22:58:31,PLACED,East
O01300,C0866,2025-02-11 01:04:49,RETURNED,South
O01301,C0179,2025-05-07 19:49:43,DELIVERED,North
O01302,C0730,2026-03-07 17:35:57,CANCELLED,South
O01303,C0557,2025-06-06 02:47:30,PLACED,South
O01304,UNKNOWN,2026-01-21 21:27:25,SHIPPED,West
O01305,C0960,2026-03-23 02:01:57,DELIVERED,South
O01306,C0354,2025-04-01 01:02:06,CANCELLED,East
O01307,C0775,2024-10-24 14:01:52,SHIPPED,East
O01308,C0102,2025-07-22 02:25:20,DELIVERED,South
O01309,C0428,2025-01-07 07:16:40,CANCELLED,South
O01310,C0127,2025-12-13 18:18:55,DELIVERED,West
O01311,C0883,2025-11-29 07:31:31,RETURNED,South
O01312,C0362,2026-02-23 19:36:12,PLACED,South
O01313,C0004,2026-05-02 09:49:46,DELIVERED,South
O01314,C0875,2025-08-12 08:36:52,CANCELLED,South
O01315,C0263,2024-10-11 09:06:31,PLACED,West
O01316,C0816,2025-09-06 02:10:24,RETURNED,North
O01317,C0490,2025-06-13 07:26:05,CANCELLED,North
O01318,C0645,2026-06-14 07:00:19,CANCELLED,South
O01319,C0155,2025-06-30 04:11:16,CANCELLED,North
O01320,C0432,2025-11-27 07:19:02,RETURNED,South
O01321,C0879,2025-11-15 13:18:46,DELIVERED,East
O01322,C0386,2025-10-21 01:53:04,RETURNED,East
O01323,C0279,2024-11-12 03:12:36,RETURNED,South
O01324,C0353,2024-08-30 04:58:00,DELIVERED,North
O01325,C0148,2026-06-12 03:14:49,PLACED,West
O01326,C0638,2026-04-10 23:58:06,SHIPPED,North
O01327,C0200,2025-11-17 12:22:20,DELIVERED,West
O01328,C0323,2026-05-06 22:02:09,CANCELLED,South
O01329,C0127,2025-09-23 15:57:49,DELIVERED,South
O01330,C0686,2025-07-18 06:12:38,PLACED,North
O01331,C0968,2025-08-12 08:19:39,PLACED,East
O01332,C0514,2025-04-26 08:09:43,PLACED,East
O01333,C0814,2026-01-22 15:31:42,RETURNED,North
O01334,C0731,2024-10-03 15:33:47,CANCELLED,East
O01335,C0146,2024-09-11 16:26:11,DELIVERED,West
O01336,C0109,2025-11-21 01:38:30,DELIVERED,East
O01337,C0307,2026-10-05 00:00:00,CANCELLED,North
O01338,C0711,2025-05-03 18:03:29,DELIVERED,West
O01339,C0669,2025-02-21 03:43:19,CANCELLED,North
O01340,C0182,2025-05-01 01:56:32,CANCELLED,South
O01341,C0161,2025-07-03 16:34:57,DELIVERED,West
O01342,C0702,2025-01-30 09:47:25,PLACED,South
O01343,C0466,2025-03-01 04:19:33,SHIPPED,East
O01344,C0917,2024-09-06 06:12:21,DELIVERED,East
O01345,C0061,2025-10-13 08:47:18,SHIPPED,West
O01346,C0296,2025-04-27 08:44:47,SHIPPED,West
O01347,C0319,2026-01-13 23:52:13,CANCELLED,East
O01348,C0228,2025-06-21 06:55:32,SHIPPED,East
O01349,C0451,2025-06-02 19:53:48,PLACED,East
O01350,C0620,2025-11-09 15:03:14,SHIPPED,South
O01351,C0928,2025-08-04 00:29:35,CANCELLED,East
O01352,C0102,2025-10-28 03:50:21,RETURNED,East
O01353,C0048,2024-08-01 07:34:22,RETURNED,East
O01354,C0576,2026-01-21 18:13:26,PLACED,South
O01355,C0023,2024-11-10 09:56:50,SHIPPED,West
O01356,UNKNOWN,2026-03-22 01:47:21,PLACED,East
O01357,C0249,2025-09-02 01:17:30,CANCELLED,East
O01358,C0388,2026-01-25 20:24:31,PLACED,North
O01359,C0733,2025-03-02 01:50:11,RETURNED,East
O01360,C0560,2025-10-16 00:00:00,RETURNED,South
O01361,C0361,2025-10-14 01:56:18,DELIVERED,North
O01362,C0304,2026-01-01 00:16:30,PLACED,North
O01363,C0003,2026-03-31 11:09:03,SHIPPED,South
O01364,C0744,2026-04-06 22:42:47,SHIPPED,East
O01365,C0077,2024-11-12 16:20:58,RETURNED,East
O01366,C0015,2025-08-31 18:50:47,CANCELLED,West
O01367,C0396,2026-03-08 06:33:13,CANCELLED,North
O01368,C0413,2025-05-21 00:00:00,DELIVERED,North
O01369,C0322,2024-10-31 08:41:12,DELIVERED,South
O01370,C0901,2026-04-19 13:20:34,PLACED,East
O01371,C0389,2024-09-07 13:39:10,PLACED,West
O01372,C0341,2025-09-27 20:50:08,CANCELLED,North
O01373,C0334,2024-12-19 02:27:06,PLACED,North
O01374,C0656,2025-07-20 04:51:33,PLACED,West
O01375,C0632,2026-01-08 04:23:05,CANCELLED,East
O01376,C0600,2025-07-19 04:04:28,RETURNED,East
O01377,C0128,2026-01-12 12:03:46,DELIVERED,West
O01378,C0101,2024-08-15 03:10:15,PLACED,East
O01379,C0183,2025-08-23 02:46:40,SHIPPED,North
O01380,C0081,2025-08-19 13:03:09,SHIPPED,South
O01381,UNKNOWN,2026-04-01 02:31:43,PLACED,East
O01382,C0521,2025-04-14 14:16:05,CANCELLED,South
O01383,C0554,2026-03-29 09:15:27,DELIVERED,South
O01384,C0623,2025-10-28 08:55:04,SHIPPED,West
O01385,C0304,2026-05-27 22:47:09,SHIPPED,North
O01386,C0594,2024-12-22 18:50:03,DELIVERED,South
O01387,C0964,2026-03-18 18:22:51,CANCELLED,East
O01388,C0461,2025-12-03 12:52:31,DELIVERED,North
O01389,C0621,2025-03-12 15:03:21,PLACED,West
O01390,C0080,2025-04-01 15:25:04,SHIPPED,South
O01391,C0262,2024-09-09 02:09:48,SHIPPED,North
O01392,C0493,2026-04-26 05:40:23,PLACED,West
O01393,C0445,2025-09-17 16:45:00,SHIPPED,West
O01394,UNKNOWN,2025-05-03 00:48:39,RETURNED,South
O01395,C0141,2025-09-24 01:54:56,PLACED,South
O01396,C0396,2025-11-28 04:10:05,PLACED,North
O01397,C0587,2024-10-07 09:57:50,SHIPPED,West
O01398,C0636,2025-05-17 12:23:06,RETURNED,East
O01399,C0342,2024-12-29 00:00:00,DELIVERED,West
O01400,C0091,2025-04-08 03:01:25,CANCELLED,West
O01401,C0334,2026-04-20 21:11:52,CANCELLED,West
O01402,C0060,2026-01-29 12:33:26,RETURNED,North
O01403,UNKNOWN,2025-12-02 23:25:20,CANCELLED,West
O01404,C0443,2026-01-03 03:34:12,SHIPPED,South
O01405,C0589,2024-09-20 21:01:18,PLACED,North
O01406,C0063,2024-07-27 17:30:24,CANCELLED,West
O01407,C0752,2025-03-12 16:28:23,RETURNED,East
O01408,C0933,2026-10-07 00:00:00,RETURNED,East
O01409,C0937,2024-10-29 03:42:40,RETURNED,West
O01410,C0529,2025-07-29 18:30:42,DELIVERED,East
O01411,C0244,2024-08-01 06:52:25,SHIPPED,North
O01412,C0957,2026-01-29 14:02:22,SHIPPED,North
O01413,C0577,2025-07-14 22:25:51,DELIVERED,East
O01414,C0277,2025-05-28 00:57:16,RETURNED,North
O01415,C0286,2025-01-07 00:00:00,PLACED,South
O01416,C0116,2024-12-04 18:40:51,PLACED,East
O01417,C0047,2025-06-18 05:42:25,SHIPPED,West
O01418,C0147,2024-08-30 13:22:13,CANCELLED,South
O01419,C0526,2025-08-21 10:40:33,RETURNED,West
O01420,C0013,2025-01-16 11:30:10,SHIPPED,East
O01421,C0888,2026-01-11 22:06:34,CANCELLED,North
O01422,C0904,2026-01-27 13:29:20,RETURNED,South
O01423,C0471,2026-05-16 01:46:58,DELIVERED,East
O01424,C0689,2025-12-10 06:28:02,SHIPPED,East
O01425,C0193,2025-09-03 15:07:55,SHIPPED,East
O01426,C0348,2024-09-28 18:07:10,CANCELLED,East
O01427,UNKNOWN,2025-02-06 14:59:28,CANCELLED,East
O01428,C0105,2025-07-27 19:00:06,DELIVERED,East
O01429,C0596,2025-04-24 20:29:38,RETURNED,South
O01430,C0143,2025-10-19 15:14:42,PLACED,West
O01431,C0876,2024-08-05 22:53:28,RETURNED,South
O01432,C0452,2025-10-20 16:43:59,DELIVERED,East
O01433,C0010,2025-07-29 01:54:53,RETURNED,East
O01434,C0533,2024-12-18 15:37:12,PLACED,South
O01435,C0492,2024-10-14 21:27:53,CANCELLED,North
O01436,C0930,2025-02-24 03:45:08,PLACED,South
O01437,C0197,2025-04-25 09:40:51,CANCELLED,East
O01438,C0841,2024-10-28 22:12:50,RETURNED,South
O01439,C0402,2026-04-13 18:45:16,PLACED,South
O01440,C0345,2025-07-27 06:59:24,DELIVERED,West
O01441,C0008,2024-08-31 03:55:13,CANCELLED,South
O01442,C0254,2025-11-17 16:20:09,SHIPPED,East
O01443,C0422,2026-02-01 16:52:46,PLACED,West
O01444,C0380,2026-05-19 13:35:20,PLACED,West
O01445,C0494,2025-07-11 01:41:24,SHIPPED,West
O01446,C0838,2026-01-20 07:56:47,CANCELLED,South
O01447,C0229,2025-06-22 01:34:22,SHIPPED,South
O01448,C0798,2025-01-30 17:13:14,DELIVERED,East
O01449,C0831,2025-11-21 12:23:55,SHIPPED,East
O01450,C0419,2025-02-22 13:23:03,CANCELLED,West
O01451,C0069,2025-07-15 03:04:48,SHIPPED,North
O01452,C0841,2025-01-03 22:30:46,CANCELLED,East
O01453,C0567,2024-09-25 02:32:39,DELIVERED,North
O01454,C0460,2025-07-04 22:41:27,SHIPPED,East
O01455,C0044,2025-09-29 15:19:51,CANCELLED,West
O01456,C0691,2024-10-09 23:37:41,CANCELLED,South
O01457,C0518,2025-10-31 08:27:22,RETURNED,North
O01458,C0942,2024-08-16 06:20:15,DELIVERED,East
O01459,C0855,2025-11-21 19:34:56,DELIVERED,South
O01460,C0398,2024-08-31 04:40:11,CANCELLED,South
O01461,UNKNOWN,2026-06-17 10:19:38,CANCELLED,East
O01462,C0756,2026-01-20 14:51:56,PLACED,North
O01463,C0400,2025-05-25 20:56:22,PLACED,West
O01464,C0486,2025-07-27 13:29:39,PLACED,South
O01465,C0598,2024-10-01 01:38:18,CANCELLED,East
O01466,C0595,2025-07-05 03:37:40,PLACED,North
O01467,UNKNOWN,2024-10-14 01:37:29,CANCELLED,West
O01468,C0504,2026-05-29 12:18:08,PLACED,South
O01469,C0393,2026-06-03 07:23:54,SHIPPED,South
O01470,C0005,2026-05-02 21:24:56,RETURNED,South
O01471,C0014,2025-11-12 12:17:16,RETURNED,West
O01472,C0716,2024-11-17 12:52:27,SHIPPED,North
O01473,C0384,2026-06-22 04:04:37,PLACED,West
O01474,C0041,2025-02-07 11:47:53,SHIPPED,North
O01475,C0287,2024-09-20 07:25:20,SHIPPED,East
O01476,C0917,2025-09-24 23:05:49,DELIVERED,West
O01477,C0245,2024-07-13 03:01:24,CANCELLED,East
O01478,C0120,2026-01-20 09:26:12,SHIPPED,West
O01479,UNKNOWN,2024-08-09 23:46:48,RETURNED,West
O01480,C0824,2024-10-15 01:37:35,RETURNED,North
O01481,C0190,2024-10-06 15:23:42,SHIPPED,West
O01482,C0520,2025-07-26 17:30:41,SHIPPED,South
O01483,C0289,2025-01-05 12:35:59,RETURNED,North
O01484,C0438,2026-05-29 12:47:20,PLACED,West
O01485,C0620,2025-04-22 21:37:23,PLACED,North
O01486,C0062,2026-03-22 18:04:57,CANCELLED,South
O01487,C0696,2025-07-02 01:25:05,CANCELLED,South
O01488,C0781,2024-08-24 12:04:27,PLACED,West
O01489,C0197,2024-12-26 09:40:28,CANCELLED,South
O01490,C0214,2025-07-17 07:53:37,PLACED,East
O01491,C0110,2026-03-25 12:52:01,PLACED,East
O01492,C0125,2025-08-25 19:27:55,CANCELLED,North
O01493,C0653,2024-08-04 23:50:54,DELIVERED,South
O01494,C0289,2025-07-29 02:52:52,SHIPPED,South
O01495,C0069,2026-06-06 16:12:16,PLACED,South
O01496,C0086,2026-05-07 21:10:34,RETURNED,West
O01497,C0047,2025-09-24 15:15:23,PLACED,East
O01498,C0256,2026-03-28 01:07:09,DELIVERED,West
O01499,C0129,2024-11-13 06:51:20,SHIPPED,West
O01500,C0602,2024-10-30 14:12:35,SHIPPED,South
O01501,C0517,2025-06-17 11:52:01,PLACED,South
O01502,C0850,2026-04-28 15:56:29,RETURNED,South
O01503,C0217,2025-05-30 00:46:04,CANCELLED,South
O01504,C0933,2024-12-16 18:22:41,CANCELLED,East
O01505,C0022,2024-10-30 18:29:08,PLACED,North
O01506,C0265,2026-04-25 06:37:50,DELIVERED,East
O01507,C0192,2025-01-05 04:13:33,CANCELLED,West
O01508,C0801,2025-08-15 16:35:36,CANCELLED,South
O01509,C0793,2025-08-05 01:09:11,DELIVERED,West
O01510,C0903,2024-10-24 16:20:34,PLACED,West
O01511,UNKNOWN,2024-08-19 04:03:43,CANCELLED,West
O01512,UNKNOWN,2026-04-15 17:34:18,DELIVERED,North
O01513,C0724,2026-02-26 04:44:49,SHIPPED,East
O01514,C0257,2025-12-26 19:11:46,CANCELLED,North
O01515,C0051,2024-09-29 08:40:05,CANCELLED,East
O01516,C0612,2025-10-22 16:08:03,CANCELLED,South
O01517,C0296,2025-03-18 04:45:54,RETURNED,North
O01518,UNKNOWN,2026-05-12 21:49:55,RETURNED,North
O01519,C0849,2025-12-02 03:59:56,CANCELLED,South
O01520,C0142,2024-12-16 14:53:27,SHIPPED,South
O01521,C0037,2025-11-02 08:19:30,CANCELLED,North
O01522,C0419,2025-08-22 05:45:27,CANCELLED,North
O01523,C0694,2026-05-26 18:51:46,RETURNED,East
O01524,C0021,2024-08-22 20:15:21,RETURNED,South
O01525,C0041,2024-12-11 19:02:58,RETURNED,South
O01526,C0849,2026-04-08 09:25:08,DELIVERED,East
O01527,C0168,2025-07-30 23:11:05,PLACED,North
O01528,C0520,2026-03-30 20:54:31,SHIPPED,East
O01529,C0476,2025-10-07 10:02:09,SHIPPED,North
O01530,C0590,2025-07-22 12:36:16,PLACED,West
O01531,C0442,2024-09-04 06:08:21,PLACED,West
O01532,C0073,2026-04-20 20:01:54,SHIPPED,North
O01533,C0240,2025-07-16 22:57:25,RETURNED,West
O01534,C0536,2024-08-29 11:01:11,PLACED,West
O01535,C0475,2024-07-14 00:22:02,CANCELLED,East
O01536,UNKNOWN,2024-11-09 23:29:58,SHIPPED,South
O01537,C0602,2026-03-22 09:08:45,PLACED,North
O01538,C0618,2025-12-24 17:31:16,SHIPPED,East
O01539,C0984,2026-05-22 10:56:02,SHIPPED,West
O01540,C0205,2025-01-18 00:00:00,PLACED,East
O01541,C0551,2026-05-23 10:53:23,DELIVERED,South
O01542,C0659,2025-04-20 15:45:29,CANCELLED,East
O01543,C0565,2026-07-10 02:14:34,DELIVERED,South
O01544,C0239,2025-09-11 21:14:23,RETURNED,South
O01545,C0847,2024-09-13 09:39:22,PLACED,North
O01546,C0021,2025-05-01 12:26:51,RETURNED,South
O01547,C0360,2026-01-11 19:50:42,SHIPPED,East
O01548,C0758,2025-09-27 00:51:35,CANCELLED,East
O01549,C0980,2025-12-04 19:36:20,DELIVERED,West
O01550,C0695,2025-07-02 04:13:47,PLACED,East
O01551,C0865,2025-07-05 05:15:03,RETURNED,East
O01552,C0732,2026-04-20 09:41:19,CANCELLED,South
O01553,C0656,2025-08-04 17:06:54,PLACED,North
O01554,C0671,2025-08-04 06:45:26,SHIPPED,North
O01555,C0131,2024-12-08 22:37:40,CANCELLED,North
O01556,C0180,2026-06-08 04:04:06,CANCELLED,South
O01557,C0980,2025-07-02 08:14:46,PLACED,East
O01558,C0444,2024-08-16 20:30:37,CANCELLED,South
O01559,C0211,2026-06-10 13:00:30,DELIVERED,South
O01560,C0765,2026-01-27 23:44:31,PLACED,East
O01561,C0634,2025-02-05 04:00:10,RETURNED,West
O01562,C0322,2025-07-22 05:15:55,DELIVERED,North
O01563,C0526,2024-12-27 03:36:20,RETURNED,South
O01564,C0459,2026-01-26 02:17:57,SHIPPED,South
O01565,C0538,2025-08-06 17:31:37,DELIVERED,South
O01566,C0577,2025-09-07 15:14:37,CANCELLED,North
O01567,UNKNOWN,2025-10-28 01:39:50,RETURNED,East
O01568,C0970,2025-11-27 22:51:01,RETURNED,East
O01569,C0990,2025-08-30 15:32:20,RETURNED,West
O01570,C0766,2024-09-09 16:28:09,PLACED,West
O01571,C0290,2024-12-23 23:57:53,SHIPPED,West
O01572,C0636,2025-02-14 14:22:58,RETURNED,West
O01573,C0819,2025-03-02 00:22:35,CANCELLED,North
O01574,C0107,2025-06-12 22:07:35,DELIVERED,East
O01575,C0475,2024-12-08 07:37:23,PLACED,South
O01576,C0678,2024-10-28 22:40:52,RETURNED,North
O01577,C0616,2024-08-08 00:59:59,DELIVERED,East
O01578,C0996,2026-04-24 23:49:21,SHIPPED,North
O01579,C0309,2026-03-20 01:13:28,DELIVERED,East
O01580,C0488,2026-02-09 23:07:03,SHIPPED,South
O01581,C0013,2026-03-21 01:21:31,CANCELLED,East
O01582,C0022,2026-01-09 07:01:33,DELIVERED,East
O01583,C0226,2025-12-16 14:31:16,CANCELLED,North
O01584,C0872,2026-02-05 13:26:20,RETURNED,West
O01585,C0750,2025-10-16 17:33:42,RETURNED,North
O01586,C0885,2025-05-28 13:24:09,DELIVERED,West
O01587,C0030,2025-02-28 23:03:32,DELIVERED,West
O01588,C0029,2026-02-18 22:04:06,CANCELLED,North
O01589,C0070,2025-05-20 23:43:57,PLACED,East
O01590,C0140,2026-02-13 03:40:20,DELIVERED,West
O01591,C0805,2024-07-27 23:03:43,CANCELLED,East
O01592,C0766,2024-10-20 14:43:06,CANCELLED,North
O01593,C0844,2025-07-09 08:23:25,PLACED,South
O01594,C0875,2026-01-28 07:36:09,DELIVERED,North
O01595,C0367,2025-09-20 10:51:01,PLACED,East
O01596,UNKNOWN,2026-05-02 08:24:18,DELIVERED,East
O01597,C0167,2026-03-18 09:03:30,PLACED,South
O01598,C0478,2025-01-25 04:06:14,CANCELLED,West
O01599,C0647,2025-08-05 05:52:54,CANCELLED,West
O01600,C0370,2024-09-20 15:36:05,CANCELLED,North
O01601,C0188,2026-06-02 21:35:40,RETURNED,North
O01602,C0856,2024-12-10 20:44:42,PLACED,North
O01603,C0692,2025-01-08 04:46:12,CANCELLED,North
O01604,C0546,2025-01-11 03:57:09,DELIVERED,East
O01605,C0407,2025-08-03 01:49:33,PLACED,East
O01606,C0356,2025-10-13 23:13:02,RETURNED,West
O01607,C0662,2025-05-18 09:45:31,DELIVERED,West
O01608,C0962,2026-04-27 06:45:20,PLACED,West
O01609,C0070,2025-06-23 22:31:56,CANCELLED,South
O01610,C0546,2025-02-02 20:07:31,RETURNED,South
O01611,C0276,2026-06-28 03:26:44,RETURNED,North
O01612,C0432,2025-08-18 09:50:21,CANCELLED,North
O01613,C0593,2026-06-23 09:00:49,SHIPPED,South
O01614,C0824,2026-01-25 01:15:32,CANCELLED,North
O01615,C0848,2025-01-10 03:54:15,CANCELLED,East
O01616,C0222,2026-04-04 16:47:34,SHIPPED,East
O01617,C0915,2025-08-04 05:46:54,DELIVERED,West
O01618,C0022,2026-01-28 21:50:41,SHIPPED,East
O01619,C0583,2025-03-14 08:56:43,SHIPPED,East
O01620,C0072,2024-10-14 21:27:22,CANCELLED,East
O01621,C0029,2025-09-03 04:02:05,PLACED,West
O01622,UNKNOWN,2025-04-03 00:00:00,PLACED,West
O01623,C0303,2025-06-13 14:25:56,DELIVERED,South
O01624,C0696,2025-12-13 18:15:35,PLACED,West
O01625,C0376,2025-07-24 05:51:13,SHIPPED,North
O01626,C0490,2025-07-30 17:07:34,DELIVERED,South
O01627,C0724,2026-02-06 10:52:01,SHIPPED,South
O01628,C0920,2025-04-09 17:17:38,DELIVERED,South
O01629,C0693,2026-05-16 20:37:31,DELIVERED,West
O01630,C0956,2024-07-30 17:46:32,CANCELLED,West
O01631,UNKNOWN,2026-04-30 00:00:00,DELIVERED,West
O01632,C0686,2025-01-22 04:34:47,RETURNED,South
O01633,C0458,2025-02-21 19:00:41,PLACED,East
O01634,C0225,2026-04-14 13:05:31,PLACED,East
O01635,C0975,2026-01-19 03:00:17,PLACED,East
O01636,C0437,2025-01-11 12:23:23,SHIPPED,East
O01637,UNKNOWN,2026-04-20 05:44:17,DELIVERED,North
O01638,C0795,2025-04-06 00:40:55,DELIVERED,South
O01639,C0081,2025-03-26 12:09:45,PLACED,North
O01640,C0783,2024-12-12 18:01:33,RETURNED,North
O01641,C0950,2024-08-23 23:05:24,PLACED,North
O01642,C0602,2025-02-01 20:35:38,DELIVERED,West
O01643,C0891,2025-09-07 11:26:48,RETURNED,North
O01644,C0086,2026-05-24 13:50:28,DELIVERED,West
O01645,C0144,2026-03-13 19:25:27,RETURNED,South
O01646,C0827,2025-01-02 02:26:56,PLACED,South
O01647,UNKNOWN,2025-07-25 20:23:49,CANCELLED,South
O01648,C0328,2026-06-29 14:42:51,PLACED,South
O01649,C0497,2025-02-08 02:54:35,CANCELLED,South
O01650,C0442,2025-07-14 17:03:53,RETURNED,South
O01651,C0814,2025-01-23 03:55:33,RETURNED,West
O01652,C0766,2024-12-15 00:00:00,SHIPPED,East
O01653,C0863,2025-10-26 09:55:12,DELIVERED,West
O01654,C0860,2026-06-12 01:00:28,CANCELLED,West
O01655,C0167,2025-09-03 05:13:30,CANCELLED,South
O01656,C0538,2025-06-13 20:41:44,RETURNED,North
O01657,C0640,2025-06-11 07:00:21,DELIVERED,West
O01658,C0159,2025-09-03 08:57:50,DELIVERED,West
O01659,C0377,2024-09-17 15:56:53,DELIVERED,South
O01660,C0904,2025-03-06 12:06:10,CANCELLED,North
O01661,C0305,2024-10-01 23:24:48,RETURNED,West
O01662,C0413,2024-09-02 13:27:12,RETURNED,West
O01663,C0993,2025-05-01 23:28:48,DELIVERED,South
O01664,C0043,2024-08-15 14:41:32,SHIPPED,North
O01665,C0746,2026-03-02 18:54:48,DELIVERED,West
O01666,C0443,2026-03-04 17:51:04,RETURNED,North
O01667,C0788,2025-08-09 12:42:17,SHIPPED,North
O01668,C0986,2024-12-23 22:03:04,DELIVERED,South
O01669,C0775,2026-05-23 16:48:52,PLACED,North
O01670,C0380,2025-08-20 06:52:25,CANCELLED,North
O01671,C0038,2026-06-11 12:35:21,DELIVERED,East
O01672,C0933,2024-08-12 08:37:15,DELIVERED,South
O01673,C0622,2025-10-19 08:30:20,PLACED,West
O01674,C0041,2025-01-25 02:47:23,SHIPPED,South
O01675,C0944,2024-12-22 00:23:55,PLACED,North
O01676,UNKNOWN,2025-05-06 08:08:44,RETURNED,West
O01677,C0919,2025-11-30 07:23:16,SHIPPED,North
O01678,C0653,2024-07-21 14:55:55,SHIPPED,South
O01679,C0943,2025-10-06 00:43:07,CANCELLED,West
O01680,C0707,2024-08-12 10:35:30,SHIPPED,West
O01681,C0413,2026-05-02 18:42:59,DELIVERED,North
O01682,C0215,2025-08-05 08:18:38,PLACED,South
O01683,C0254,2025-05-21 14:25:34,PLACED,South
O01684,C0542,2025-10-14 16:38:58,SHIPPED,East
O01685,C0160,2024-12-07 14:14:03,DELIVERED,East
O01686,C0306,2024-10-17 07:25:02,PLACED,North
O01687,C0933,2025-12-30 18:55:23,CANCELLED,West
O01688,C0174,2026-06-12 09:31:50,RETURNED,West
O01689,C0923,2025-10-27 02:27:47,RETURNED,West
O01690,C0403,2025-07-08 18:04:38,SHIPPED,South
O01691,C0730,2025-10-10 06:35:58,SHIPPED,North
O01692,C0699,2025-01-12 06:05:10,CANCELLED,East
O01693,C0539,2026-01-14 04:37:07,SHIPPED,South
O01694,C0314,2024-10-01 11:29:25,SHIPPED,North
O01695,C0838,2025-06-27 19:03:52,CANCELLED,North
O01696,C0183,2025-09-03 05:57:25,CANCELLED,West
O01697,C0399,2025-03-15 01:23:25,RETURNED,West
O01698,C0964,2025-01-01 04:01:13,PLACED,North
O01699,C0218,2025-01-22 21:49:55,PLACED,West
O01700,C0974,2024-09-01 02:40:12,SHIPPED,East
O01701,C0875,2024-12-21 21:34:54,PLACED,East
O01702,C0478,2024-08-20 01:35:59,SHIPPED,North
O01703,C0071,2024-11-16 00:48:20,SHIPPED,North
O01704,C0602,2025-02-01 20:49:51,PLACED,East
O01705,C0849,2024-11-23 18:35:37,CANCELLED,East
O01706,C0654,2026-03-07 08:38:59,DELIVERED,North
O01707,C0143,2026-04-02 06:29:23,CANCELLED,East
O01708,C0929,2025-08-30 00:00:00,CANCELLED,South
O01709,C0753,2025-09-29 04:42:30,CANCELLED,East
O01710,C0365,2025-06-20 03:16:00,DELIVERED,North
O01711,C0066,2025-10-04 06:09:53,PLACED,East
O01712,C0042,2026-04-03 18:48:22,PLACED,North
O01713,C0709,2025-10-31 16:47:03,PLACED,North
O01714,C0384,2024-12-24 11:38:08,PLACED,South
O01715,UNKNOWN,2026-02-05 06:57:41,PLACED,North
O01716,C0166,2025-06-24 06:33:37,RETURNED,North
O01717,C0672,2025-06-11 07:21:10,PLACED,South
O01718,C0479,2025-06-26 11:25:46,RETURNED,South
O01719,C0096,2026-07-08 07:59:12,RETURNED,West
O01720,C0180,2025-09-28 04:17:17,RETURNED,West
O01721,C0854,2025-05-03 08:20:16,CANCELLED,North
O01722,C0187,2026-02-15 20:48:06,PLACED,East
O01723,C0227,2024-10-17 13:01:11,RETURNED,North
O01724,C0730,2026-06-15 13:16:05,CANCELLED,South
O01725,C0900,2025-01-05 01:04:47,DELIVERED,East
O01726,C0996,2026-03-22 04:54:49,SHIPPED,West
O01727,C0838,2026-01-13 15:33:57,CANCELLED,North
O01728,C0076,2025-05-21 03:51:07,CANCELLED,South
O01729,C0701,2025-03-04 22:55:42,SHIPPED,South
O01730,C0632,2024-11-11 04:41:44,PLACED,West
O01731,C0231,2026-04-22 07:05:50,PLACED,West
O01732,C0123,2024-08-18 22:54:17,PLACED,East
O01733,C0502,2026-01-23 06:35:50,SHIPPED,East
O01734,C0870,2026-01-23 08:33:33,RETURNED,West
O01735,C0081,2025-11-27 04:51:16,DELIVERED,South
O01736,C0179,2025-07-18 18:54:17,SHIPPED,West
O01737,C0611,2025-02-12 05:37:53,DELIVERED,South
O01738,C0120,2025-06-29 00:00:00,CANCELLED,South
O01739,C0854,2025-03-30 23:17:35,CANCELLED,North
O01740,C0232,2025-07-23 13:47:04,PLACED,North
O01741,UNKNOWN,2025-04-24 21:24:44,DELIVERED,West
O01742,C0088,2025-05-10 11:26:07,DELIVERED,West
O01743,C0153,2024-09-17 11:56:25,PLACED,East
O01744,C0740,2025-04-24 22:59:43,SHIPPED,East
O01745,C0142,2025-01-27 14:00:37,SHIPPED,North
O01746,C0456,2025-01-18 21:44:31,CANCELLED,South
O01747,C0037,2024-12-31 02:42:58,CANCELLED,East
O01748,C0779,2024-08-17 00:18:44,CANCELLED,East
O01749,C0853,2026-04-09 00:52:32,CANCELLED,East
O01750,C0190,2024-11-22 21:42:21,PLACED,North
O01751,C0816,2024-11-30 16:27:35,PLACED,East
O01752,C0463,2026-02-24 22:43:18,RETURNED,North
O01753,C0494,2024-09-15 00:00:00,RETURNED,South
O01754,C0049,2024-09-30 00:00:00,RETURNED,South
O01755,C0122,2026-06-14 22:11:38,CANCELLED,North
O01756,C0117,2025-09-14 16:20:28,RETURNED,East
O01757,C0908,2026-05-20 20:37:29,CANCELLED,West
O01758,C0665,2025-03-10 14:07:05,RETURNED,East
O01759,UNKNOWN,2025-11-03 21:34:01,CANCELLED,East
O01760,C0352,2025-04-04 08:02:50,CANCELLED,West
O01761,C0289,2025-07-21 18:42:20,PLACED,South
O01762,C0795,2024-11-24 07:02:02,RETURNED,South
O01763,C0725,2026-04-30 16:52:13,RETURNED,West
O01764,C0768,2026-02-16 14:21:53,PLACED,East
O01765,C0756,2024-08-03 15:30:44,CANCELLED,West
O01766,C0794,2026-06-12 13:50:24,RETURNED,East
O01767,C0635,2025-08-17 06:29:51,CANCELLED,East
O01768,C0759,2025-11-18 16:08:52,RETURNED,South
O01769,C0198,2025-09-18 06:38:40,SHIPPED,North
O01770,C0512,2024-11-11 00:00:00,CANCELLED,South
O01771,C0991,2026-02-19 20:51:58,RETURNED,North
O01772,C0726,2024-12-08 00:22:05,DELIVERED,East
O01773,C0187,2026-02-26 15:47:28,PLACED,East
O01774,C0536,2025-04-12 09:46:27,PLACED,South
O01775,C0596,2025-05-24 12:56:12,RETURNED,South
O01776,C0874,2026-05-19 16:20:33,CANCELLED,West
O01777,C0937,2025-03-09 15:55:57,DELIVERED,West
O01778,C0410,2026-06-16 08:08:13,SHIPPED,East
O01779,C0487,2026-04-27 14:10:14,CANCELLED,South
O01780,C0372,2024-09-14 12:20:55,PLACED,West
O01781,C0245,2025-03-25 00:00:00,CANCELLED,South
O01782,C0460,2024-12-26 08:05:47,CANCELLED,West
O01783,C0358,2025-11-25 05:55:38,SHIPPED,South
O01784,C0148,2025-01-16 05:19:35,SHIPPED,East
O01785,C0154,2026-03-08 03:05:45,SHIPPED,South
O01786,C0249,2026-01-08 00:16:20,DELIVERED,West
O01787,C0908,2024-08-14 05:26:41,CANCELLED,West
O01788,C0983,2025-08-09 14:31:16,SHIPPED,East
O01789,C0078,2025-01-01 06:27:20,CANCELLED,North
O01790,C0645,2025-11-18 22:42:18,RETURNED,West
O01791,C0935,2024-10-07 05:33:57,RETURNED,West
O01792,C0078,2025-07-20 20:35:04,CANCELLED,North
O01793,C0934,2026-02-27 09:56:14,CANCELLED,North
O01794,C0603,2025-02-18 10:31:25,SHIPPED,North
O01795,C0237,2026-05-03 02:30:05,DELIVERED,North
O01796,C0696,2026-05-07 12:21:33,PLACED,East
O01797,C0797,2026-03-22 16:34:41,CANCELLED,West
O01798,UNKNOWN,2025-06-02 23:35:24,CANCELLED,West
O01799,C0481,2025-01-26 13:21:44,SHIPPED,East
O01800,C0746,2024-07-30 07:28:44,PLACED,East
O01801,C0794,2026-06-11 00:52:31,SHIPPED,North
O01802,C0403,2024-11-20 10:17:27,CANCELLED,East
O01803,UNKNOWN,2024-10-08 23:42:19,DELIVERED,West
O01804,C0252,2026-04-28 18:53:47,DELIVERED,East
O01805,C0731,2024-07-20 19:45:44,DELIVERED,East
O01806,C0340,2026-05-03 02:33:54,RETURNED,South
O01807,C0231,2025-08-26 11:29:02,RETURNED,West
O01808,C0634,2024-09-11 06:18:58,SHIPPED,North
O01809,UNKNOWN,2024-07-20 19:16:12,CANCELLED,North
O01810,C0783,2025-03-27 23:55:25,SHIPPED,South
O01811,C0532,2024-07-24 05:36:11,CANCELLED,West
O01812,C0462,2025-02-06 13:21:27,DELIVERED,North
O01813,C0639,2024-12-14 04:39:06,PLACED,South
O01814,C0842,2025-03-07 21:56:36,SHIPPED,South
O01815,C0489,2025-11-30 17:34:06,CANCELLED,East
O01816,C0208,2024-07-15 16:55:49,DELIVERED,South
O01817,C0731,2025-03-23 18:02:18,RETURNED,West
O01818,C0944,2024-09-30 07:50:46,RETURNED,East
O01819,C0109,2024-07-16 20:08:37,CANCELLED,East
O01820,C0432,2025-10-18 18:53:27,RETURNED,West
O01821,C0343,2024-12-16 06:58:08,SHIPPED,North
O01822,C0333,2025-06-29 00:00:00,SHIPPED,South
O01823,C0253,2025-02-10 09:04:43,SHIPPED,South
O01824,C0438,2024-12-31 09:03:44,PLACED,North
O01825,C0129,2025-05-27 17:23:20,DELIVERED,North
O01826,C0718,2026-04-01 15:47:14,PLACED,North
O01827,C0566,2024-10-02 02:46:00,CANCELLED,West
O01828,C0823,2024-10-03 14:22:41,DELIVERED,East
O01829,C0175,2026-06-09 11:10:33,CANCELLED,West
O01830,C0607,2025-08-01 07:03:44,RETURNED,West
O01831,C0184,2025-10-28 04:44:55,CANCELLED,South
O01832,C0933,2026-06-23 03:14:58,PLACED,West
O01833,C0479,2024-08-28 19:11:40,RETURNED,East
O01834,C0905,2025-06-18 16:35:43,CANCELLED,East
O01835,C0224,2026-06-28 19:17:57,RETURNED,South
O01836,C0342,2025-12-24 20:44:09,RETURNED,South
O01837,C0212,2026-07-01 01:01:24,DELIVERED,North
O01838,C0578,2025-01-31 01:38:30,PLACED,South
O01839,C0894,2025-12-13 18:08:44,PLACED,North
O01840,C0719,2025-05-09 00:42:59,PLACED,East
O01841,C0686,2026-01-29 02:42:40,SHIPPED,South
O01842,C0032,2024-10-23 02:18:18,PLACED,North
O01843,C0204,2025-06-09 16:41:54,PLACED,East
O01844,C0573,2026-06-04 21:02:47,CANCELLED,West
O01845,C0156,2026-05-15 05:01:14,DELIVERED,West
O01846,C0234,2024-09-15 10:01:37,CANCELLED,East
O01847,C0698,2025-05-16 02:43:03,CANCELLED,North
O01848,C0408,2024-09-14 12:12:29,SHIPPED,West
O01849,C0135,2026-02-12 04:45:29,DELIVERED,West
O01850,C0385,2025-09-25 00:21:47,PLACED,West
O01851,C0991,2025-02-21 19:53:05,PLACED,West
O01852,C0111,2025-05-23 02:30:38,DELIVERED,West
O01853,C0075,2026-05-18 00:21:30,PLACED,West
O01854,C0385,2025-10-08 09:27:47,DELIVERED,North
O01855,C0727,2025-04-04 15:21:49,DELIVERED,East
O01856,C0209,2025-02-03 14:48:24,PLACED,East
O01857,C0718,2025-07-04 00:00:00,SHIPPED,West
O01858,C0987,2025-12-03 10:53:31,SHIPPED,East
O01859,C0609,2026-03-30 14:54:18,SHIPPED,East
O01860,C0890,2026-06-27 23:11:54,PLACED,South
O01861,C0521,2025-11-25 22:29:33,RETURNED,West
O01862,C0770,2025-11-03 01:52:02,PLACED,East
O01863,C0539,2026-07-09 01:35:28,RETURNED,South
O01864,C0904,2024-08-20 14:59:33,DELIVERED,South
O01865,C0918,2025-04-25 08:56:43,CANCELLED,North
O01866,C0805,2025-11-24 08:25:09,DELIVERED,West
O01867,C0873,2025-01-22 20:04:25,RETURNED,West
O01868,C0098,2025-10-12 23:11:55,DELIVERED,North
O01869,C0143,2025-05-17 15:21:11,DELIVERED,South
O01870,C0332,2025-12-28 17:03:00,DELIVERED,West
O01871,C0847,2026-03-01 12:37:51,PLACED,East
O01872,C0251,2025-11-20 15:01:53,DELIVERED,South
O01873,C0985,2025-01-22 20:48:40,DELIVERED,East
O01874,C0917,2025-12-18 12:35:28,RETURNED,West
O01875,C0512,2026-02-23 20:29:16,CANCELLED,North
O01876,C0649,2025-05-08 09:47:54,RETURNED,East
O01877,C0781,2024-11-28 17:53:37,CANCELLED,West
O01878,C0195,2025-10-20 05:24:23,CANCELLED,West
O01879,C0508,2025-02-16 16:59:37,PLACED,North
O01880,C0392,2025-04-05 03:00:48,CANCELLED,East
O01881,C0093,2026-06-30 10:41:10,SHIPPED,East
O01882,C0359,2026-03-26 14:03:09,PLACED,East
O01883,C0232,2025-02-18 10:58:11,DELIVERED,West
O01884,C0777,2025-04-13 12:32:46,DELIVERED,South
O01885,C0002,2025-05-23 03:38:39,DELIVERED,North
O01886,UNKNOWN,2024-08-27 23:50:28,RETURNED,North
O01887,C0727,2024-12-23 08:58:45,DELIVERED,East
O01888,C0788,2025-07-30 22:41:41,RETURNED,West
O01889,C0982,2024-11-23 10:06:18,CANCELLED,East
O01890,C0590,2025-05-27 17:04:03,SHIPPED,West
O01891,C0483,2025-08-11 01:23:12,RETURNED,South
O01892,C0088,2025-05-08 17:18:39,SHIPPED,West
O01893,C0395,2025-03-21 00:02:42,DELIVERED,South
O01894,C0123,2024-08-03 04:58:57,PLACED,West
O01895,C0778,2026-05-20 23:33:26,RETURNED,West
O01896,C0608,2025-12-21 06:57:03,SHIPPED,North
O01897,C0785,2025-01-31 20:40:47,RETURNED,East
O01898,C0503,2026-05-23 05:47:28,CANCELLED,East
O01899,C0093,2026-03-08 04:58:05,SHIPPED,West
O01900,C0251,2024-07-22 18:20:54,DELIVERED,East
O01901,C0044,2024-10-29 13:25:18,RETURNED,North
O01902,C0381,2025-03-06 05:55:01,DELIVERED,West
O01903,C0314,2026-02-16 12:11:14,DELIVERED,South
O01904,C0019,2026-06-05 00:00:00,PLACED,West
O01905,C0692,2025-04-13 16:47:55,CANCELLED,East
O01906,C0287,2026-03-24 00:11:27,SHIPPED,North
O01907,C0315,2025-10-05 02:07:06,DELIVERED,West
O01908,C0424,2024-11-05 13:54:19,RETURNED,East
O01909,C0278,2026-01-12 18:46:06,SHIPPED,West
O01910,C0897,2026-06-25 15:14:19,RETURNED,South
O01911,C0876,2024-09-18 11:13:05,DELIVERED,North
O01912,C0118,2024-07-18 01:38:53,DELIVERED,East
O01913,C0530,2026-03-07 19:08:04,CANCELLED,South
O01914,C0806,2024-11-02 04:54:02,SHIPPED,South
O01915,C0056,2025-12-06 09:58:13,SHIPPED,East
O01916,C0248,2026-05-27 10:04:03,RETURNED,North
O01917,C0815,2025-12-01 12:29:12,PLACED,South
O01918,C0694,2024-12-01 14:28:31,SHIPPED,North
O01919,C0836,2026-05-19 07:24:19,CANCELLED,South
O01920,UNKNOWN,2025-05-05 17:43:05,DELIVERED,East
O01921,C0217,2025-08-03 13:38:37,DELIVERED,West
O01922,C0538,2025-09-20 05:22:27,DELIVERED,North
O01923,C0218,2024-09-02 19:05:22,PLACED,West
O01924,UNKNOWN,2025-01-20 19:52:50,CANCELLED,South
O01925,C0814,2025-03-14 15:17:01,CANCELLED,East
O01926,C0137,2025-07-28 18:53:08,PLACED,East
O01927,C0314,2024-07-28 00:00:00,CANCELLED,West
O01928,C0599,2025-02-11 05:52:38,DELIVERED,South
O01929,C0883,2025-10-11 01:28:37,RETURNED,North
O01930,C0961,2026-04-03 03:11:27,RETURNED,South
O01931,C0990,2026-02-27 18:03:31,SHIPPED,East
O01932,C0723,2025-04-13 09:20:27,SHIPPED,South
O01933,C0355,2025-04-28 03:45:02,SHIPPED,North
O01934,C0783,2025-09-25 12:58:04,CANCELLED,West
O01935,C0658,2025-05-14 07:04:54,PLACED,West
O01936,C0301,2026-02-16 21:53:22,RETURNED,West
O01937,C0737,2024-08-06 02:07:09,RETURNED,East
O01938,C0193,2026-05-22 01:47:59,SHIPPED,South
O01939,C0462,2025-03-15 13:48:29,PLACED,North
O01940,C0277,2026-07-11 15:57:08,DELIVERED,North
O01941,C0496,2026-06-12 00:03:49,CANCELLED,East
O01942,C0821,2024-10-10 00:00:00,DELIVERED,North
O01943,C0328,2025-12-29 00:00:00,CANCELLED,West
O01944,C0206,2026-01-21 12:08:26,RETURNED,West
O01945,C0873,2024-11-22 02:52:34,DELIVERED,North
O01946,C0695,2026-04-22 13:04:03,SHIPPED,North
O01947,C0691,2026-03-30 19:03:08,SHIPPED,West
O01948,C0453,2025-02-15 21:52:03,PLACED,West
O01949,C0272,2025-04-18 19:13:08,SHIPPED,North
O01950,C0520,2024-09-16 19:49:49,RETURNED,West
O01951,C0539,2026-05-23 06:00:04,RETURNED,West
O01952,C0758,2024-12-23 09:00:14,PLACED,North
O01953,C0587,2025-10-22 17:51:31,DELIVERED,East
O01954,C0362,2026-02-01 04:59:44,SHIPPED,South
O01955,C0961,2025-09-27 23:09:54,PLACED,North
O01956,C0220,2025-06-12 03:42:14,RETURNED,South
O01957,C0971,2026-03-28 17:55:40,PLACED,North
O01958,C0194,2025-08-08 10:49:53,SHIPPED,North
O01959,C0320,2025-02-25 13:49:57,PLACED,East
O01960,C0656,2025-01-24 19:07:27,DELIVERED,West
O01961,C0297,2025-09-09 17:17:03,SHIPPED,East
O01962,C0918,2025-07-06 23:46:54,PLACED,North
O01963,C0819,2026-04-30 14:25:40,RETURNED,East
O01964,C0427,2026-05-22 13:32:55,SHIPPED,North
O01965,C0886,2024-07-20 00:00:05,DELIVERED,East
O01966,C0963,2025-03-29 22:16:52,PLACED,East
O01967,C0672,2024-09-06 13:28:57,CANCELLED,East
O01968,C0442,2024-11-14 00:00:00,CANCELLED,West
O01969,C0413,2024-09-05 07:52:34,SHIPPED,East
O01970,C0661,2024-09-28 17:16:11,SHIPPED,South
O01971,C0998,2025-02-26 14:11:00,CANCELLED,North
O01972,C0197,2024-09-26 15:28:21,PLACED,West
O01973,C0062,2024-11-08 00:30:57,CANCELLED,East
O01974,C0121,2026-02-11 20:32:20,RETURNED,North
O01975,C0550,2025-02-11 23:35:20,CANCELLED,South
O01976,C0013,2026-01-21 07:52:29,DELIVERED,East
O01977,C0257,2026-01-23 23:03:40,DELIVERED,North
O01978,C0063,2026-05-07 02:11:51,RETURNED,South
O01979,C0490,2024-09-09 10:39:24,RETURNED,East
O01980,C0160,2026-06-18 06:14:57,PLACED,West
O01981,C0201,2026-03-10 12:40:14,PLACED,North
O01982,C0129,2024-10-17 18:09:11,CANCELLED,North
O01983,C0780,2025-12-17 14:54:34,PLACED,West
O01984,C0960,2024-07-28 21:47:00,PLACED,North
O01985,C0942,2026-02-22 14:27:10,DELIVERED,East
O01986,C0300,2026-05-18 22:34:19,SHIPPED,West
O01987,C0294,2025-05-31 18:15:22,CANCELLED,North
O01988,C0704,2026-03-21 05:14:54,SHIPPED,West
O01989,C0665,2025-08-13 08:35:24,RETURNED,North
O01990,C0490,2024-10-25 22:41:55,DELIVERED,West
O01991,C0757,2025-10-16 19:50:32,RETURNED,East
O01992,C0812,2026-06-17 00:00:00,CANCELLED,West
O01993,C0681,2025-12-20 17:01:44,DELIVERED,South
O01994,C0594,2026-04-19 09:58:46,CANCELLED,West
O01995,C0072,2025-10-25 18:33:14,PLACED,West
O01996,C0157,2025-06-01 22:18:19,CANCELLED,South
O01997,C0278,2025-11-08 20:39:11,CANCELLED,South
O01998,C0379,2024-08-09 15:57:21,PLACED,North
O01999,C0304,2024-10-05 18:02:18,PLACED,South
O02000,C0635,2025-04-05 08:32:27,CANCELLED,South
O02001,C0615,2026-02-26 09:02:54,RETURNED,South
O02002,C0754,2026-01-04 04:35:24,DELIVERED,East
O02003,C0995,2026-05-20 18:01:58,RETURNED,East
O02004,C0127,2026-01-07 23:48:13,CANCELLED,West
O02005,C0959,2024-08-24 14:32:04,SHIPPED,West
O02006,C0287,2024-08-20 12:09:14,DELIVERED,West
O02007,C0197,2025-04-10 11:08:28,DELIVERED,West
O02008,C0356,2026-07-09 02:52:05,RETURNED,West
O02009,C0629,2025-11-02 11:01:02,CANCELLED,East
O02010,C0363,2024-10-12 04:14:14,RETURNED,South
O02011,C0756,2025-12-03 00:31:59,RETURNED,East
O02012,C0481,2025-04-20 22:38:43,RETURNED,South
O02013,C0437,2025-10-04 09:11:21,RETURNED,South
O02014,C0019,2025-07-17 01:59:43,DELIVERED,North
O02015,C0554,2025-04-01 03:38:51,PLACED,East
O02016,C0457,2025-02-12 06:53:31,RETURNED,East
O02017,C0039,2026-05-29 22:22:19,DELIVERED,East
O02018,C0503,2024-10-01 05:44:39,SHIPPED,East
O02019,C0488,2026-03-30 20:35:06,SHIPPED,West
O02020,C0665,2026-01-19 00:47:40,PLACED,East
O02021,C0148,2025-01-21 06:02:00,CANCELLED,South
O02022,C0233,2026-04-17 08:20:30,PLACED,South
O02023,C0763,2025-05-17 05:18:31,CANCELLED,East
O02024,C0559,2025-10-28 13:37:30,CANCELLED,East
O02025,C0692,2026-04-05 08:58:19,RETURNED,East
O02026,C0208,2024-11-02 06:25:36,SHIPPED,South
O02027,C0241,2025-07-17 21:51:30,CANCELLED,West
O02028,C0657,2026-02-17 19:42:11,RETURNED,North
O02029,C0213,2026-06-13 23:02:09,CANCELLED,North
O02030,C0288,2025-09-07 11:58:40,PLACED,West
O02031,C0167,2025-10-06 12:08:50,DELIVERED,South
O02032,C0170,2026-04-12 14:24:06,CANCELLED,North
O02033,C0797,2025-10-08 23:28:13,DELIVERED,South
O02034,C0030,2025-09-24 10:09:26,SHIPPED,North
O02035,C0013,2025-09-24 14:24:16,SHIPPED,West
O02036,C0410,2026-03-18 21:30:05,CANCELLED,West
O02037,C0359,2024-12-10 07:14:48,DELIVERED,West
O02038,C0965,2024-10-04 21:53:54,RETURNED,West
O02039,C0496,2025-12-26 08:32:37,RETURNED,East
O02040,C0969,2024-12-30 18:32:58,CANCELLED,East
O02041,C0154,2025-03-16 05:57:16,SHIPPED,North
O02042,C0271,2025-02-10 05:11:21,SHIPPED,South
O02043,C0072,2025-11-18 04:45:31,CANCELLED,East
O02044,C0245,2025-04-22 00:32:32,SHIPPED,North
O02045,C0008,2025-08-07 05:20:31,RETURNED,South
O02046,C0653,2025-07-22 21:31:33,DELIVERED,South
O02047,C0175,2026-03-21 23:17:57,DELIVERED,North
O02048,C0280,2026-05-31 00:44:57,SHIPPED,North
O02049,C0584,2026-02-05 00:00:00,CANCELLED,West
O02050,C0188,2025-12-18 22:44:51,PLACED,North
O02051,C0534,2024-12-17 15:57:22,PLACED,West
O02052,C0365,2026-01-11 19:27:49,CANCELLED,West
O02053,C0276,2025-10-18 23:37:41,RETURNED,South
O02054,C0073,2025-10-21 03:34:22,DELIVERED,South
O02055,C0836,2026-03-06 00:38:00,DELIVERED,West
O02056,C0035,2024-07-19 07:26:19,PLACED,North
O02057,C0571,2024-11-28 10:15:03,PLACED,North
O02058,C0700,2025-02-26 05:51:04,CANCELLED,East
O02059,C0657,2024-07-11 07:13:38,PLACED,East
O02060,C0986,2026-03-02 13:03:35,RETURNED,North
O02061,C0781,2024-12-09 13:17:45,RETURNED,West
O02062,C0401,2024-07-24 23:01:25,CANCELLED,North
O02063,C0144,2025-12-07 06:31:33,DELIVERED,West
O02064,C0196,2025-12-28 06:26:14,RETURNED,South
O02065,UNKNOWN,2026-04-01 18:01:46,DELIVERED,West
O02066,UNKNOWN,2025-05-12 10:13:32,CANCELLED,South
O02067,C0854,2025-05-23 06:20:33,CANCELLED,West
O02068,C0760,2025-12-04 21:04:58,SHIPPED,East
O02069,C0604,2025-08-16 00:00:00,RETURNED,West
O02070,C0445,2026-06-30 00:37:07,CANCELLED,North
O02071,C0575,2025-08-06 01:33:48,DELIVERED,South
O02072,C0689,2025-04-05 03:53:47,SHIPPED,South
O02073,C0245,2025-07-09 10:41:13,PLACED,North
O02074,C0660,2026-06-17 16:52:37,SHIPPED,West
O02075,C0956,2025-10-21 03:04:20,CANCELLED,South
O02076,C0303,2025-10-31 08:10:06,DELIVERED,West
O02077,C0772,2025-05-14 08:32:50,RETURNED,South
O02078,UNKNOWN,2025-06-19 14:50:51,CANCELLED,East
O02079,C0205,2026-03-14 03:06:16,DELIVERED,North
O02080,C0753,2025-06-17 20:00:30,RETURNED,South
O02081,C0105,2025-04-09 09:15:01,RETURNED,South
O02082,C0936,2024-09-18 08:25:02,PLACED,West
O02083,C0697,2025-06-24 15:43:22,SHIPPED,East
O02084,C0035,2024-10-06 10:13:46,SHIPPED,West
O02085,C0441,2025-06-27 19:51:08,PLACED,South
O02086,C0066,2025-06-04 20:02:46,DELIVERED,South
O02087,C0716,2025-01-25 17:10:37,RETURNED,West
O02088,C0431,2025-11-03 04:13:25,CANCELLED,North
O02089,UNKNOWN,2024-11-29 09:46:43,CANCELLED,West
O02090,C0375,2026-01-09 06:54:12,PLACED,South
O02091,C0272,2025-08-13 01:55:43,PLACED,North
O02092,C0719,2024-11-30 06:34:10,DELIVERED,East
O02093,C0198,2025-01-24 00:00:00,CANCELLED,West
O02094,C0389,2026-05-18 14:36:41,RETURNED,North
O02095,C0324,2026-05-27 00:54:40,CANCELLED,North
O02096,C0511,2026-07-01 12:09:02,DELIVERED,West
O02097,C0100,2025-10-04 22:56:51,SHIPPED,West
O02098,C0778,2025-07-17 18:14:36,DELIVERED,South
O02099,C0683,2024-12-22 10:50:24,SHIPPED,North
O02100,C0339,2025-12-08 20:41:46,CANCELLED,West
O02101,C0040,2025-05-23 16:37:32,SHIPPED,West
O02102,UNKNOWN,2024-10-06 18:53:38,RETURNED,North
O02103,C0947,2024-09-18 06:23:29,SHIPPED,South
O02104,UNKNOWN,2026-04-30 04:17:03,DELIVERED,West
O02105,C0276,2026-01-23 17:31:18,DELIVERED,East
O02106,C0032,2025-07-05 17:04:37,RETURNED,North
O02107,C0071,2025-04-21 10:11:38,PLACED,South
O02108,C0028,2025-04-22 16:41:31,SHIPPED,North
O02109,C0100,2025-03-05 00:00:00,PLACED,West
O02110,C0923,2025-04-16 19:09:14,RETURNED,South
O02111,C0597,2026-05-28 08:38:03,PLACED,North
O02112,C0262,2026-06-26 02:42:53,DELIVERED,South
O02113,C0454,2024-07-30 17:00:52,PLACED,East
O02114,C0212,2025-06-26 13:47:02,CANCELLED,North
O02115,C0612,2025-09-10 07:30:00,RETURNED,West
O02116,UNKNOWN,2024-11-13 07:38:59,RETURNED,South
O02117,C0134,2026-02-25 01:58:07,RETURNED,South
O02118,C0470,2026-06-03 06:33:44,DELIVERED,West
O02119,C0370,2024-10-10 17:22:52,DELIVERED,East
O02120,C0222,2024-12-21 01:36:40,PLACED,East
O02121,C0734,2025-02-22 07:19:13,SHIPPED,North
O02122,C0533,2024-09-10 04:08:07,RETURNED,South
O02123,C0660,2025-12-11 04:41:19,CANCELLED,East
O02124,C0164,2025-09-29 09:24:39,RETURNED,South
O02125,C0097,2025-07-08 22:21:13,PLACED,South
O02126,C0170,2026-03-27 03:12:28,CANCELLED,North
O02127,C0741,2024-08-23 02:20:02,CANCELLED,North
O02128,C0968,2024-10-02 21:53:08,SHIPPED,South
O02129,C0214,2025-09-03 07:59:46,CANCELLED,South
O02130,C0556,2025-09-07 01:51:11,DELIVERED,East
O02131,C0911,2025-12-23 08:15:26,SHIPPED,West
O02132,UNKNOWN,2025-10-02 00:00:00,DELIVERED,West
O02133,C0708,2025-07-17 04:50:04,SHIPPED,West
O02134,C0936,2025-01-12 18:07:20,SHIPPED,South
O02135,C0616,2025-03-28 03:32:34,CANCELLED,West
O02136,C0444,2024-11-04 05:14:39,DELIVERED,South
O02137,C0218,2026-04-01 18:23:21,SHIPPED,West
O02138,C0084,2025-08-24 06:32:36,CANCELLED,East
O02139,C0603,2025-08-22 18:08:23,CANCELLED,South
O02140,C0800,2026-05-24 13:47:32,PLACED,East
O02141,C0775,2024-11-25 09:07:39,DELIVERED,North
O02142,C0282,2026-01-13 03:35:37,DELIVERED,East
O02143,C0282,2024-10-17 22:54:50,DELIVERED,North
O02144,C0501,2025-12-22 12:47:54,SHIPPED,East
O02145,C0641,2024-11-23 20:33:39,SHIPPED,North
O02146,C0456,2025-12-14 10:36:59,DELIVERED,West
O02147,C0505,2025-06-23 06:01:36,DELIVERED,North
O02148,C0646,2025-02-24 00:00:00,RETURNED,South
O02149,C0770,2025-08-15 20:45:26,RETURNED,West
O02150,C0818,2025-03-09 02:14:41,DELIVERED,North
O02151,C0763,2025-06-29 22:15:45,PLACED,North
O02152,C0614,2026-04-17 20:37:38,RETURNED,East
O02153,C0992,2026-07-06 05:00:05,DELIVERED,South
O02154,UNKNOWN,2025-04-15 14:02:39,PLACED,North
O02155,C0173,2025-03-14 23:41:47,DELIVERED,East
O02156,C0842,2024-08-23 18:22:23,DELIVERED,North
O02157,C0538,2025-10-23 19:34:13,DELIVERED,West
O02158,C0675,2026-02-14 16:32:50,DELIVERED,East
O02159,C0625,2026-01-22 04:23:54,SHIPPED,West
O02160,C0083,2026-01-11 20:55:30,RETURNED,East
O02161,C0713,2025-03-08 12:06:31,CANCELLED,West
O02162,C0845,2026-04-11 14:21:35,PLACED,East
O02163,UNKNOWN,2026-06-16 04:07:45,DELIVERED,North
O02164,C0996,2025-11-27 10:10:08,DELIVERED,West
O02165,C0032,2025-11-18 10:50:14,DELIVERED,East
O02166,C0908,2024-07-15 18:16:46,CANCELLED,East
O02167,C0550,2024-08-23 19:31:46,PLACED,North
O02168,C0534,2025-08-01 04:52:47,PLACED,South
O02169,C0053,2026-06-19 09:20:39,PLACED,West
O02170,C0384,2026-03-14 16:06:26,DELIVERED,North
O02171,C0781,2024-09-22 11:11:49,DELIVERED,South
O02172,C0392,2024-11-16 14:16:59,RETURNED,West
O02173,C0654,2026-03-11 14:35:07,SHIPPED,North
O02174,C0732,2026-06-18 00:54:49,PLACED,East
O02175,C0022,2025-11-26 05:16:22,PLACED,East
O02176,C0408,2024-11-03 00:25:04,PLACED,South
O02177,C0204,2026-02-21 18:42:07,DELIVERED,East
O02178,C0790,2025-09-01 09:49:23,PLACED,East
O02179,C0462,2025-10-14 07:33:56,CANCELLED,East
O02180,C0910,2025-09-04 03:58:20,SHIPPED,South
O02181,C0092,2025-01-11 18:02:59,CANCELLED,North
O02182,C0605,2025-03-30 04:50:15,RETURNED,East
O02183,C0982,2025-08-24 07:33:29,RETURNED,South
O02184,C0937,2026-06-20 00:24:06,SHIPPED,West
O02185,C0913,2025-01-14 21:38:52,RETURNED,West
O02186,C0148,2025-07-24 19:47:15,RETURNED,West
O02187,C0655,2025-06-06 10:13:15,CANCELLED,West
O02188,C0572,2025-11-11 18:23:33,DELIVERED,East
O02189,C0623,2026-07-10 08:45:43,RETURNED,North
O02190,C0528,2025-06-01 21:07:44,SHIPPED,West
O02191,C0106,2024-10-28 23:52:43,CANCELLED,East
O02192,C0920,2024-08-08 01:46:38,DELIVERED,East
O02193,C0559,2026-03-31 22:40:15,DELIVERED,East
O02194,C0250,2024-09-10 20:30:58,RETURNED,South
O02195,C0017,2025-01-22 18:25:05,RETURNED,East
O02196,C0611,2025-10-02 00:00:00,CANCELLED,North
O02197,C0897,2024-12-27 18:36:38,PLACED,North
O02198,C0978,2025-11-26 02:34:28,CANCELLED,North
O02199,C0719,2025-10-04 05:39:27,SHIPPED,North
O02200,C0210,2024-07-25 16:13:57,SHIPPED,North
O02201,C0268,2025-12-10 13:47:43,RETURNED,East
O02202,UNKNOWN,2024-07-27 08:39:01,SHIPPED,North
O02203,C0829,2026-03-17 23:17:57,RETURNED,East
O02204,C0683,2025-05-05 04:52:13,RETURNED,West
O02205,C0011,2024-11-21 18:14:49,RETURNED,East
O02206,C0747,2025-01-14 13:11:59,SHIPPED,West
O02207,C0323,2026-07-08 06:38:28,DELIVERED,North
O02208,C0496,2025-01-01 16:24:56,PLACED,West
O02209,UNKNOWN,2024-10-26 15:19:02,RETURNED,South
O02210,C0094,2026-03-23 02:27:44,RETURNED,West
O02211,C0741,2025-10-07 05:41:32,RETURNED,East
O02212,C0978,2025-11-03 20:01:49,CANCELLED,West
O02213,C0457,2024-11-03 21:02:56,DELIVERED,South
O02214,C0354,2024-07-26 05:25:37,PLACED,West
O02215,C0989,2025-04-01 14:18:50,DELIVERED,West
O02216,C0472,2026-03-26 08:07:07,RETURNED,West
O02217,C0586,2025-08-24 12:26:49,PLACED,South
O02218,C0040,2026-06-21 20:26:30,SHIPPED,South
O02219,C0796,2025-06-10 04:08:36,SHIPPED,East
O02220,C0044,2025-04-26 22:09:15,SHIPPED,South
O02221,C0876,2024-12-15 00:00:00,PLACED,East
O02222,C0192,2025-05-17 15:56:50,CANCELLED,West
O02223,C0004,2026-05-25 13:16:08,SHIPPED,West
O02224,C0921,2025-11-04 16:37:22,PLACED,East
O02225,C0669,2024-08-11 17:16:06,RETURNED,West
O02226,C0079,2024-09-02 21:34:38,DELIVERED,West
O02227,C0190,2026-01-28 20:06:00,SHIPPED,West
O02228,C0972,2025-02-11 18:22:28,CANCELLED,West
O02229,C0272,2025-03-17 22:17:04,RETURNED,West
O02230,C0848,2024-07-25 08:01:28,CANCELLED,South
O02231,C0350,2026-05-18 09:08:22,SHIPPED,North
O02232,C0337,2025-03-13 18:25:12,DELIVERED,West
O02233,C0639,2025-06-07 00:00:00,RETURNED,South
O02234,C0777,2026-03-27 23:22:18,SHIPPED,East
O02235,C0271,2025-10-29 11:05:46,RETURNED,North
O02236,C0302,2026-02-16 14:02:25,SHIPPED,South
O02237,C0789,2025-11-02 22:44:28,DELIVERED,East
O02238,C0325,2025-04-06 01:19:03,DELIVERED,South
O02239,C0710,2026-03-25 02:21:48,PLACED,West
O02240,C0473,2024-11-22 00:36:44,SHIPPED,East
O02241,C0460,2026-07-03 17:06:51,PLACED,East
O02242,C0030,2026-07-06 10:30:03,DELIVERED,North
O02243,C0877,2025-01-03 19:45:07,RETURNED,West
O02244,C0395,2026-05-08 16:42:42,CANCELLED,North
O02245,C0888,2025-09-25 06:41:50,CANCELLED,North
O02246,C0879,2025-09-10 20:14:03,CANCELLED,East
O02247,C0165,2024-11-21 00:36:23,SHIPPED,East
O02248,C0195,2025-01-11 09:34:40,RETURNED,South
O02249,C0386,2026-04-08 22:59:38,RETURNED,North
O02250,C0539,2026-02-23 13:49:21,DELIVERED,South
O02251,C0008,2025-04-13 21:45:14,CANCELLED,South
O02252,C0940,2025-06-05 19:58:24,CANCELLED,West
O02253,C0023,2025-09-14 11:12:24,DELIVERED,South
O02254,C0542,2025-01-06 10:03:00,PLACED,South
O02255,C0959,2026-05-14 17:13:13,CANCELLED,West
O02256,C0747,2026-02-26 18:45:39,DELIVERED,South
O02257,UNKNOWN,2025-03-04 23:26:45,RETURNED,East
O02258,C0523,2025-07-12 12:30:37,CANCELLED,South
O02259,C0053,2025-01-28 21:15:12,SHIPPED,East
O02260,C0954,2026-11-06 00:00:00,PLACED,South
O02261,C0970,2025-11-22 21:39:12,CANCELLED,West
O02262,C0236,2025-11-05 00:00:00,PLACED,North
O02263,C0632,2025-03-22 20:54:03,CANCELLED,West
O02264,C0943,2026-06-07 02:57:53,DELIVERED,West
O02265,C0975,2025-04-06 21:31:58,DELIVERED,South
O02266,C0576,2024-09-09 04:40:28,RETURNED,East
O02267,C0551,2026-03-17 13:42:40,DELIVERED,West
O02268,C0538,2026-02-09 02:05:39,PLACED,South
O02269,C0585,2026-01-18 13:06:19,RETURNED,West
O02270,C0451,2025-05-11 13:09:32,SHIPPED,West
O02271,C0601,2026-01-08 23:01:55,CANCELLED,East
O02272,C0744,2025-10-09 08:47:53,RETURNED,North
O02273,C0211,2025-03-20 02:55:31,RETURNED,North
O02274,C0852,2026-03-24 19:51:26,CANCELLED,North
O02275,C0933,2026-03-09 07:55:05,PLACED,East
O02276,C0905,2025-12-12 05:09:58,PLACED,North
O02277,C0755,2025-06-06 18:46:42,CANCELLED,North
O02278,C0645,2026-02-12 15:29:46,CANCELLED,South
O02279,C0677,2025-11-04 06:22:21,RETURNED,South
O02280,C0569,2024-09-30 21:58:12,RETURNED,East
O02281,C0580,2025-11-10 05:19:28,SHIPPED,West
O02282,C0315,2026-04-17 14:53:14,RETURNED,South
O02283,C0268,2025-06-11 20:16:43,DELIVERED,East
O02284,C0107,2024-08-27 16:36:18,CANCELLED,North
O02285,C0044,2026-04-24 01:32:45,CANCELLED,North
O02286,C0939,2024-11-17 04:08:43,RETURNED,West
O02287,UNKNOWN,2026-06-20 18:11:58,DELIVERED,East
O02288,C0939,2026-07-03 00:57:25,CANCELLED,East
O02289,C0312,2025-08-15 16:49:39,PLACED,East
O02290,C0138,2025-12-23 11:29:46,PLACED,North
O02291,C0546,2025-07-28 02:45:27,CANCELLED,North
O02292,C0099,2026-05-15 03:50:24,SHIPPED,North
O02293,C0252,2024-11-30 17:39:22,SHIPPED,North
O02294,C0751,2026-02-21 15:54:55,RETURNED,North
O02295,C0227,2025-03-05 00:00:00,CANCELLED,South
O02296,C0293,2026-04-10 21:51:10,DELIVERED,South
O02297,C0602,2025-08-17 08:47:28,RETURNED,North
O02298,C0013,2024-11-01 13:22:51,RETURNED,South
O02299,UNKNOWN,2025-11-16 11:38:04,DELIVERED,North
O02300,C0460,2025-08-11 20:06:01,CANCELLED,North
O02301,UNKNOWN,2025-09-01 08:26:47,PLACED,West
O02302,C0800,2026-05-03 19:16:51,CANCELLED,South
O02303,C0515,2026-06-10 09:33:20,CANCELLED,East
O02304,C0661,2026-02-10 02:15:07,RETURNED,East
O02305,C0160,2026-01-26 20:17:15,CANCELLED,East
O02306,C0495,2025-08-31 08:25:17,SHIPPED,West
O02307,C0161,2026-04-14 23:48:01,RETURNED,South
O02308,C0839,2025-01-14 05:44:49,CANCELLED,North
O02309,C0290,2025-09-14 01:07:11,DELIVERED,South
O02310,C0741,2026-04-07 15:50:46,SHIPPED,West
O02311,C0128,2024-11-02 05:32:36,RETURNED,West
O02312,C0036,2026-03-28 01:31:57,RETURNED,West
O02313,C0554,2025-12-27 17:57:19,SHIPPED,South
O02314,C0706,2025-11-20 13:34:02,RETURNED,West
O02315,C0176,2026-06-21 19:32:11,CANCELLED,South
O02316,UNKNOWN,2025-12-06 09:42:21,RETURNED,South
O02317,C0340,2025-10-19 15:51:08,PLACED,South
O02318,C0086,2025-11-19 18:22:49,DELIVERED,East
O02319,C0173,2025-09-21 14:57:40,DELIVERED,West
O02320,C0845,2026-02-09 09:50:17,PLACED,East
O02321,C0107,2026-03-07 13:48:44,RETURNED,North
O02322,C0684,2024-10-28 19:59:02,RETURNED,North
O02323,C0201,2025-08-03 02:49:41,DELIVERED,North
O02324,C0703,2024-12-21 03:03:38,RETURNED,South
O02325,UNKNOWN,2026-02-06 15:36:38,DELIVERED,South
O02326,C0926,2025-05-23 18:45:38,CANCELLED,South
O02327,C0943,2024-10-01 18:18:06,SHIPPED,North
O02328,C0066,2025-01-22 19:19:46,PLACED,North
O02329,C0734,2026-05-14 19:43:24,SHIPPED,West
O02330,C0974,2024-09-25 19:37:38,RETURNED,North
O02331,C0279,2025-04-17 08:47:18,SHIPPED,North
O02332,C0900,2024-10-15 10:45:28,SHIPPED,North
O02333,C0377,2025-06-22 16:19:53,RETURNED,South
O02334,C0785,2025-03-22 17:59:35,RETURNED,North
O02335,C0864,2026-03-14 17:12:50,CANCELLED,West
O02336,C0902,2025-07-22 01:51:49,DELIVERED,West
O02337,C0003,2025-03-30 13:14:49,CANCELLED,West
O02338,C0263,2025-12-08 11:14:26,PLACED,South
O02339,C0640,2026-01-01 20:09:02,CANCELLED,North
O02340,C0589,2025-05-05 11:10:50,DELIVERED,East
O02341,C0454,2025-01-25 15:08:58,CANCELLED,South
O02342,C0658,2025-06-27 09:36:19,RETURNED,West
O02343,C0528,2024-08-31 18:41:05,DELIVERED,South
O02344,C0035,2024-09-08 18:44:51,DELIVERED,South
O02345,C0054,2025-07-17 09:43:28,CANCELLED,East
O02346,C0616,2025-09-24 11:09:09,RETURNED,West
O02347,C0518,2024-11-17 19:13:45,CANCELLED,North
O02348,UNKNOWN,2025-02-23 12:02:56,CANCELLED,East
O02349,C0311,2026-02-28 00:02:10,DELIVERED,West
O02350,C0161,2025-11-07 19:27:42,CANCELLED,South
O02351,C0356,2025-04-07 06:52:45,SHIPPED,West
O02352,C0986,2024-11-19 09:03:28,PLACED,North
O02353,C0336,2025-09-01 14:55:00,SHIPPED,West
O02354,C0678,2026-02-07 02:51:35,PLACED,North
O02355,C0108,2025-12-16 15:01:57,SHIPPED,West
O02356,C0803,2025-09-03 15:17:29,DELIVERED,North
O02357,C0369,2025-08-25 09:04:53,PLACED,East
O02358,C0781,2026-05-11 03:56:13,RETURNED,North
O02359,C0168,2026-05-04 11:47:08,RETURNED,East
O02360,C0151,2024-07-20 13:39:55,CANCELLED,South
O02361,C0806,2025-10-08 21:03:58,RETURNED,South
O02362,C0034,2025-02-09 02:00:51,SHIPPED,East
O02363,C0307,2026-02-12 18:03:51,PLACED,East
O02364,C0528,2026-05-30 06:39:22,DELIVERED,East
O02365,C0065,2026-01-14 08:01:58,CANCELLED,South
O02366,C0929,2026-07-10 14:52:27,DELIVERED,East
O02367,C0985,2025-04-17 15:26:58,DELIVERED,East
O02368,C0811,2026-03-19 18:38:45,DELIVERED,South
O02369,C0463,2025-03-14 17:39:22,SHIPPED,South
O02370,C0169,2024-10-08 18:32:05,RETURNED,North
O02371,C0855,2026-05-22 14:36:04,PLACED,West
O02372,C0102,2025-10-20 05:17:12,DELIVERED,West
O02373,C0857,2024-11-03 19:27:09,RETURNED,North
O02374,C0889,2025-03-25 18:48:46,CANCELLED,East
O02375,C0518,2025-07-22 02:30:35,DELIVERED,West
O02376,C0369,2025-02-25 00:14:32,CANCELLED,South
O02377,C0800,2025-05-28 20:29:58,PLACED,North
O02378,C0626,2025-04-06 10:38:06,RETURNED,West
O02379,C0339,2025-09-01 09:12:59,RETURNED,West
O02380,C0931,2024-11-17 08:12:03,CANCELLED,East
O02381,C0767,2025-07-11 06:54:34,PLACED,South
O02382,C0373,2026-06-08 14:46:27,PLACED,West
O02383,C0257,2026-02-18 02:03:44,DELIVERED,North
O02384,C0990,2025-01-09 23:17:49,DELIVERED,West
O02385,C0451,2026-04-29 16:54:45,RETURNED,West
O02386,C0253,2025-02-04 11:44:31,RETURNED,East
O02387,C0484,2025-07-21 05:50:23,CANCELLED,West
O02388,C0378,2025-12-27 07:40:07,CANCELLED,North
O02389,C0519,2024-10-05 21:07:05,RETURNED,South
O02390,C0396,2025-09-10 01:50:17,RETURNED,West
O02391,C0226,2024-12-18 00:02:05,SHIPPED,East
O02392,C0403,2025-12-29 17:14:19,CANCELLED,South
O02393,C0991,2024-12-11 11:47:01,PLACED,West
O02394,C0981,2024-11-21 10:07:44,PLACED,North
O02395,UNKNOWN,2024-08-18 23:58:14,DELIVERED,North
O02396,C0266,2026-01-06 18:23:39,PLACED,South
O02397,C0456,2025-03-31 06:31:22,CANCELLED,East
O02398,C0031,2025-11-15 10:10:19,RETURNED,East
O02399,C0425,2026-01-10 01:00:24,CANCELLED,West
O02400,C0535,2026-04-22 09:02:15,RETURNED,East
O02401,C0873,2026-01-17 11:21:28,PLACED,North
O02402,C0382,2024-09-12 03:19:08,CANCELLED,South
O02403,C0454,2024-12-24 06:23:47,PLACED,North
O02404,C0307,2026-05-06 00:00:00,PLACED,West
O02405,C0159,2026-04-17 16:41:22,SHIPPED,North
O02406,C0752,2024-11-03 17:30:11,CANCELLED,West
O02407,C0343,2025-03-14 06:33:50,PLACED,East
O02408,C0428,2025-01-09 15:26:38,RETURNED,West
O02409,C0119,2025-11-07 02:03:33,SHIPPED,West
O02410,C0221,2026-04-19 22:45:41,RETURNED,South
O02411,C0401,2025-05-12 05:33:55,RETURNED,South
O02412,C0899,2025-08-08 06:58:04,RETURNED,West
O02413,C0527,2024-09-08 03:26:17,RETURNED,North
O02414,C0460,2026-04-04 03:14:21,RETURNED,South
O02415,C0094,2025-02-07 23:28:19,RETURNED,North
O02416,C0804,2024-12-14 09:23:38,DELIVERED,West
O02417,C0255,2025-05-16 01:51:06,SHIPPED,West
O02418,C0530,2026-06-12 07:02:58,RETURNED,North
O02419,C0357,2025-02-09 23:51:54,PLACED,North
O02420,UNKNOWN,2024-09-30 02:35:40,PLACED,North
O02421,C0123,2025-03-15 02:59:13,RETURNED,North
O02422,C0538,2024-08-12 03:58:23,PLACED,East
O02423,C0427,2025-12-31 06:51:45,RETURNED,West
O02424,C0051,2025-01-03 20:51:03,SHIPPED,South
O02425,C0628,2024-12-26 04:02:20,RETURNED,North
O02426,C0180,2025-03-13 15:57:29,PLACED,South
O02427,C0331,2026-02-15 06:15:56,DELIVERED,East
O02428,C0746,2024-10-16 11:01:52,SHIPPED,South
O02429,C0240,2024-12-10 19:29:26,RETURNED,North
O02430,C0189,2026-03-16 07:29:24,CANCELLED,East
O02431,C0513,2025-06-19 00:00:00,DELIVERED,North
O02432,C0341,2026-05-19 04:36:38,RETURNED,East
O02433,C0722,2025-11-07 04:56:10,DELIVERED,North
O02434,C0314,2025-07-06 18:53:19,DELIVERED,South
O02435,C0062,2024-10-29 14:06:11,SHIPPED,North
O02436,C0098,2026-06-17 23:26:06,RETURNED,South
O02437,C0562,2025-06-05 08:18:48,DELIVERED,North
O02438,C0744,2025-04-13 10:38:39,PLACED,South
O02439,C0069,2025-08-20 02:42:21,PLACED,West
O02440,C0529,2024-08-01 08:32:42,RETURNED,West
O02441,C0052,2025-11-18 21:16:11,SHIPPED,West
O02442,C0840,2024-07-18 13:18:56,CANCELLED,East
O02443,C0564,2025-02-22 06:44:15,DELIVERED,North
O02444,C0494,2025-08-11 07:35:05,RETURNED,South
O02445,C0382,2024-09-05 08:29:41,PLACED,South
O02446,C0336,2025-03-13 10:03:39,CANCELLED,North
O02447,C0808,2026-01-27 15:55:31,RETURNED,West
O02448,C0570,2025-03-09 17:56:05,SHIPPED,North
O02449,C0752,2026-06-24 09:36:26,SHIPPED,West
O02450,C0078,2024-09-10 01:59:58,CANCELLED,North
O02451,C0972,2025-12-07 23:40:10,SHIPPED,East
O02452,C0863,2025-10-23 22:36:29,DELIVERED,South
O02453,C0670,2025-03-20 04:44:29,RETURNED,West
O02454,C0669,2025-12-20 18:50:23,SHIPPED,West
O02455,C0620,2026-06-27 19:10:22,DELIVERED,South
O02456,C0460,2024-10-15 00:56:21,DELIVERED,South
O02457,UNKNOWN,2024-11-16 12:23:35,SHIPPED,South
O02458,C0686,2024-08-14 13:30:18,DELIVERED,West
O02459,C0916,2025-05-05 01:17:23,PLACED,North
O02460,UNKNOWN,2025-09-09 12:43:24,SHIPPED,North
O02461,UNKNOWN,2024-12-23 15:52:35,PLACED,North
O02462,C0199,2025-01-26 20:29:43,CANCELLED,South
O02463,C0136,2026-04-11 04:30:40,SHIPPED,North
O02464,C0818,2026-07-11 08:54:38,CANCELLED,South
O02465,C0723,2025-04-06 23:01:57,CANCELLED,East
O02466,C0084,2024-12-16 13:08:27,PLACED,West
O02467,C0766,2024-11-05 21:56:25,SHIPPED,South
O02468,C0906,2025-07-29 17:00:05,PLACED,West
O02469,C0927,2026-01-28 14:08:32,DELIVERED,South
O02470,UNKNOWN,2025-03-26 05:34:13,DELIVERED,South
O02471,C0836,2024-11-19 07:13:13,DELIVERED,West
O02472,C0467,2025-07-25 16:55:55,PLACED,North
O02473,C0786,2026-02-10 04:24:56,PLACED,North
O02474,C0251,2025-12-25 00:00:00,CANCELLED,South
O02475,C0748,2025-07-14 14:16:42,PLACED,East
O02476,C0490,2025-09-20 13:01:36,CANCELLED,East
O02477,C0719,2026-04-22 22:17:58,CANCELLED,West
O02478,UNKNOWN,2026-05-27 21:37:30,CANCELLED,North
O02479,C0588,2025-01-13 22:53:41,RETURNED,North
O02480,UNKNOWN,2025-01-29 17:39:39,SHIPPED,North
O02481,C0789,2025-07-16 12:52:16,CANCELLED,North
O02482,C0589,2025-02-06 15:53:33,RETURNED,North
O02483,C0022,2026-03-23 14:01:38,DELIVERED,West
O02484,C0118,2025-03-22 14:55:24,PLACED,West
O02485,C0723,2024-08-03 21:08:03,PLACED,East
O02486,C0570,2025-01-08 22:11:38,CANCELLED,East
O02487,C0507,2025-03-03 08:48:13,PLACED,West
O02488,C0299,2025-02-07 00:16:49,RETURNED,South
O02489,C0340,2026-04-15 17:26:51,SHIPPED,West
O02490,C0588,2024-12-18 23:05:24,CANCELLED,East
O02491,C0906,2024-09-06 01:13:08,DELIVERED,East
O02492,C0549,2026-02-08 20:20:43,PLACED,North
O02493,C1000,2026-03-12 01:07:43,CANCELLED,West
O02494,C0456,2024-12-12 07:26:23,PLACED,North
O02495,C0864,2024-09-05 02:40:16,PLACED,West
O02496,C0139,2026-07-11 04:23:59,RETURNED,East
O02497,C0104,2025-04-17 20:11:02,DELIVERED,South
O02498,C0907,2025-01-29 04:04:08,SHIPPED,East
O02499,C0146,2024-07-22 17:24:03,DELIVERED,North
O02500,UNKNOWN,2025-10-17 09:03:09,CANCELLED,North
O02501,C0415,2024-10-26 22:55:13,SHIPPED,East
O02502,C0747,2025-11-25 20:00:52,CANCELLED,South
O02503,C0510,2024-12-27 10:05:09,SHIPPED,East
O02504,C0241,2025-04-11 11:29:05,SHIPPED,East
O02505,C0060,2026-03-25 09:57:51,SHIPPED,North
O02506,C0063,2024-09-30 21:32:34,SHIPPED,North
O02507,C0105,2025-01-26 00:00:00,DELIVERED,West
O02508,C0421,2026-03-23 00:36:21,RETURNED,West
O02509,C0227,2025-04-11 13:17:06,PLACED,South
O02510,C0878,2026-04-28 00:51:10,RETURNED,East
O02511,C0185,2024-10-15 08:03:14,SHIPPED,East
O02512,C0843,2026-01-09 04:54:00,CANCELLED,West
O02513,C0719,2024-10-14 00:56:53,PLACED,West
O02514,C0556,2026-01-13 09:37:58,CANCELLED,East
O02515,C0469,2025-09-25 08:40:25,DELIVERED,North
O02516,C0282,2025-09-11 14:20:07,SHIPPED,South
O02517,C0736,2026-06-07 09:57:35,DELIVERED,West
O02518,C0426,2026-05-19 06:33:08,SHIPPED,North
O02519,C0966,2024-12-04 06:54:03,RETURNED,South
O02520,C0529,2025-05-21 17:00:30,RETURNED,South
O02521,C0146,2024-11-09 10:09:06,PLACED,North
O02522,C0120,2025-05-27 22:16:48,SHIPPED,North
O02523,C0768,2025-05-15 11:34:24,SHIPPED,West
O02524,C0801,2026-04-29 05:23:03,PLACED,East
O02525,C0297,2025-11-07 17:10:58,SHIPPED,West
O02526,C0860,2025-01-25 15:15:44,RETURNED,North
O02527,C0788,2024-09-01 22:42:16,SHIPPED,South
O02528,C0636,2025-12-25 17:00:04,RETURNED,South
O02529,C0594,2024-10-20 20:29:34,CANCELLED,South
O02530,C0833,2025-12-28 19:11:23,DELIVERED,South
O02531,C0954,2026-06-25 14:01:49,SHIPPED,West
O02532,C0874,2024-11-02 09:15:57,CANCELLED,South
O02533,C0977,2025-10-25 07:34:45,PLACED,East
O02534,C0052,2024-12-20 06:17:40,SHIPPED,East
O02535,C0928,2025-04-07 12:40:48,CANCELLED,South
O02536,C0742,2025-08-26 03:37:25,CANCELLED,South
O02537,C0381,2025-07-26 08:30:20,CANCELLED,South
O02538,C0622,2024-09-11 09:41:10,DELIVERED,West
O02539,C0875,2025-11-08 12:13:04,DELIVERED,East
O02540,C0515,2024-11-06 19:03:27,PLACED,East
O02541,C0293,2025-03-24 17:09:24,CANCELLED,North
O02542,C0609,2025-09-13 13:58:24,RETURNED,South
O02543,C0772,2025-06-21 00:00:00,SHIPPED,North
O02544,C0397,2026-07-04 06:28:32,SHIPPED,West
O02545,C0512,2026-06-12 19:34:07,PLACED,East
O02546,C0606,2024-07-26 05:16:41,SHIPPED,South
O02547,C0313,2025-03-01 10:46:20,RETURNED,East
O02548,C0865,2024-07-27 12:27:12,CANCELLED,North
O02549,C0686,2025-11-06 18:44:22,RETURNED,West
O02550,C0378,2025-06-02 04:09:50,DELIVERED,North
O02551,C0981,2025-02-18 19:50:57,SHIPPED,East
O02552,C0038,2025-03-01 20:04:39,PLACED,South
O02553,C0403,2025-05-31 01:28:35,DELIVERED,South
O02554,C0407,2025-04-14 15:16:17,PLACED,North
O02555,UNKNOWN,2024-09-03 23:48:21,PLACED,West
O02556,C0829,2024-12-14 15:09:18,SHIPPED,North
O02557,C0915,2025-09-17 21:04:09,CANCELLED,South
O02558,C0250,2024-08-19 16:00:44,DELIVERED,North
O02559,C0741,2025-07-22 12:52:34,CANCELLED,West
O02560,C0232,2025-10-24 12:18:42,DELIVERED,North
O02561,C0839,2026-05-04 20:20:33,RETURNED,East
O02562,C0445,2026-05-10 19:23:19,RETURNED,East
O02563,C0663,2025-07-19 10:01:48,DELIVERED,North
O02564,C0231,2024-10-26 18:08:06,RETURNED,North
O02565,C0022,2025-09-07 12:21:30,SHIPPED,East
O02566,UNKNOWN,2025-02-09 02:38:55,RETURNED,West
O02567,C0783,2025-04-08 00:00:00,RETURNED,East
O02568,C0837,2024-08-09 03:10:50,PLACED,North
O02569,C0135,2024-10-29 20:42:54,CANCELLED,South
O02570,UNKNOWN,2024-12-15 14:12:01,SHIPPED,North
O02571,C0555,2025-05-05 20:52:00,CANCELLED,West
O02572,C0824,2026-04-09 13:55:03,RETURNED,North
O02573,C0808,2025-04-24 10:43:25,SHIPPED,West
O02574,C0781,2024-08-15 14:48:32,DELIVERED,North
O02575,C0210,2025-02-04 09:14:51,SHIPPED,North
O02576,C0358,2026-05-31 01:54:55,RETURNED,South
O02577,C0814,2026-06-30 16:54:02,DELIVERED,North
O02578,C0154,2026-01-25 03:02:10,CANCELLED,North
O02579,C0008,2026-01-16 14:12:12,DELIVERED,East
O02580,C0555,2024-10-05 23:28:58,RETURNED,North
O02581,C0495,2026-01-28 04:34:00,DELIVERED,West
O02582,C0842,2024-08-16 10:37:46,RETURNED,South
O02583,UNKNOWN,2025-02-02 03:16:18,DELIVERED,North
O02584,C0671,2025-03-31 04:58:37,DELIVERED,West
O02585,C0144,2025-01-06 00:35:06,DELIVERED,North
O02586,C0522,2025-12-03 20:06:31,RETURNED,West
O02587,C0851,2025-10-22 16:59:32,SHIPPED,East
O02588,C0681,2026-03-05 13:58:40,RETURNED,East
O02589,C0782,2024-12-20 18:49:40,CANCELLED,South
O02590,C0656,2026-02-07 01:54:47,CANCELLED,West
O02591,C0764,2025-01-05 14:26:15,PLACED,North
O02592,C0288,2025-03-19 13:25:09,SHIPPED,West
O02593,C0635,2024-07-18 19:07:27,DELIVERED,South
O02594,C0684,2026-03-11 13:48:12,SHIPPED,East
O02595,C0072,2025-09-07 00:33:55,PLACED,East
O02596,C0838,2025-03-02 06:00:32,DELIVERED,South
O02597,C0204,2024-07-28 08:17:03,RETURNED,East
O02598,C0250,2024-11-27 17:46:57,CANCELLED,South
O02599,C0151,2024-08-13 08:40:07,CANCELLED,South
O02600,C0733,2026-05-10 13:03:26,CANCELLED,South
O02601,C0117,2026-04-25 11:39:45,SHIPPED,North
O02602,C0726,2024-08-23 17:08:47,PLACED,South
O02603,C0369,2025-06-13 11:56:50,RETURNED,East
O02604,C0807,2025-09-08 12:02:16,RETURNED,North
O02605,C0308,2026-01-18 12:11:26,SHIPPED,East
O02606,C0519,2024-10-26 02:02:04,DELIVERED,East
O02607,UNKNOWN,2026-05-07 09:14:55,RETURNED,South
O02608,C0860,2026-07-09 09:09:52,SHIPPED,West
O02609,C0496,2025-07-16 01:31:56,PLACED,South
O02610,C0448,2024-10-29 20:48:41,SHIPPED,South
O02611,C0042,2024-08-15 19:17:04,CANCELLED,North
O02612,C0196,2026-04-05 10:17:36,DELIVERED,East
O02613,C0633,2024-11-14 01:06:24,SHIPPED,South
O02614,C0089,2024-08-05 05:31:26,PLACED,South
O02615,C0489,2024-11-23 22:52:49,RETURNED,West
O02616,C0429,2025-01-18 13:23:55,SHIPPED,South
O02617,C0907,2025-11-08 00:11:14,SHIPPED,West
O02618,C0155,2024-12-10 02:21:17,RETURNED,West
O02619,C0841,2024-10-21 09:51:23,DELIVERED,North
O02620,C0365,2026-06-30 00:00:00,RETURNED,North
O02621,C0260,2025-09-13 14:31:30,PLACED,East
O02622,C0877,2024-12-27 22:33:32,SHIPPED,West
O02623,C0297,2024-10-19 10:00:43,DELIVERED,East
O02624,C0978,2025-02-04 14:47:39,DELIVERED,North
O02625,C0317,2024-09-30 18:00:20,CANCELLED,South
O02626,C0729,2026-04-27 15:13:17,DELIVERED,West
O02627,C0560,2025-11-11 00:41:58,CANCELLED,South
O02628,UNKNOWN,2024-09-11 12:15:40,CANCELLED,North
O02629,C0322,2025-06-30 05:47:37,RETURNED,West
O02630,C0164,2025-04-05 20:34:58,SHIPPED,South
O02631,C0075,2024-08-02 13:21:20,SHIPPED,North
O02632,C0213,2025-05-20 01:15:35,CANCELLED,East
O02633,C0044,2025-08-13 16:10:42,PLACED,East
O02634,C0619,2026-06-29 22:50:13,SHIPPED,East
O02635,C0754,2026-05-01 16:46:44,RETURNED,North
O02636,C0254,2025-03-13 03:46:03,SHIPPED,East
O02637,C0450,2026-03-02 11:02:04,RETURNED,East
O02638,C0212,2025-11-04 01:01:15,RETURNED,East
O02639,C0583,2025-06-09 13:21:59,CANCELLED,South
O02640,C0674,2025-10-22 23:30:21,CANCELLED,South
O02641,C0877,2026-06-08 12:27:37,RETURNED,North
O02642,C0819,2025-12-05 18:34:14,PLACED,North
O02643,C0419,2025-06-23 13:39:55,DELIVERED,East
O02644,C0888,2024-08-13 00:00:00,DELIVERED,South
O02645,C0052,2025-12-26 23:12:12,PLACED,South
O02646,C0186,2025-12-08 09:10:29,RETURNED,East
O02647,C0860,2024-10-17 10:13:05,SHIPPED,East
O02648,C0738,2024-11-27 05:55:54,RETURNED,North
O02649,C0899,2024-08-10 15:15:48,CANCELLED,South
O02650,C0488,2024-08-04 20:23:59,CANCELLED,North
O02651,C0594,2024-10-01 14:31:41,CANCELLED,West
O02652,C0388,2025-06-20 14:00:57,SHIPPED,South
O02653,C0123,2024-11-03 09:29:10,DELIVERED,West
O02654,C0597,2025-07-06 11:28:45,RETURNED,North
O02655,UNKNOWN,2025-10-23 16:17:49,CANCELLED,West
O02656,C0656,2025-07-19 20:46:28,CANCELLED,South
O02657,C0200,2026-04-02 23:25:02,CANCELLED,East
O02658,C0299,2026-03-06 03:19:50,PLACED,North
O02659,C0847,2024-11-22 11:36:19,PLACED,East
O02660,C0405,2025-06-27 20:17:54,DELIVERED,North
O02661,C0332,2025-10-27 03:28:36,SHIPPED,North
O02662,C0606,2026-05-22 20:35:02,SHIPPED,South
O02663,C0731,2024-11-19 21:15:21,PLACED,South
O02664,C0429,2026-05-06 06:09:47,SHIPPED,South
O02665,C0172,2025-02-21 20:28:36,RETURNED,West
O02666,C0132,2025-08-01 04:22:36,SHIPPED,West
O02667,C0062,2024-09-11 00:00:00,CANCELLED,West
O02668,C0884,2025-06-30 06:51:19,CANCELLED,South
O02669,C0515,2026-04-22 02:32:19,RETURNED,West
O02670,C0025,2025-09-21 11:44:55,DELIVERED,East
O02671,C0627,2024-07-26 13:03:57,DELIVERED,East
O02672,C0747,2024-08-26 21:16:15,PLACED,North
O02673,C0286,2024-07-27 05:17:59,RETURNED,East
O02674,C0493,2025-03-15 08:28:03,DELIVERED,South
O02675,C0812,2026-01-27 17:37:25,PLACED,East
O02676,C0197,2025-05-11 01:09:15,RETURNED,South
O02677,C0106,2025-10-15 16:02:05,SHIPPED,East
O02678,C0043,2026-04-28 07:29:50,PLACED,East
O02679,C0761,2025-02-04 00:00:00,DELIVERED,South
O02680,C0431,2026-07-07 18:14:22,CANCELLED,South
O02681,C0252,2024-11-09 11:24:48,SHIPPED,East
O02682,C0692,2024-08-12 14:05:07,SHIPPED,North
O02683,C0807,2025-12-29 21:06:53,DELIVERED,North
O02684,C0943,2026-05-10 02:48:17,CANCELLED,East
O02685,C0609,2025-11-28 21:53:56,RETURNED,South
O02686,C0435,2025-09-30 00:14:12,CANCELLED,South
O02687,C0908,2025-08-21 21:48:33,RETURNED,South
O02688,C0252,2025-06-19 17:50:51,CANCELLED,North
O02689,UNKNOWN,2025-10-24 01:09:06,PLACED,West
O02690,UNKNOWN,2025-04-24 09:57:27,CANCELLED,West
O02691,C0129,2025-10-08 20:03:32,CANCELLED,East
O02692,C0976,2025-10-12 22:52:11,CANCELLED,East
O02693,C0792,2024-12-17 19:24:19,PLACED,East
O02694,C0382,2025-12-13 20:52:40,DELIVERED,North
O02695,C0100,2024-10-05 08:38:37,SHIPPED,North
O02696,C0479,2026-02-02 10:25:54,SHIPPED,South
O02697,C0883,2024-12-01 15:55:42,CANCELLED,North
O02698,C0593,2025-07-16 23:08:12,PLACED,East
O02699,C0394,2026-01-07 16:36:11,DELIVERED,North
O02700,C0793,2025-05-17 02:55:04,RETURNED,East
O02701,C0147,2026-06-27 15:47:57,DELIVERED,West
O02702,C0423,2025-06-23 01:26:18,CANCELLED,South
O02703,C0969,2025-11-05 10:29:30,SHIPPED,East
O02704,C0489,2025-10-30 10:10:11,PLACED,North
O02705,C0771,2024-08-05 03:14:02,SHIPPED,South
O02706,C0652,2025-09-07 12:00:43,SHIPPED,East
O02707,C0841,2024-07-14 12:31:26,DELIVERED,East
O02708,C0395,2025-04-10 13:36:52,RETURNED,West
O02709,C0732,2025-07-22 04:29:54,DELIVERED,West
O02710,C0891,2025-01-23 07:09:48,RETURNED,South
O02711,C0863,2024-08-16 23:36:17,SHIPPED,East
O02712,C0738,2025-08-22 10:41:00,CANCELLED,South
O02713,C0223,2025-09-22 03:55:29,DELIVERED,West
O02714,C0526,2024-09-30 07:31:20,RETURNED,South
O02715,C0595,2024-12-29 07:03:51,RETURNED,North
O02716,C0893,2026-01-11 21:35:40,RETURNED,North
O02717,C0107,2026-06-24 07:44:10,RETURNED,East
O02718,C0853,2025-09-11 02:11:03,RETURNED,West
O02719,C0415,2026-03-05 15:36:14,SHIPPED,West
O02720,C0363,2026-06-01 08:03:14,CANCELLED,East
O02721,C0649,2025-03-31 21:19:32,PLACED,East
O02722,C0259,2025-03-11 03:24:50,SHIPPED,South
O02723,C0595,2025-05-14 16:53:47,RETURNED,South
O02724,C0484,2025-01-15 02:34:11,RETURNED,West
O02725,C0249,2026-03-22 08:52:47,RETURNED,North
O02726,C0327,2025-02-22 20:42:17,RETURNED,South
O02727,C0827,2025-09-06 17:57:03,SHIPPED,East
O02728,C0083,2025-05-17 00:00:00,CANCELLED,North
O02729,C0893,2026-02-09 18:44:57,DELIVERED,North
O02730,C0695,2026-06-19 09:07:22,DELIVERED,West
O02731,C0001,2026-01-15 00:00:00,RETURNED,West
O02732,C0430,2025-06-25 23:32:45,CANCELLED,South
O02733,C0283,2024-11-10 06:54:35,RETURNED,North
O02734,C0193,2025-07-29 13:04:24,DELIVERED,East
O02735,C0986,2025-09-28 11:32:53,DELIVERED,South
O02736,C0615,2025-11-11 13:50:41,PLACED,North
O02737,C0898,2024-10-01 12:39:47,DELIVERED,South
O02738,C0949,2026-02-11 11:03:06,PLACED,West
O02739,C0759,2025-10-25 12:41:01,PLACED,East
O02740,C0216,2025-12-10 03:57:44,CANCELLED,East
O02741,C0534,2026-03-01 19:41:11,CANCELLED,East
O02742,C0890,2026-06-04 04:22:35,SHIPPED,East
O02743,C0015,2025-06-04 00:00:00,DELIVERED,East
O02744,C0131,2025-09-17 00:00:00,PLACED,North
O02745,C0306,2026-02-24 22:00:46,DELIVERED,South
O02746,C0270,2026-03-27 13:51:55,CANCELLED,South
O02747,C0208,2024-10-15 10:39:26,CANCELLED,South
O02748,C0451,2025-01-22 06:40:02,RETURNED,East
O02749,C0031,2026-03-09 22:11:04,RETURNED,West
O02750,C0395,2025-02-19 08:30:34,CANCELLED,West
O02751,C0067,2026-04-09 14:04:12,CANCELLED,North
O02752,C0320,2026-06-26 07:16:05,CANCELLED,West
O02753,C0061,2025-05-22 00:01:11,PLACED,North
O02754,UNKNOWN,2025-04-18 06:27:58,SHIPPED,East
O02755,C0498,2024-11-14 05:56:11,SHIPPED,West
O02756,C0976,2026-03-09 07:37:44,CANCELLED,North
O02757,C0316,2024-10-19 06:52:39,CANCELLED,North
O02758,C0451,2024-08-04 02:42:28,PLACED,East
O02759,C0925,2026-04-23 12:16:53,PLACED,West
O02760,C0171,2025-05-30 12:49:33,DELIVERED,East
O02761,C0150,2025-10-12 11:43:31,RETURNED,South
O02762,UNKNOWN,2025-02-15 14:24:51,PLACED,North
O02763,C0485,2024-08-04 22:40:37,SHIPPED,South
O02764,C0708,2024-09-19 07:14:01,CANCELLED,North
O02765,C0704,2025-10-20 01:25:16,SHIPPED,West
O02766,C0354,2024-08-22 00:31:47,RETURNED,West
O02767,C0140,2025-02-28 18:29:28,SHIPPED,South
O02768,C0074,2025-08-07 13:59:41,PLACED,South
O02769,C0373,2024-12-06 13:07:45,CANCELLED,North
O02770,C0077,2024-09-16 12:59:08,SHIPPED,North
O02771,UNKNOWN,2024-07-11 21:53:57,DELIVERED,South
O02772,C0416,2024-10-10 10:57:23,SHIPPED,North
O02773,C0281,2024-07-17 04:15:38,RETURNED,North
O02774,C0905,2026-02-11 17:22:41,CANCELLED,North
O02775,C0103,2024-07-22 06:27:16,DELIVERED,South
O02776,C0358,2025-07-19 18:00:55,DELIVERED,West
O02777,C0474,2024-10-14 14:19:56,CANCELLED,North
O02778,C0139,2025-11-16 00:22:24,SHIPPED,East
O02779,C0623,2024-09-12 01:25:06,CANCELLED,South
O02780,C0489,2026-05-08 09:48:25,CANCELLED,South
O02781,C0046,2025-10-28 07:33:51,RETURNED,West
O02782,C0956,2025-08-07 21:53:40,CANCELLED,East
O02783,C0159,2025-07-13 20:19:23,CANCELLED,North
O02784,C0498,2025-02-15 13:53:01,RETURNED,South
O02785,C0632,2025-08-29 22:24:17,DELIVERED,North
O02786,C0308,2025-10-03 09:55:43,CANCELLED,East
O02787,C0327,2026-04-01 16:44:19,RETURNED,East
O02788,C0557,2025-05-02 08:05:49,DELIVERED,East
O02789,C0973,2025-03-08 02:19:50,CANCELLED,South
O02790,C0570,2026-03-11 12:29:15,CANCELLED,North
O02791,C0423,2025-12-07 22:11:39,DELIVERED,West
O02792,C0333,2025-05-04 16:42:13,SHIPPED,East
O02793,C0747,2026-06-01 06:44:00,SHIPPED,East
O02794,UNKNOWN,2024-11-06 07:08:58,DELIVERED,East
O02795,C0898,2025-11-20 23:31:44,SHIPPED,East
O02796,C0268,2025-04-20 06:42:43,CANCELLED,South
O02797,C0870,2025-02-27 03:12:28,PLACED,North
O02798,C0249,2025-10-09 01:01:55,SHIPPED,West
O02799,C0506,2026-02-14 17:09:42,RETURNED,South
O02800,C0845,2025-08-17 10:37:24,SHIPPED,North
O02801,C0419,2025-01-15 02:14:06,RETURNED,South
O02802,C0797,2025-04-07 23:13:20,CANCELLED,North
O02803,C0401,2026-04-21 19:00:50,CANCELLED,North
O02804,C0222,2026-04-23 03:01:13,CANCELLED,North
O02805,C0094,2025-07-19 19:01:34,RETURNED,South
O02806,C0635,2024-08-11 08:32:00,PLACED,South
O02807,C0218,2026-04-19 05:31:24,CANCELLED,East
O02808,C0235,2024-09-03 13:43:21,PLACED,East
O02809,C0752,2025-12-12 11:28:45,CANCELLED,North
O02810,C0962,2026-05-29 21:50:54,PLACED,North
O02811,UNKNOWN,2025-03-09 08:22:27,CANCELLED,North
O02812,C0647,2025-01-25 02:45:38,SHIPPED,West
O02813,C0065,2024-10-26 18:00:24,PLACED,North
O02814,C0637,2025-05-29 04:33:26,RETURNED,South
O02815,C0486,2025-06-08 14:56:53,SHIPPED,West
O02816,C0075,2024-12-03 09:19:47,CANCELLED,North
O02817,C0515,2025-02-02 04:53:44,SHIPPED,South
O02818,C0865,2024-11-05 14:08:11,PLACED,West
O02819,C0207,2025-06-19 08:45:40,DELIVERED,South
O02820,C0918,2024-10-31 13:09:53,SHIPPED,North
O02821,C0879,2025-05-24 13:08:05,SHIPPED,North
O02822,C0100,2026-06-12 06:40:53,SHIPPED,East
O02823,C0468,2026-03-19 00:56:11,CANCELLED,East
O02824,C0590,2025-08-29 04:39:52,PLACED,North
O02825,C0214,2024-09-22 15:41:52,CANCELLED,West
O02826,C0497,2025-12-14 02:42:37,SHIPPED,East
O02827,C0600,2024-11-26 21:24:28,DELIVERED,South
O02828,C0707,2024-11-08 23:48:55,DELIVERED,East
O02829,C0010,2024-10-20 04:49:51,PLACED,South
O02830,C0284,2025-05-10 19:15:22,DELIVERED,South
O02831,C0729,2025-02-20 00:00:00,PLACED,West
O02832,C0927,2026-04-02 03:24:08,CANCELLED,South
O02833,C0966,2024-10-08 18:42:38,CANCELLED,South
O02834,C0569,2025-10-23 23:14:02,PLACED,North
O02835,C0740,2024-09-01 13:47:49,SHIPPED,North
O02836,UNKNOWN,2025-06-07 19:03:02,RETURNED,West
O02837,C0125,2026-01-01 02:42:13,DELIVERED,North
O02838,C0592,2026-02-03 19:42:24,RETURNED,West
O02839,C0455,2026-07-01 05:03:24,RETURNED,South
O02840,C0627,2026-07-06 23:06:30,CANCELLED,East
O02841,C0471,2025-11-20 19:11:06,SHIPPED,South
O02842,C0792,2024-10-23 12:52:43,RETURNED,South
O02843,C0820,2026-02-14 14:10:45,SHIPPED,East
O02844,C0715,2025-02-20 17:55:11,SHIPPED,East
O02845,C0749,2026-06-26 04:54:13,CANCELLED,North
O02846,C0239,2024-08-16 11:01:53,SHIPPED,North
O02847,C0080,2025-05-18 04:19:40,SHIPPED,West
O02848,C0969,2025-01-03 22:20:37,RETURNED,West
O02849,C0686,2026-04-06 19:32:49,CANCELLED,West
O02850,C0396,2024-09-18 01:39:50,CANCELLED,West
O02851,C0445,2025-12-08 00:47:31,CANCELLED,East
O02852,C0368,2025-08-16 02:39:43,PLACED,North
O02853,C0336,2025-04-27 00:28:41,PLACED,East
O02854,C0409,2025-04-12 03:05:30,PLACED,North
O02855,C0544,2026-05-29 10:20:09,DELIVERED,North
O02856,C0472,2024-12-17 04:45:36,DELIVERED,South
O02857,C0648,2025-09-15 17:41:10,RETURNED,North
O02858,C0917,2025-09-18 04:57:30,CANCELLED,South
O02859,C0229,2025-11-13 06:59:57,PLACED,West
O02860,C0507,2025-06-06 12:15:30,CANCELLED,West
O02861,C0293,2026-06-08 21:37:13,RETURNED,East
O02862,C0879,2025-10-06 21:48:02,SHIPPED,North
O02863,C0517,2025-10-30 15:49:50,PLACED,East
O02864,C0346,2025-01-15 11:32:42,SHIPPED,West
O02865,C0040,2026-02-25 20:17:55,PLACED,North
O02866,C0269,2026-02-15 10:38:04,DELIVERED,West
O02867,UNKNOWN,2026-05-31 16:09:32,SHIPPED,East
O02868,C0486,2025-09-06 19:23:18,SHIPPED,South
O02869,C0535,2025-03-14 22:45:59,SHIPPED,West
O02870,C0761,2024-11-12 19:26:08,RETURNED,North
O02871,C0486,2025-05-03 11:26:43,SHIPPED,South
O02872,C0062,2024-11-25 16:21:02,PLACED,East
O02873,C0368,2025-03-26 22:57:49,SHIPPED,East
O02874,C0697,2024-10-06 16:04:18,DELIVERED,West
O02875,C0073,2026-04-17 13:56:03,SHIPPED,North
O02876,C0016,2025-10-17 10:03:34,PLACED,South
O02877,C0468,2026-05-18 16:25:37,SHIPPED,South
O02878,C0444,2025-06-20 08:00:44,DELIVERED,West
O02879,C0312,2026-04-01 21:21:46,CANCELLED,North
O02880,C0033,2025-09-15 16:27:00,DELIVERED,North
O02881,C0795,2025-03-16 21:15:27,CANCELLED,South
O02882,C0972,2025-12-12 08:23:15,RETURNED,South
O02883,C0794,2024-11-03 22:41:29,CANCELLED,South
O02884,C0537,2025-05-02 09:19:51,RETURNED,West
O02885,C0891,2025-07-08 12:15:57,SHIPPED,East
O02886,C0586,2025-06-11 18:45:52,RETURNED,South
O02887,C0658,2025-12-14 15:09:30,DELIVERED,North
O02888,C0277,2025-12-18 16:57:22,CANCELLED,West
O02889,C0155,2025-07-07 12:30:17,SHIPPED,West
O02890,C0294,2024-08-17 12:25:54,SHIPPED,South
O02891,C0540,2026-06-12 14:57:42,DELIVERED,South
O02892,C0567,2025-02-24 00:13:44,DELIVERED,West
O02893,C0842,2026-02-24 15:06:42,CANCELLED,East
O02894,C0490,2026-06-10 06:49:50,PLACED,East
O02895,C0352,2026-03-25 20:12:34,PLACED,South
O02896,C0130,2026-02-10 00:43:41,PLACED,East
O02897,C0515,2025-02-19 16:12:09,SHIPPED,South
O02898,C0695,2024-08-18 08:32:41,RETURNED,East
O02899,C0925,2024-09-16 19:42:41,PLACED,East
O02900,C0063,2024-12-09 07:06:25,PLACED,North
O02901,C0061,2026-05-19 13:23:14,RETURNED,East
O02902,UNKNOWN,2026-02-14 04:44:08,DELIVERED,East
O02903,C0708,2026-01-09 09:32:10,SHIPPED,East
O02904,C0252,2026-03-14 01:11:52,DELIVERED,East
O02905,C0325,2025-10-15 17:57:32,SHIPPED,West
O02906,C0803,2024-08-24 02:01:17,SHIPPED,North
O02907,C0040,2025-09-14 19:00:43,DELIVERED,South
O02908,C0821,2025-11-20 06:39:10,DELIVERED,West
O02909,C0875,2024-10-15 01:44:16,PLACED,South
O02910,C0810,2025-03-14 08:17:53,SHIPPED,South
O02911,C0864,2026-02-04 17:42:38,SHIPPED,North
O02912,C0539,2026-06-13 18:15:03,DELIVERED,East
O02913,C0658,2026-01-01 04:49:32,DELIVERED,East
O02914,C0557,2024-09-24 23:16:07,PLACED,South
O02915,C0686,2026-03-25 04:53:51,RETURNED,North
O02916,C0721,2026-07-05 13:34:03,RETURNED,South
O02917,C0290,2026-02-23 04:53:01,RETURNED,South
O02918,C0627,2025-10-22 03:30:08,RETURNED,North
O02919,C0605,2025-06-30 03:59:05,RETURNED,North
O02920,C0047,2025-02-16 02:10:12,RETURNED,East
O02921,C0688,2024-10-28 06:25:18,RETURNED,North
O02922,C0192,2025-01-17 00:09:53,PLACED,North
O02923,C0249,2025-01-09 14:48:29,PLACED,West
O02924,C0525,2026-07-10 02:44:50,PLACED,South
O02925,C0747,2025-02-23 23:34:38,CANCELLED,South
O02926,C0635,2026-03-17 16:06:50,CANCELLED,North
O02927,C0533,2025-04-19 22:54:39,RETURNED,North
O02928,C0340,2025-11-04 19:29:45,DELIVERED,East
O02929,C0707,2025-04-28 20:39:00,PLACED,North
O02930,C0992,2025-02-12 05:38:02,DELIVERED,East
O02931,C0247,2025-07-21 00:07:15,CANCELLED,East
O02932,C0851,2025-01-17 16:52:20,RETURNED,North
O02933,C0580,2026-04-23 12:59:35,DELIVERED,West
O02934,C0526,2024-10-07 08:46:28,RETURNED,South
O02935,C0126,2025-01-24 20:29:57,CANCELLED,North
O02936,C0271,2025-07-30 22:01:16,PLACED,South
O02937,C0777,2024-10-29 07:23:20,RETURNED,North
O02938,C0143,2024-10-18 18:24:48,SHIPPED,South
O02939,C0490,2024-10-11 21:18:18,SHIPPED,West
O02940,C0484,2025-12-28 15:29:22,PLACED,West
O02941,C0384,2025-08-26 22:28:33,SHIPPED,North
O02942,C0596,2024-10-31 22:38:16,SHIPPED,East
O02943,C0681,2024-08-20 03:44:31,PLACED,West
O02944,C0385,2025-07-13 19:12:33,RETURNED,West
O02945,C0701,2024-09-14 07:27:56,CANCELLED,West
O02946,C0808,2025-06-22 19:09:54,SHIPPED,South
O02947,C0447,2026-03-27 17:29:36,RETURNED,East
O02948,C0132,2024-11-25 21:54:17,DELIVERED,North
O02949,C0243,2025-08-30 09:46:58,PLACED,West
O02950,C0963,2026-01-24 14:26:42,RETURNED,South
O02951,C0418,2024-10-23 05:57:47,RETURNED,West
O02952,C0355,2025-02-06 01:09:14,RETURNED,East
O02953,C0147,2026-05-24 21:40:50,PLACED,South
O02954,C0706,2025-12-04 02:48:24,RETURNED,South
O02955,C0743,2025-12-20 20:25:56,CANCELLED,West
O02956,C0463,2026-03-29 07:10:25,PLACED,West
O02957,C0329,2025-10-04 01:36:15,PLACED,North
O02958,C0806,2026-03-25 16:48:40,PLACED,North
O02959,C0823,2025-07-29 04:00:47,CANCELLED,North
O02960,C0706,2026-07-10 18:49:17,DELIVERED,West
O02961,C0837,2025-03-06 11:39:05,CANCELLED,North
O02962,C0747,2025-05-24 13:13:28,DELIVERED,East
O02963,C0412,2024-12-21 07:34:46,DELIVERED,East
O02964,C0880,2024-08-31 04:38:53,DELIVERED,South
O02965,C0910,2026-02-22 15:40:37,CANCELLED,East
O02966,C0992,2025-09-18 04:37:18,CANCELLED,East
O02967,C0907,2026-03-03 20:59:27,RETURNED,West
O02968,C0260,2025-02-14 03:36:16,RETURNED,West
O02969,C0252,2026-06-10 16:27:39,RETURNED,South
O02970,C0493,2024-09-14 08:14:31,PLACED,East
O02971,C0448,2024-08-11 09:50:05,SHIPPED,East
O02972,C0669,2025-08-02 19:03:17,DELIVERED,West
O02973,C0618,2025-06-09 06:19:56,SHIPPED,South
O02974,C0691,2026-06-19 21:37:02,SHIPPED,West
O02975,C0303,2026-01-18 05:58:14,SHIPPED,South
O02976,C0233,2026-04-07 13:16:48,CANCELLED,West
O02977,C0882,2025-12-18 22:07:22,SHIPPED,North
O02978,C0944,2026-05-14 00:18:44,RETURNED,South
O02979,C0801,2026-03-03 19:09:52,SHIPPED,West
O02980,C0475,2026-04-11 11:26:29,DELIVERED,West
O02981,C0574,2024-11-30 21:55:20,CANCELLED,West
O02982,C0102,2025-01-03 22:31:48,SHIPPED,East
O02983,C0749,2024-10-20 09:55:30,DELIVERED,West
O02984,C0404,2025-11-15 11:17:01,RETURNED,South
O02985,C0514,2024-09-12 14:21:28,PLACED,South
O02986,C0993,2026-06-02 21:53:44,PLACED,North
O02987,C0007,2024-10-12 13:59:29,DELIVERED,East
O02988,C0566,2024-11-29 13:16:28,DELIVERED,West
O02989,C0301,2025-12-09 06:15:05,PLACED,East
O02990,C0112,2024-11-04 08:20:53,SHIPPED,West
O02991,C0393,2025-04-28 15:24:57,DELIVERED,South
O02992,C0202,2026-02-26 05:38:26,PLACED,North
O02993,C0204,2024-09-12 20:56:19,DELIVERED,South
O02994,C0686,2026-06-28 23:35:52,CANCELLED,North
O02995,C0049,2025-04-30 04:38:18,CANCELLED,South
O02996,C0904,2025-10-03 00:10:21,CANCELLED,South
O02997,C0058,2024-10-17 20:37:43,RETURNED,East
O02998,C0624,2025-06-07 22:10:37,PLACED,South
O02999,C0135,2026-05-17 11:11:57,SHIPPED,East
O03000,C0926,2025-12-13 15:37:55,PLACED,North
O03001,C0364,2024-12-22 05:23:57,PLACED,East
O03002,C0862,2026-06-05 10:59:38,CANCELLED,West
O03003,UNKNOWN,2026-02-24 06:35:24,SHIPPED,West
O03004,C0434,2025-10-04 15:46:05,CANCELLED,East
O03005,C0248,2025-02-25 07:30:42,PLACED,East
O03006,C0568,2025-04-10 13:08:05,PLACED,North
O03007,C0036,2026-07-06 04:33:24,SHIPPED,East
O03008,C0188,2025-08-15 06:58:20,RETURNED,West
O03009,C0581,2025-06-05 23:43:30,CANCELLED,East
O03010,C0800,2025-10-26 09:19:06,DELIVERED,South
O03011,C0354,2026-07-09 10:24:37,SHIPPED,East
O03012,C0966,2025-05-03 16:51:28,SHIPPED,West
O03013,C0029,2025-08-08 22:49:33,SHIPPED,West
O03014,C0995,2024-09-12 08:38:43,PLACED,West
O03015,C0215,2024-07-29 14:40:00,SHIPPED,West
O03016,C0612,2025-01-29 03:18:28,DELIVERED,North
O03017,C0003,2025-02-23 22:43:18,SHIPPED,East
O03018,C0477,2026-05-06 05:51:01,SHIPPED,North
O03019,C0875,2024-11-07 15:41:51,DELIVERED,West
O03020,C0320,2025-11-28 12:05:49,SHIPPED,South
O03021,C0295,2024-08-09 02:32:12,PLACED,South
O03022,C0100,2026-06-13 14:24:04,CANCELLED,West
O03023,C0463,2024-08-02 09:27:28,DELIVERED,West
O03024,C0160,2026-01-05 20:12:29,RETURNED,South
O03025,C0789,2025-12-29 07:30:04,SHIPPED,North
O03026,C0005,2024-10-03 01:39:43,RETURNED,East
O03027,C0414,2026-05-14 01:14:10,PLACED,North
O03028,C0787,2024-07-24 17:39:39,DELIVERED,East
O03029,C0327,2026-05-28 02:23:48,CANCELLED,North
O03030,C0405,2025-08-18 04:01:07,DELIVERED,South
O03031,C0769,2026-03-02 10:17:25,RETURNED,West
O03032,UNKNOWN,2026-03-23 18:34:09,DELIVERED,North
O03033,C0878,2024-12-20 16:14:42,CANCELLED,East
O03034,C0488,2025-09-10 09:25:16,PLACED,East
O03035,C0730,2025-09-06 00:11:32,PLACED,North
O03036,C0368,2026-01-01 10:52:00,CANCELLED,East
O03037,C0670,2025-12-20 15:43:36,SHIPPED,East
O03038,C0800,2026-07-03 21:00:46,SHIPPED,North
O03039,C0766,2025-12-04 08:33:15,RETURNED,North
O03040,C0444,2025-12-03 12:32:48,RETURNED,North
O03041,C0198,2025-12-31 20:04:21,SHIPPED,North
O03042,C0436,2026-04-21 06:33:48,DELIVERED,South
O03043,C0371,2024-07-24 07:04:18,SHIPPED,South
O03044,C0526,2024-11-03 09:24:40,CANCELLED,South
O03045,UNKNOWN,2026-06-28 14:18:58,SHIPPED,South
O03046,UNKNOWN,2025-09-23 01:18:46,DELIVERED,East
O03047,C0631,2025-06-03 12:47:55,PLACED,South
O03048,C0069,2024-12-29 10:04:01,SHIPPED,South
O03049,C0643,2026-04-25 09:03:26,PLACED,East
O03050,C0852,2025-06-18 13:17:30,CANCELLED,North
O03051,C0455,2025-10-09 19:10:36,PLACED,North
O03052,UNKNOWN,2025-01-11 19:26:06,DELIVERED,East
O03053,C0803,2025-07-25 12:25:29,RETURNED,South
O03054,UNKNOWN,2026-03-19 01:37:08,DELIVERED,East
O03055,C0228,2024-11-08 14:22:55,SHIPPED,South
O03056,C0868,2025-03-19 22:54:28,PLACED,East
O03057,C0164,2025-10-28 01:47:17,RETURNED,North
O03058,C0350,2026-03-15 10:32:40,SHIPPED,North
O03059,C0849,2025-09-09 07:18:57,CANCELLED,South
O03060,C0315,2025-02-06 01:42:16,CANCELLED,South
O03061,UNKNOWN,2025-09-17 18:50:33,PLACED,North
O03062,C0877,2026-06-11 16:31:45,CANCELLED,East
O03063,C0333,2025-07-27 06:23:12,CANCELLED,South
O03064,C0446,2025-06-30 11:49:58,CANCELLED,South
O03065,C0721,2024-11-24 17:54:05,PLACED,West
O03066,C0312,2025-05-13 02:59:50,SHIPPED,East
O03067,C0142,2024-09-08 18:39:42,SHIPPED,North
O03068,C0313,2025-10-08 03:57:21,DELIVERED,West
O03069,C0084,2025-09-23 00:00:00,CANCELLED,West
O03070,C0314,2024-09-17 04:45:19,DELIVERED,North
O03071,C0249,2024-09-19 00:56:43,PLACED,North
O03072,C0127,2025-05-28 23:18:54,DELIVERED,West
O03073,C0250,2025-12-19 13:58:40,SHIPPED,North
O03074,C0801,2026-06-14 18:54:08,PLACED,South
O03075,C0808,2026-06-16 02:21:31,RETURNED,South
O03076,C0712,2025-02-09 08:30:53,RETURNED,South
O03077,C0396,2025-06-16 03:14:52,RETURNED,East
O03078,C0547,2024-04-09 00:00:00,CANCELLED,East
O03079,C0320,2025-09-19 18:09:56,RETURNED,West
O03080,C0968,2026-03-23 04:32:59,PLACED,North
O03081,C0358,2025-07-28 06:31:32,DELIVERED,South
O03082,C0959,2026-05-06 06:53:46,SHIPPED,South
O03083,C0371,2024-11-26 11:48:39,SHIPPED,West
O03084,C0313,2025-12-21 17:44:32,CANCELLED,South
O03085,C0621,2026-03-06 21:39:46,DELIVERED,East
O03086,C0861,2024-08-30 08:54:31,SHIPPED,North
O03087,C0964,2024-08-06 14:18:13,SHIPPED,North
O03088,C0153,2025-05-27 16:58:58,PLACED,South
O03089,C0699,2026-03-24 05:57:38,RETURNED,West
O03090,C0682,2025-12-12 05:47:08,CANCELLED,North
O03091,C0145,2025-12-19 23:54:47,CANCELLED,South
O03092,C0838,2026-06-24 14:11:15,DELIVERED,North
O03093,C0035,2025-07-29 01:33:20,SHIPPED,South
O03094,C0424,2026-02-18 08:17:09,CANCELLED,West
O03095,C0119,2024-09-17 04:32:09,RETURNED,East
O03096,C0376,2024-08-05 04:37:25,SHIPPED,East
O03097,C0018,2025-03-10 02:59:14,DELIVERED,East
O03098,C0364,2026-06-03 11:29:09,PLACED,East
O03099,C0064,2026-05-31 01:10:45,DELIVERED,South
O03100,C0036,2025-08-04 00:04:24,CANCELLED,South
O03101,C0929,2026-01-05 01:21:42,SHIPPED,East
O03102,C0527,2025-01-04 07:28:01,PLACED,North
O03103,C0766,2024-12-25 21:06:01,DELIVERED,North
O03104,C0745,2025-10-26 19:17:15,PLACED,East
O03105,C0538,2024-12-23 15:37:43,SHIPPED,West
O03106,C0305,2025-06-15 13:38:38,PLACED,North
O03107,C0370,2025-11-27 00:31:11,DELIVERED,East
O03108,C0263,2025-12-13 14:45:42,SHIPPED,West
O03109,C0604,2026-02-14 06:13:43,CANCELLED,North
O03110,C0404,2025-12-08 02:40:45,CANCELLED,North
O03111,C0975,2026-06-10 00:09:53,RETURNED,South
O03112,C0138,2026-03-14 17:24:13,RETURNED,East
O03113,C0212,2026-01-27 13:12:55,RETURNED,North
O03114,C0100,2026-03-04 10:42:37,PLACED,West
O03115,C0416,2026-04-09 21:39:48,SHIPPED,South
O03116,C0585,2025-09-16 19:57:07,DELIVERED,West
O03117,C0553,2024-10-05 18:15:53,DELIVERED,West
O03118,C0846,2026-01-18 00:21:12,RETURNED,East
O03119,C0087,2024-12-27 03:18:57,RETURNED,South
O03120,C0417,2024-10-18 08:02:55,DELIVERED,North
O03121,C0093,2024-10-18 17:01:05,SHIPPED,West
O03122,C0452,2025-02-15 08:41:47,DELIVERED,South
O03123,C0236,2025-01-11 06:01:08,RETURNED,West
O03124,C0841,2024-10-31 18:53:25,DELIVERED,North
O03125,C0440,2024-12-26 17:12:52,PLACED,West
O03126,C0192,2026-04-18 16:44:11,DELIVERED,South
O03127,C0818,2025-11-06 21:09:55,SHIPPED,North
O03128,C0854,2025-12-15 13:09:52,SHIPPED,East
O03129,C0232,2025-02-26 19:40:52,DELIVERED,South
O03130,C0117,2025-08-13 18:44:53,CANCELLED,North
O03131,C0482,2025-08-29 09:50:20,DELIVERED,West
O03132,C0485,2026-07-11 04:29:44,DELIVERED,North
O03133,C0155,2025-03-23 22:22:41,SHIPPED,West
O03134,C0680,2025-07-05 11:44:35,SHIPPED,North
O03135,C0111,2024-11-04 20:44:26,PLACED,South
O03136,C0209,2024-07-15 05:49:46,DELIVERED,West
O03137,C0882,2024-12-06 17:41:26,RETURNED,North
O03138,C0003,2026-04-02 06:11:02,RETURNED,South
O03139,C0166,2026-06-28 10:18:04,SHIPPED,South
O03140,C0105,2025-09-27 15:43:29,CANCELLED,East
O03141,C0441,2025-07-18 15:35:47,PLACED,South
O03142,C0842,2025-06-13 13:24:09,PLACED,West
O03143,C0719,2026-04-18 00:00:00,PLACED,East
O03144,C0713,2025-04-24 10:49:37,PLACED,West
O03145,C0327,2026-06-30 23:30:45,DELIVERED,West
O03146,C0922,2026-06-24 07:39:46,SHIPPED,South
O03147,C0195,2024-09-11 19:05:15,CANCELLED,North
O03148,UNKNOWN,2024-08-31 00:00:00,SHIPPED,South
O03149,C0592,2026-03-07 18:23:48,PLACED,West
O03150,C0880,2025-05-24 03:50:21,DELIVERED,West
O03151,C0301,2024-10-14 23:24:22,DELIVERED,North
O03152,UNKNOWN,2025-02-12 13:09:53,RETURNED,South
O03153,C0273,2025-08-10 10:24:56,DELIVERED,West
O03154,UNKNOWN,2026-05-12 07:56:26,PLACED,West
O03155,C0936,2024-11-21 06:17:53,PLACED,South
O03156,C0164,2025-10-18 04:39:47,CANCELLED,West
O03157,C0526,2025-10-13 15:33:32,RETURNED,West
O03158,C0260,2026-06-16 05:26:34,DELIVERED,South
O03159,C0765,2024-09-20 22:26:34,DELIVERED,East
O03160,C0412,2025-05-15 16:22:43,PLACED,West
O03161,C0177,2024-08-17 15:36:57,SHIPPED,West
O03162,C0719,2025-10-30 20:42:06,SHIPPED,South
O03163,C0553,2025-08-21 09:44:03,PLACED,South
O03164,C0900,2024-10-24 18:28:05,PLACED,East
O03165,C0309,2024-07-11 05:00:55,CANCELLED,West
O03166,C0302,2025-05-08 07:46:46,CANCELLED,East
O03167,UNKNOWN,2024-11-24 08:51:26,PLACED,South
O03168,C0223,2025-10-06 21:36:49,SHIPPED,North
O03169,C0352,2026-07-04 20:10:50,RETURNED,North
O03170,C0969,2025-04-23 10:20:59,CANCELLED,South
O03171,C0502,2024-12-22 10:35:01,SHIPPED,East
O03172,C0344,2026-06-19 23:44:04,DELIVERED,West
O03173,C0840,2026-01-18 14:01:41,CANCELLED,East
O03174,C0324,2025-07-12 16:18:01,SHIPPED,East
O03175,C0259,2026-11-07 00:00:00,PLACED,South
O03176,C0530,2025-06-27 06:09:34,RETURNED,North
O03177,C0810,2025-10-17 09:00:04,PLACED,South
O03178,C0610,2024-10-25 17:51:31,RETURNED,East
O03179,C0755,2024-12-14 12:49:36,PLACED,East
O03180,C0750,2026-01-23 02:47:46,CANCELLED,North
O03181,C0445,2025-03-10 11:31:51,CANCELLED,East
O03182,C0335,2025-03-11 03:14:25,SHIPPED,North
O03183,C0590,2025-09-09 12:16:55,DELIVERED,North
O03184,UNKNOWN,2026-01-29 06:35:20,SHIPPED,East
O03185,C0087,2026-07-04 13:28:35,CANCELLED,South
O03186,C0846,2025-07-24 18:38:35,SHIPPED,South
O03187,C0126,2024-10-04 06:44:08,DELIVERED,East
O03188,C0509,2024-07-29 14:52:36,SHIPPED,East
O03189,UNKNOWN,2026-05-21 22:36:23,PLACED,East
O03190,UNKNOWN,2024-11-21 23:10:50,RETURNED,South
O03191,C0515,2025-06-20 13:10:23,PLACED,West
O03192,C0809,2024-08-05 12:03:15,CANCELLED,South
O03193,UNKNOWN,2026-04-07 13:19:06,SHIPPED,South
O03194,C0775,2026-01-16 14:29:23,PLACED,South
O03195,UNKNOWN,2026-05-31 22:22:19,CANCELLED,South
O03196,C0750,2025-01-15 02:03:39,SHIPPED,South
O03197,C0824,2025-12-15 23:48:00,CANCELLED,West
O03198,C0679,2026-04-06 09:25:47,DELIVERED,South
O03199,C0301,2025-06-26 00:20:53,CANCELLED,North
O03200,C0108,2026-05-14 16:39:12,DELIVERED,West
O03201,C0129,2026-02-18 10:33:03,SHIPPED,South
O03202,C0908,2026-04-20 12:27:06,PLACED,East
O03203,C0397,2026-01-16 08:40:44,RETURNED,East
O03204,C0262,2024-09-28 09:44:21,RETURNED,East
O03205,C0764,2026-04-12 08:45:43,DELIVERED,South
O03206,C0108,2026-06-21 06:57:51,PLACED,North
O03207,C0399,2024-12-28 08:55:01,CANCELLED,East
O03208,C0950,2025-03-14 19:47:43,PLACED,East
O03209,C0861,2026-01-13 19:09:20,RETURNED,North
O03210,C0947,2025-02-25 06:05:06,SHIPPED,East
O03211,C0588,2024-10-12 15:58:08,CANCELLED,North
O03212,C0779,2025-07-21 12:46:36,CANCELLED,North
O03213,C0538,2025-12-30 15:36:35,PLACED,North
O03214,C0664,2026-03-11 08:06:39,SHIPPED,West
O03215,C0110,2025-07-14 09:26:57,SHIPPED,North
O03216,C0414,2024-10-15 19:19:02,CANCELLED,South
O03217,C0891,2025-08-05 11:13:46,DELIVERED,West
O03218,C0266,2024-07-17 00:15:01,CANCELLED,West
O03219,UNKNOWN,2025-04-21 06:24:58,PLACED,South
O03220,C0991,2026-02-10 00:16:45,PLACED,East
O03221,C0915,2024-10-10 00:00:00,RETURNED,South
O03222,C0541,2026-03-10 23:56:31,SHIPPED,East
O03223,UNKNOWN,2026-01-23 00:13:30,SHIPPED,North
O03224,C0390,2026-06-14 04:35:11,SHIPPED,North
O03225,C0120,2024-10-19 09:13:20,SHIPPED,West
O03226,C0503,2025-11-19 02:00:09,CANCELLED,South
O03227,C0731,2026-05-03 03:37:39,SHIPPED,North
O03228,C0334,2025-12-30 16:53:48,PLACED,South
O03229,C0740,2026-04-30 09:21:27,DELIVERED,North
O03230,C0251,2025-04-16 10:03:51,PLACED,North
O03231,C0092,2026-03-17 07:20:14,DELIVERED,East
O03232,C0678,2025-03-14 21:51:42,CANCELLED,West
O03233,C0639,2025-05-14 12:00:31,PLACED,South
O03234,C0036,2026-06-23 16:33:35,CANCELLED,South
O03235,C0767,2026-04-12 20:26:26,RETURNED,North
O03236,C0334,2024-11-02 10:46:09,PLACED,North
O03237,C0349,2025-05-14 02:39:28,SHIPPED,West
O03238,C0130,2025-12-06 00:00:00,PLACED,West
O03239,UNKNOWN,2026-04-04 15:18:40,DELIVERED,West
O03240,C0976,2024-08-05 16:59:41,DELIVERED,North
O03241,C0892,2025-02-07 06:37:40,RETURNED,South
O03242,C0076,2025-03-09 17:02:26,CANCELLED,East
O03243,UNKNOWN,2024-09-07 04:42:15,PLACED,South
O03244,C0762,2026-03-06 00:00:00,CANCELLED,South
O03245,C0287,2025-08-20 02:46:33,DELIVERED,South
O03246,C0810,2025-12-03 08:10:53,CANCELLED,North
O03247,C0122,2026-03-15 13:57:31,RETURNED,South
O03248,C0132,2025-05-29 01:23:45,SHIPPED,South
O03249,C0952,2024-11-07 14:58:50,RETURNED,West
O03250,C0179,2024-09-05 21:33:32,DELIVERED,South
O03251,C0288,2025-05-09 20:36:49,DELIVERED,South
O03252,C0210,2025-10-25 06:32:39,CANCELLED,South
O03253,C0416,2024-09-18 13:46:02,CANCELLED,East
O03254,C0106,2025-12-10 08:18:59,DELIVERED,North
O03255,C0214,2025-08-15 00:00:00,SHIPPED,East
O03256,C0654,2025-12-09 01:36:29,PLACED,South
O03257,C0064,2026-01-21 10:35:56,SHIPPED,North
O03258,C0275,2025-06-19 08:42:31,SHIPPED,South
O03259,C0159,2024-07-18 17:56:08,SHIPPED,South
O03260,C0158,2024-11-27 17:57:26,DELIVERED,West
O03261,C0068,2024-11-04 17:52:18,CANCELLED,East
O03262,C0182,2025-08-03 16:36:01,SHIPPED,North
O03263,C0388,2025-09-26 15:54:51,DELIVERED,West
O03264,C0898,2025-12-01 21:16:42,DELIVERED,East
O03265,C0021,2025-07-20 17:15:58,DELIVERED,North
O03266,C0203,2025-02-03 18:39:46,CANCELLED,East
O03267,C0878,2025-07-27 00:54:51,DELIVERED,East
O03268,C0986,2026-05-29 02:35:45,PLACED,North
O03269,C0286,2025-12-26 04:59:35,PLACED,East
O03270,C0648,2024-09-10 09:10:06,DELIVERED,South
O03271,C0218,2025-11-16 06:56:33,DELIVERED,West
O03272,C0761,2025-04-25 18:42:01,RETURNED,East
O03273,C0746,2024-09-02 18:15:41,CANCELLED,East
O03274,C0033,2026-06-15 16:13:03,PLACED,North
O03275,C0452,2026-05-05 10:56:33,DELIVERED,North
O03276,C0792,2025-09-20 01:02:47,PLACED,East
O03277,C0755,2024-11-25 03:45:43,RETURNED,East
O03278,C0459,2025-12-04 05:58:51,RETURNED,North
O03279,C0984,2024-08-17 20:05:07,DELIVERED,West
O03280,C0512,2025-02-10 13:43:22,SHIPPED,North
O03281,C0898,2024-08-09 22:33:36,DELIVERED,North
O03282,C0374,2024-08-24 08:10:57,CANCELLED,North
O03283,C0151,2025-10-07 08:05:38,CANCELLED,East
O03284,C0913,2025-10-25 03:32:45,CANCELLED,North
O03285,C0182,2026-02-01 20:05:36,SHIPPED,South
O03286,C0572,2025-10-29 07:16:09,PLACED,West
O03287,C0876,2024-08-24 02:03:48,DELIVERED,South
O03288,C0752,2026-03-16 00:08:08,CANCELLED,South
O03289,C0528,2026-01-04 18:16:16,PLACED,East
O03290,C0351,2026-02-08 02:00:25,PLACED,West
O03291,C0877,2025-06-25 05:09:40,CANCELLED,West
O03292,C0678,2025-09-06 01:20:58,RETURNED,East
O03293,C0002,2025-01-14 00:00:00,PLACED,East
O03294,C0257,2024-08-18 10:25:43,RETURNED,South
O03295,C0677,2025-05-07 06:34:40,RETURNED,East
O03296,C0333,2026-03-01 18:16:58,SHIPPED,East
O03297,C0068,2025-10-04 01:10:12,CANCELLED,North
O03298,C0289,2025-02-09 05:50:27,RETURNED,West
O03299,C0472,2024-09-02 11:31:21,PLACED,West
O03300,C0385,2024-12-02 22:38:49,SHIPPED,North
O03301,C0820,2025-06-09 04:39:08,CANCELLED,South
O03302,UNKNOWN,2025-07-24 10:59:37,CANCELLED,South
O03303,C0487,2025-07-03 03:48:43,PLACED,North
O03304,C0954,2025-06-28 21:28:13,CANCELLED,North
O03305,C0329,2025-11-29 01:16:10,CANCELLED,West
O03306,C0893,2025-05-13 13:42:50,PLACED,West
O03307,C0288,2025-05-25 15:07:22,DELIVERED,West
O03308,C0797,2025-04-05 16:04:12,CANCELLED,East
O03309,C0139,2026-01-23 22:11:17,CANCELLED,South
O03310,C0687,2024-12-10 20:58:47,RETURNED,North
O03311,C0557,2026-06-22 19:56:26,CANCELLED,West
O03312,C0665,2025-10-12 15:19:32,RETURNED,South
O03313,C0066,2025-10-31 12:33:19,RETURNED,West
O03314,C0524,2025-11-03 01:25:52,DELIVERED,North
O03315,C0971,2025-05-27 12:30:39,PLACED,West
O03316,C0297,2024-09-05 20:22:33,CANCELLED,West
O03317,C0268,2024-08-26 19:50:18,DELIVERED,North
O03318,C0606,2025-10-09 00:00:00,DELIVERED,West
O03319,C0431,2025-06-16 19:06:36,RETURNED,North
O03320,C0738,2025-09-16 06:47:41,SHIPPED,East
O03321,C0610,2025-03-13 18:50:22,RETURNED,South
O03322,C0550,2024-08-02 16:54:51,CANCELLED,South
O03323,C0854,2025-03-18 11:32:07,PLACED,South
O03324,C0494,2025-09-25 22:14:02,CANCELLED,North
O03325,C0976,2024-09-02 08:01:13,RETURNED,East
O03326,C0826,2026-05-21 07:10:15,RETURNED,South
O03327,C0812,2024-08-03 17:10:53,DELIVERED,East
O03328,C0079,2025-11-09 04:49:43,RETURNED,West
O03329,C0580,2025-06-29 10:04:27,PLACED,West
O03330,UNKNOWN,2024-11-24 15:18:23,DELIVERED,North
O03331,C0022,2026-07-05 00:00:00,DELIVERED,South
O03332,UNKNOWN,2026-06-08 20:02:21,PLACED,West
O03333,C0423,2025-06-17 03:52:21,CANCELLED,South
O03334,C0451,2026-01-21 12:05:57,PLACED,South
O03335,C0725,2024-10-20 05:16:20,RETURNED,North
O03336,C0278,2026-05-03 00:47:38,CANCELLED,East
O03337,C0614,2026-04-19 13:46:02,PLACED,West
O03338,C0212,2024-11-03 11:29:23,PLACED,East
O03339,C0380,2025-09-25 23:58:48,SHIPPED,West
O03340,C0068,2026-04-25 21:53:06,CANCELLED,West
O03341,C0269,2025-10-21 03:13:50,DELIVERED,West
O03342,C0234,2024-10-15 04:58:58,PLACED,West
O03343,C0588,2024-12-29 15:50:09,PLACED,North
O03344,C0658,2026-02-21 04:03:20,PLACED,West
O03345,C0993,2024-10-21 11:16:52,CANCELLED,North
O03346,C0474,2026-07-11 08:08:39,PLACED,South
O03347,C0938,2024-10-05 23:23:24,DELIVERED,North
O03348,C0582,2026-01-17 16:03:48,PLACED,North
O03349,C0127,2024-12-13 12:48:55,PLACED,West
O03350,C0236,2026-06-12 19:58:04,DELIVERED,West
O03351,C0976,2025-05-09 08:47:26,PLACED,South
O03352,C0490,2026-04-12 03:29:57,RETURNED,North
O03353,C0505,2025-07-19 14:34:41,RETURNED,South
O03354,C0147,2024-08-16 14:29:45,CANCELLED,West
O03355,C0210,2025-07-12 00:35:24,SHIPPED,South
O03356,C0528,2026-06-20 11:52:09,RETURNED,South
O03357,C0052,2025-04-22 04:18:50,PLACED,East
O03358,C0885,2024-10-02 20:26:11,SHIPPED,North
O03359,C0203,2024-11-22 19:52:22,CANCELLED,West
O03360,C0073,2025-11-20 03:26:20,CANCELLED,North
O03361,C0004,2025-02-01 22:28:58,SHIPPED,South
O03362,C0899,2024-03-11 00:00:00,DELIVERED,North
O03363,UNKNOWN,2025-03-17 05:55:29,RETURNED,West
O03364,C0474,2026-04-21 07:25:10,RETURNED,South
O03365,C0919,2025-07-07 05:18:24,CANCELLED,North
O03366,C0922,2026-02-07 13:50:59,DELIVERED,West
O03367,C0223,2026-02-15 00:00:00,RETURNED,North
O03368,C0219,2025-05-16 06:19:38,DELIVERED,East
O03369,C0987,2025-12-31 11:01:06,CANCELLED,South
O03370,C0145,2025-04-16 09:20:18,PLACED,West
O03371,C0307,2026-01-06 22:34:55,CANCELLED,North
O03372,C0134,2026-06-23 18:55:45,CANCELLED,East
O03373,C0515,2025-03-21 00:00:00,PLACED,South
O03374,C0239,2025-08-19 10:27:14,SHIPPED,West
O03375,C0607,2026-03-28 02:44:35,CANCELLED,West
O03376,C0273,2024-07-25 03:53:01,RETURNED,South
O03377,UNKNOWN,2024-12-28 06:29:55,RETURNED,East
O03378,C0127,2026-03-25 12:05:51,RETURNED,East
O03379,C0445,2025-11-10 14:15:29,CANCELLED,West
O03380,C0759,2026-06-20 03:32:31,DELIVERED,North
O03381,C0869,2025-02-27 03:43:41,DELIVERED,East
O03382,C0847,2025-10-25 23:03:16,SHIPPED,East
O03383,C0341,2026-05-21 02:20:37,SHIPPED,North
O03384,C0272,2025-06-04 13:10:45,RETURNED,South
O03385,C0501,2024-12-12 10:05:09,DELIVERED,West
O03386,C0259,2024-08-26 21:59:23,SHIPPED,West
O03387,C0442,2024-07-30 01:39:14,RETURNED,North
O03388,C0315,2024-09-25 10:33:12,PLACED,North
O03389,C0389,2024-11-14 09:29:14,PLACED,South
O03390,C0899,2026-01-21 03:02:58,RETURNED,North
O03391,UNKNOWN,2024-11-22 18:51:58,DELIVERED,South
O03392,C0395,2025-05-11 20:17:20,PLACED,North
O03393,C0871,2025-05-05 09:03:32,RETURNED,West
O03394,C0608,2025-06-23 06:02:30,SHIPPED,South
O03395,C0709,2024-12-30 08:07:00,RETURNED,West
O03396,C0602,2025-01-16 22:10:07,SHIPPED,North
O03397,C0464,2024-09-11 01:55:02,RETURNED,East
O03398,C0230,2024-09-04 18:56:19,DELIVERED,North
O03399,C0216,2025-10-23 12:06:32,PLACED,South
O03400,C0272,2026-05-15 02:39:01,SHIPPED,West
O03401,C0594,2025-08-24 21:12:03,RETURNED,South
O03402,C0757,2024-11-13 04:35:49,CANCELLED,West
O03403,C0462,2024-07-20 19:58:54,RETURNED,West
O03404,C0771,2024-03-11 00:00:00,SHIPPED,South
O03405,C0817,2025-11-22 23:07:08,CANCELLED,East
O03406,C0163,2025-12-04 14:18:41,PLACED,West
O03407,C0285,2025-02-02 19:41:09,CANCELLED,East
O03408,C0994,2026-05-27 10:00:53,CANCELLED,East
O03409,C0400,2024-10-14 19:39:43,PLACED,East
O03410,C0265,2024-09-27 14:02:01,SHIPPED,South
O03411,C0049,2026-03-08 04:04:08,SHIPPED,South
O03412,C0783,2025-10-28 21:06:59,PLACED,North
O03413,C0928,2025-04-19 02:47:42,RETURNED,East
O03414,C0634,2026-02-03 19:43:25,DELIVERED,West
O03415,C0180,2026-02-01 16:51:05,PLACED,South
O03416,C0777,2026-06-17 03:41:34,SHIPPED,East
O03417,C0419,2025-06-24 04:38:22,DELIVERED,North
O03418,C0339,2025-08-23 03:15:19,SHIPPED,South
O03419,C0798,2025-03-25 13:27:18,PLACED,South
O03420,C0654,2025-11-10 11:42:18,PLACED,West
O03421,C0787,2025-12-18 22:38:05,DELIVERED,West
O03422,C0263,2025-02-22 12:27:39,PLACED,South
O03423,C0119,2025-03-30 09:52:41,PLACED,North
O03424,C0013,2025-09-20 18:03:48,DELIVERED,North
O03425,C0278,2025-05-05 00:00:00,SHIPPED,East
O03426,C0670,2026-06-15 17:26:15,PLACED,East
O03427,C0107,2024-08-15 00:00:00,PLACED,South
O03428,C0466,2024-02-10 00:00:00,DELIVERED,South
O03429,C0423,2024-09-26 02:06:58,PLACED,North
O03430,C0921,2026-02-27 03:07:11,CANCELLED,North
O03431,C0452,2025-06-29 07:23:16,DELIVERED,West
O03432,C0748,2025-12-03 17:12:39,SHIPPED,West
O03433,C0915,2026-03-22 08:23:06,PLACED,West
O03434,C0087,2025-10-11 10:22:33,RETURNED,East
O03435,C0417,2026-04-17 05:19:19,RETURNED,East
O03436,C0274,2026-01-15 10:14:26,DELIVERED,North
O03437,C0380,2026-05-09 02:13:51,DELIVERED,West
O03438,C0706,2024-09-21 02:03:26,DELIVERED,West
O03439,C0186,2024-11-09 07:38:13,RETURNED,East
O03440,C0354,2026-06-16 08:38:41,DELIVERED,East
O03441,C0417,2025-10-15 01:18:27,PLACED,South
O03442,C0508,2026-02-28 09:55:50,SHIPPED,West
O03443,C0522,2026-05-03 17:22:55,CANCELLED,East
O03444,C0982,2024-09-02 12:56:09,PLACED,East
O03445,C0898,2025-12-15 20:41:52,PLACED,South
O03446,C0314,2025-10-18 14:12:05,DELIVERED,South
O03447,C0726,2026-03-17 19:14:23,PLACED,North
O03448,C0798,2025-04-14 01:51:17,SHIPPED,South
O03449,C0893,2026-03-08 11:50:00,CANCELLED,North
O03450,C0256,2026-06-22 04:11:00,DELIVERED,West
O03451,C0023,2025-07-16 06:40:14,DELIVERED,East
O03452,C0384,2024-09-15 06:47:05,RETURNED,West
O03453,C0773,2024-08-05 20:25:05,PLACED,East
O03454,C0964,2025-08-09 11:21:35,PLACED,South
O03455,C0858,2025-03-25 20:24:54,DELIVERED,East
O03456,C0090,2026-04-17 20:30:09,SHIPPED,West
O03457,C0825,2025-11-28 14:24:12,RETURNED,East
O03458,C0261,2026-02-21 04:09:55,RETURNED,West
O03459,C0869,2025-11-02 18:03:14,PLACED,East
O03460,C0076,2026-02-28 18:11:20,SHIPPED,North
O03461,C0976,2025-10-22 15:27:04,PLACED,East
O03462,C0103,2025-11-16 00:00:00,SHIPPED,East
O03463,C0738,2025-07-30 20:59:04,PLACED,South
O03464,UNKNOWN,2026-04-08 20:21:54,PLACED,West
O03465,C0815,2024-12-30 08:39:57,RETURNED,South
O03466,C0610,2026-06-10 14:11:00,RETURNED,West
O03467,C0641,2025-08-25 18:55:36,PLACED,North
O03468,C0354,2025-07-28 19:25:02,PLACED,North
O03469,C0361,2025-07-09 11:57:18,RETURNED,North
O03470,C0673,2026-03-04 20:06:41,DELIVERED,West
O03471,C0348,2025-02-12 00:00:00,DELIVERED,North
O03472,C0828,2025-02-14 23:29:22,SHIPPED,West
O03473,UNKNOWN,2026-05-22 02:03:39,RETURNED,South
O03474,C0491,2025-06-05 23:57:51,RETURNED,South
O03475,C0114,2024-08-17 02:11:54,SHIPPED,East
O03476,C0283,2024-10-17 03:57:36,DELIVERED,West
O03477,C0816,2024-09-13 18:20:17,SHIPPED,North
O03478,C0185,2025-01-28 17:18:31,DELIVERED,North
O03479,C0791,2026-04-02 00:09:31,SHIPPED,North
O03480,C0678,2024-11-07 01:04:35,CANCELLED,West
O03481,C0675,2024-09-29 18:44:49,RETURNED,East
O03482,C0479,2025-02-16 21:32:15,RETURNED,West
O03483,C0453,2024-08-08 01:35:34,CANCELLED,East
O03484,C0092,2025-04-10 21:14:58,CANCELLED,North
O03485,C0464,2024-08-08 12:15:21,CANCELLED,East
O03486,C0633,2024-10-26 13:18:52,SHIPPED,South
O03487,C0260,2025-12-14 12:38:29,RETURNED,West
O03488,C0217,2024-09-22 08:07:32,CANCELLED,North
O03489,C0092,2025-03-29 11:33:54,CANCELLED,East
O03490,C0377,2024-12-03 14:01:29,CANCELLED,East
O03491,C0905,2025-06-25 11:39:11,PLACED,West
O03492,C0562,2024-09-04 20:45:40,SHIPPED,North
O03493,C0215,2026-02-02 08:54:25,DELIVERED,North
O03494,C0683,2025-10-23 04:30:47,RETURNED,West
O03495,C0823,2025-10-29 12:42:37,PLACED,North
O03496,C0553,2025-04-12 05:10:51,RETURNED,East
O03497,C0490,2026-03-01 22:56:23,SHIPPED,East
O03498,C0153,2024-10-02 06:58:07,RETURNED,South
O03499,C0727,2024-10-28 16:09:35,SHIPPED,South
O03500,C0688,2026-03-27 13:12:20,CANCELLED,East
O03501,UNKNOWN,2026-06-16 00:36:37,DELIVERED,West
O03502,C0852,2024-11-07 21:19:27,DELIVERED,East
O03503,C0058,2025-05-23 01:25:47,RETURNED,East
O03504,C0843,2024-09-08 06:56:57,PLACED,North
O03505,C0509,2024-07-11 12:49:38,PLACED,South
O03506,C0803,2026-04-24 16:22:46,SHIPPED,South
O03507,C0346,2025-11-23 03:14:04,RETURNED,South
O03508,C0500,2025-07-17 04:21:57,CANCELLED,West
O03509,C0145,2026-06-05 16:00:24,PLACED,North
O03510,C0258,2025-03-03 22:37:00,DELIVERED,South
O03511,C0664,2025-04-19 10:39:45,RETURNED,North
O03512,C0683,2026-02-03 04:59:28,PLACED,West
O03513,UNKNOWN,2024-09-17 05:39:16,SHIPPED,South
O03514,C0142,2024-07-24 20:42:07,RETURNED,South
O03515,C0020,2026-03-26 00:26:39,DELIVERED,West
O03516,C0382,2026-01-18 23:54:03,SHIPPED,West
O03517,C0901,2024-12-25 23:17:08,RETURNED,North
O03518,C0071,2025-05-19 11:29:10,DELIVERED,East
O03519,C0019,2025-04-25 10:04:27,DELIVERED,West
O03520,C0824,2025-10-15 20:17:21,RETURNED,East
O03521,C0820,2025-09-18 16:18:27,SHIPPED,South
O03522,C0879,2025-06-01 12:41:56,RETURNED,South
O03523,C0243,2025-01-01 05:50:58,DELIVERED,West
O03524,UNKNOWN,2025-04-23 11:10:13,SHIPPED,East
O03525,C0483,2025-08-03 00:26:58,DELIVERED,West
O03526,C0336,2026-05-12 17:01:12,DELIVERED,North
O03527,C0810,2025-07-06 20:01:25,CANCELLED,East
O03528,UNKNOWN,2025-07-22 03:42:00,CANCELLED,North
O03529,C0643,2026-01-08 23:45:42,CANCELLED,North
O03530,C0860,2024-08-14 14:08:04,SHIPPED,West
O03531,C0888,2025-08-16 04:34:24,SHIPPED,West
O03532,C0843,2025-09-28 21:17:04,RETURNED,South
O03533,C0651,2024-11-09 00:00:00,RETURNED,South
O03534,C0567,2024-08-06 01:37:16,SHIPPED,South
O03535,C0512,2025-08-09 22:48:50,SHIPPED,West
O03536,C0109,2026-05-21 21:37:02,DELIVERED,North
O03537,C0370,2025-04-28 23:10:30,PLACED,West
O03538,C0336,2025-10-06 19:18:33,CANCELLED,East
O03539,C0680,2025-06-19 04:05:55,CANCELLED,East
O03540,C0464,2025-03-15 03:51:42,PLACED,North
O03541,C0490,2025-05-17 15:11:42,RETURNED,South
O03542,C0300,2025-08-17 00:51:49,RETURNED,East
O03543,C0173,2025-07-31 14:36:31,RETURNED,North
O03544,C0600,2026-01-05 05:37:22,DELIVERED,East
O03545,C0813,2025-09-05 03:25:35,DELIVERED,North
O03546,C0898,2025-10-10 22:47:42,RETURNED,South
O03547,C0340,2025-10-17 23:28:32,CANCELLED,East
O03548,C0425,2026-02-22 18:05:09,DELIVERED,South
O03549,C0482,2025-03-05 18:04:58,SHIPPED,East
O03550,C0495,2025-11-28 12:48:27,PLACED,South
O03551,C1000,2026-06-27 17:22:58,SHIPPED,South
O03552,C0052,2025-08-06 09:35:07,DELIVERED,North
O03553,C0219,2024-11-15 12:17:55,SHIPPED,East
O03554,C0241,2025-12-03 03:45:44,RETURNED,West
O03555,C0519,2025-04-25 06:20:15,PLACED,East
O03556,C0206,2025-07-17 05:04:59,CANCELLED,East
O03557,C0107,2025-03-04 19:28:59,DELIVERED,North
O03558,C0710,2025-03-24 17:32:16,SHIPPED,South
O03559,C0324,2025-04-02 08:48:01,SHIPPED,South
O03560,C0809,2025-05-28 18:53:54,CANCELLED,West
O03561,C0146,2025-01-25 09:25:13,CANCELLED,East
O03562,C0534,2025-11-01 21:20:09,PLACED,North
O03563,C0299,2025-10-05 04:17:06,RETURNED,North
O03564,C0324,2024-11-15 18:24:46,DELIVERED,North
O03565,C0679,2025-07-05 17:32:17,RETURNED,East
O03566,C0696,2025-03-17 02:00:47,PLACED,South
O03567,C0046,2025-12-21 19:24:36,CANCELLED,South
O03568,C0264,2024-12-12 18:24:44,DELIVERED,South
O03569,C0156,2024-09-10 01:07:52,CANCELLED,East
O03570,C0173,2025-06-08 19:28:29,CANCELLED,West
O03571,C0576,2024-07-18 12:24:28,SHIPPED,East
O03572,C0489,2025-03-22 11:19:49,DELIVERED,East
O03573,C0032,2025-09-29 22:37:00,SHIPPED,East
O03574,C0278,2026-07-01 08:26:43,SHIPPED,North
O03575,C0762,2025-08-02 06:30:05,SHIPPED,North
O03576,C0963,2025-09-02 23:07:35,DELIVERED,East
O03577,C0016,2024-12-12 21:59:24,RETURNED,South
O03578,C0663,2024-07-20 13:52:16,SHIPPED,East
O03579,C0821,2025-03-18 10:59:42,PLACED,East
O03580,UNKNOWN,2025-10-25 04:40:57,DELIVERED,North
O03581,C0722,2025-09-08 09:09:41,PLACED,South
O03582,C0415,2026-05-01 12:03:39,SHIPPED,West
O03583,C0407,2025-06-09 17:53:44,RETURNED,East
O03584,C0070,2024-11-07 05:04:01,SHIPPED,South
O03585,C0622,2025-11-18 18:07:28,SHIPPED,East
O03586,C0542,2026-04-02 07:19:14,CANCELLED,North
O03587,C0640,2026-04-06 15:56:16,SHIPPED,East
O03588,C0567,2025-05-29 09:42:17,CANCELLED,North
O03589,C0308,2026-04-15 13:52:19,PLACED,West
O03590,UNKNOWN,2025-04-19 04:12:00,DELIVERED,West
O03591,C0366,2024-11-07 02:57:43,PLACED,South
O03592,C0572,2025-02-24 11:11:01,PLACED,West
O03593,C0621,2025-05-06 20:22:04,CANCELLED,South
O03594,C0559,2026-05-15 23:12:14,DELIVERED,North
O03595,C0146,2026-01-03 16:45:42,SHIPPED,West
O03596,C0841,2024-09-30 20:38:11,DELIVERED,North
O03597,C0275,2024-12-15 21:24:20,PLACED,North
O03598,C0272,2026-04-03 08:43:17,DELIVERED,South
O03599,C0674,2025-04-29 03:02:59,RETURNED,South
O03600,C0760,2025-04-08 23:07:37,SHIPPED,East
O03601,UNKNOWN,2026-05-23 17:56:45,RETURNED,East
O03602,C0023,2025-12-17 12:41:37,SHIPPED,North
O03603,C0882,2025-12-09 14:19:04,PLACED,West
O03604,C0560,2026-03-11 11:07:29,SHIPPED,West
O03605,C0146,2026-06-21 00:00:00,PLACED,South
O03606,C0034,2025-11-11 21:41:11,SHIPPED,South
O03607,C0640,2026-09-07 00:00:00,SHIPPED,South
O03608,UNKNOWN,2026-07-10 14:35:03,RETURNED,South
O03609,C0133,2024-08-06 21:14:56,DELIVERED,North
O03610,C0865,2024-03-11 00:00:00,PLACED,West
O03611,C0355,2024-10-19 05:20:58,PLACED,West
O03612,C0526,2025-05-13 15:42:45,DELIVERED,West
O03613,C0619,2025-03-21 06:01:24,CANCELLED,North
O03614,C0704,2026-01-12 21:56:47,SHIPPED,South
O03615,C0041,2026-01-23 20:51:26,PLACED,North
O03616,C0455,2024-09-18 08:40:40,SHIPPED,West
O03617,C0619,2024-08-24 11:16:16,CANCELLED,South
O03618,C0464,2024-10-04 01:05:39,RETURNED,South
O03619,C0876,2025-04-25 06:51:45,DELIVERED,West
O03620,C0160,2025-07-15 08:30:22,CANCELLED,North
O03621,C0062,2025-01-23 04:11:03,PLACED,East
O03622,C0746,2025-09-19 08:57:06,CANCELLED,East
O03623,C0958,2026-04-04 15:31:55,SHIPPED,North
O03624,C0708,2025-11-02 08:44:36,RETURNED,West
O03625,C0620,2025-12-17 00:05:09,DELIVERED,South
O03626,C0687,2024-10-02 05:26:20,PLACED,South
O03627,C0489,2026-07-10 06:00:38,CANCELLED,West
O03628,C0636,2025-02-06 16:05:23,RETURNED,North
O03629,C0559,2026-02-08 05:15:23,PLACED,East
O03630,C0496,2026-02-19 07:48:25,DELIVERED,North
O03631,C0537,2026-04-24 16:16:59,RETURNED,North
O03632,C0226,2026-01-22 19:07:57,RETURNED,East
O03633,C0321,2025-05-12 05:46:12,CANCELLED,South
O03634,C0817,2024-08-27 22:25:46,DELIVERED,West
O03635,UNKNOWN,2025-10-12 22:31:58,CANCELLED,South
O03636,C0506,2025-09-24 08:53:18,RETURNED,North
O03637,UNKNOWN,2026-06-20 08:36:41,RETURNED,East
O03638,C0572,2025-02-18 00:00:00,PLACED,East
O03639,C0800,2024-07-23 14:20:42,DELIVERED,West
O03640,C0371,2026-02-26 10:17:56,SHIPPED,South
O03641,UNKNOWN,2025-01-15 13:57:05,CANCELLED,East
O03642,C0033,2024-10-23 14:58:52,PLACED,North
O03643,C0307,2025-01-28 10:02:18,RETURNED,South
O03644,C0089,2025-04-18 15:37:34,PLACED,North
O03645,C0008,2024-08-12 22:31:26,PLACED,West
O03646,C0126,2024-12-11 06:09:20,PLACED,West
O03647,C0290,2025-08-24 00:35:06,RETURNED,West
O03648,C0317,2026-06-15 15:13:19,CANCELLED,South
O03649,C0657,2024-11-05 07:37:29,DELIVERED,East
O03650,C0600,2026-01-04 01:09:31,RETURNED,South
O03651,C0357,2026-04-10 14:49:04,CANCELLED,North
O03652,C0854,2025-03-06 21:37:15,PLACED,East
O03653,C0261,2025-06-30 23:50:52,SHIPPED,West
O03654,C0439,2024-11-17 14:50:27,SHIPPED,East
O03655,C0155,2026-01-12 04:06:15,CANCELLED,South
O03656,C0419,2025-10-29 16:01:09,RETURNED,North
O03657,C0687,2025-05-17 02:30:40,SHIPPED,South
O03658,C0134,2025-11-19 18:46:42,CANCELLED,East
O03659,C0831,2025-02-25 17:23:59,PLACED,North
O03660,C0968,2024-11-21 08:02:04,CANCELLED,South
O03661,C0770,2026-01-12 11:58:04,DELIVERED,North
O03662,C0410,2024-12-23 17:27:26,SHIPPED,North
O03663,C0679,2025-01-30 10:57:59,RETURNED,East
O03664,C0363,2026-01-18 22:38:49,SHIPPED,West
O03665,C0920,2025-09-07 02:39:42,RETURNED,South
O03666,C0784,2026-04-17 01:27:26,RETURNED,East
O03667,C0165,2024-08-05 21:14:31,CANCELLED,South
O03668,C0342,2026-05-05 05:27:23,PLACED,West
O03669,C0831,2025-03-25 15:10:00,RETURNED,East
O03670,C0685,2026-04-03 00:00:00,SHIPPED,West
O03671,C0478,2025-09-19 00:59:46,CANCELLED,West
O03672,C0050,2026-05-08 14:26:41,DELIVERED,East
O03673,C0051,2026-02-12 06:59:52,PLACED,South
O03674,C0894,2025-10-17 00:00:00,RETURNED,North
O03675,C0568,2024-07-27 18:21:31,PLACED,East
O03676,C0984,2025-09-10 13:45:31,PLACED,West
O03677,C0290,2024-11-20 22:20:17,SHIPPED,South
O03678,C0241,2024-11-18 21:16:17,DELIVERED,East
O03679,C0635,2025-03-05 23:54:40,CANCELLED,East
O03680,C0495,2025-07-11 21:13:07,SHIPPED,North
O03681,C0986,2024-10-08 23:01:32,DELIVERED,West
O03682,C0146,2025-10-31 02:59:29,SHIPPED,North
O03683,UNKNOWN,2025-05-30 17:39:55,RETURNED,South
O03684,C0053,2025-02-11 03:13:22,CANCELLED,North
O03685,C0457,2025-05-24 21:44:13,SHIPPED,South
O03686,C0277,2026-04-22 04:28:28,RETURNED,West
O03687,C0962,2026-04-24 16:52:22,DELIVERED,West
O03688,C0216,2025-01-07 13:38:31,PLACED,East
O03689,C0923,2024-11-03 12:58:53,PLACED,North
O03690,C0511,2026-06-04 05:09:29,CANCELLED,South
O03691,C0234,2025-09-13 00:13:29,SHIPPED,North
O03692,C0912,2025-08-23 02:47:15,PLACED,South
O03693,C0681,2025-12-10 14:21:27,SHIPPED,West
O03694,C0785,2026-05-09 07:33:56,PLACED,West
O03695,C0592,2025-01-05 14:10:21,SHIPPED,West
O03696,C0891,2025-06-20 17:06:09,SHIPPED,East
O03697,C0361,2024-10-22 04:45:37,RETURNED,West
O03698,C0623,2025-02-09 07:22:37,CANCELLED,North
O03699,C0025,2025-06-20 02:58:27,DELIVERED,East
O03700,C0876,2026-01-21 19:57:10,SHIPPED,North
O03701,C0927,2025-06-26 04:34:25,PLACED,North
O03702,C0886,2026-01-06 21:22:17,PLACED,South
O03703,UNKNOWN,2025-11-22 15:00:10,RETURNED,North
O03704,C0152,2025-02-05 09:38:24,RETURNED,West
O03705,C0226,2026-06-17 10:40:01,CANCELLED,South
O03706,C0501,2024-12-28 01:48:37,SHIPPED,East
O03707,C0625,2025-07-18 00:24:40,RETURNED,East
O03708,C0572,2025-11-24 02:31:54,CANCELLED,West
O03709,C0181,2024-09-18 00:30:07,CANCELLED,North
O03710,C0599,2025-07-14 17:13:13,RETURNED,North
O03711,C0976,2025-02-10 18:16:47,PLACED,West
O03712,C0694,2026-02-08 10:42:39,DELIVERED,West
O03713,C0996,2025-10-20 13:35:52,PLACED,West
O03714,C0876,2026-02-20 00:23:34,SHIPPED,North
O03715,C0035,2024-11-07 21:36:58,CANCELLED,West
O03716,C0775,2026-06-15 10:02:10,PLACED,North
O03717,C0319,2024-10-18 00:02:25,RETURNED,South
O03718,C0222,2025-01-21 13:55:45,RETURNED,South
O03719,C0448,2026-07-11 08:44:38,RETURNED,North
O03720,C0733,2025-10-11 10:09:04,SHIPPED,South
O03721,C0132,2024-08-06 16:46:07,DELIVERED,South
O03722,C0149,2026-01-15 09:33:56,SHIPPED,East
O03723,C0526,2024-11-25 01:56:36,RETURNED,East
O03724,C0474,2024-12-13 03:37:01,SHIPPED,North
O03725,C0196,2024-08-28 05:04:49,RETURNED,West
O03726,C0445,2025-07-14 01:40:25,DELIVERED,North
O03727,C0069,2025-11-03 08:55:54,CANCELLED,North
O03728,UNKNOWN,2025-09-18 04:17:29,RETURNED,South
O03729,C0612,2025-04-26 11:19:37,RETURNED,North
O03730,C0407,2025-02-10 17:52:52,PLACED,South
O03731,C0001,2025-10-10 17:12:08,CANCELLED,South
O03732,C0597,2025-01-15 19:57:37,DELIVERED,South
O03733,C0935,2024-08-01 05:53:33,CANCELLED,West
O03734,C0611,2025-05-10 04:29:05,SHIPPED,South
O03735,C0740,2026-02-05 12:09:03,DELIVERED,East
O03736,C0561,2025-07-18 13:58:23,CANCELLED,North
O03737,C0025,2026-06-04 23:38:18,SHIPPED,West
O03738,C0034,2025-06-29 22:24:34,SHIPPED,West
O03739,C0887,2025-09-04 09:34:33,PLACED,South
O03740,C0326,2025-04-17 05:24:59,DELIVERED,North
O03741,C0495,2024-09-09 09:05:29,CANCELLED,North
O03742,C0515,2026-05-14 15:38:03,PLACED,East
O03743,C0764,2025-06-21 08:49:49,PLACED,South
O03744,C0654,2025-08-24 08:46:06,DELIVERED,East
O03745,C0406,2025-07-22 12:43:40,SHIPPED,West
O03746,UNKNOWN,2024-12-16 09:05:51,PLACED,East
O03747,C0319,2026-03-18 02:58:17,PLACED,West
O03748,C0158,2026-03-07 10:43:31,PLACED,West
O03749,C0622,2025-11-22 22:56:58,PLACED,West
O03750,UNKNOWN,2025-04-19 02:16:53,SHIPPED,South
O03751,C0513,2024-07-19 11:37:50,RETURNED,West
O03752,C0274,2025-06-21 00:33:10,CANCELLED,North
O03753,C0651,2025-11-16 22:15:41,DELIVERED,North
O03754,C0929,2024-12-04 05:42:43,RETURNED,South
O03755,C0674,2026-05-31 13:05:36,PLACED,East
O03756,C0040,2025-12-16 02:21:13,PLACED,North
O03757,C0808,2025-08-01 03:55:02,CANCELLED,South
O03758,C0051,2024-08-10 20:05:36,CANCELLED,East
O03759,C0071,2026-06-06 08:58:31,SHIPPED,West
O03760,C0499,2026-06-16 16:12:44,CANCELLED,West
O03761,C0667,2024-09-01 01:09:38,CANCELLED,West
O03762,C0354,2025-01-30 05:09:18,SHIPPED,West
O03763,C0075,2025-01-07 12:44:55,PLACED,West
O03764,C0570,2024-12-05 01:20:56,DELIVERED,North
O03765,C0330,2024-10-27 01:21:57,RETURNED,North
O03766,UNKNOWN,2026-05-15 22:51:38,PLACED,West
O03767,C0180,2026-04-28 02:02:10,CANCELLED,South
O03768,C0872,2024-10-15 05:30:01,SHIPPED,North
O03769,C0227,2026-02-06 14:45:40,SHIPPED,North
O03770,C0733,2025-02-20 01:43:24,SHIPPED,West
O03771,C0844,2025-05-13 12:15:56,CANCELLED,North
O03772,C0483,2025-03-08 07:06:20,DELIVERED,North
O03773,C0178,2025-08-23 06:30:13,DELIVERED,South
O03774,C0329,2025-06-13 22:22:30,CANCELLED,West
O03775,C0710,2025-03-05 17:16:43,DELIVERED,East
O03776,C0533,2025-07-24 19:31:26,PLACED,South
O03777,C0821,2025-07-26 13:18:50,DELIVERED,West
O03778,C0204,2024-11-05 21:55:41,PLACED,North
O03779,C0101,2025-09-29 13:17:15,SHIPPED,South
O03780,C0402,2025-02-18 12:02:27,CANCELLED,West
O03781,C0227,2024-11-26 07:29:52,SHIPPED,North
O03782,C0074,2026-02-11 18:36:59,RETURNED,South
O03783,C0013,2026-06-27 04:45:26,SHIPPED,East
O03784,C0904,2025-12-25 15:05:37,PLACED,North
O03785,C0798,2025-08-09 21:58:43,RETURNED,East
O03786,C0755,2026-02-24 08:11:13,CANCELLED,East
O03787,C0643,2025-01-22 06:49:07,DELIVERED,East
O03788,C0576,2024-12-07 17:56:51,CANCELLED,North
O03789,C0111,2025-09-14 11:08:14,PLACED,West
O03790,C0674,2026-06-03 05:53:55,RETURNED,North
O03791,UNKNOWN,2025-03-26 13:08:41,RETURNED,North
O03792,C0690,2025-05-23 19:25:14,RETURNED,East
O03793,C0798,2024-12-29 21:04:00,CANCELLED,North
O03794,C0034,2025-09-05 07:07:05,RETURNED,East
O03795,UNKNOWN,2026-04-01 23:43:35,RETURNED,West
O03796,C0840,2025-01-06 14:49:26,SHIPPED,West
O03797,C0479,2026-01-07 01:35:33,DELIVERED,West
O03798,C0049,2025-12-19 16:59:57,SHIPPED,North
O03799,C0992,2024-08-23 20:51:32,DELIVERED,South
O03800,C0107,2025-06-24 02:17:18,DELIVERED,North
O03801,C0361,2024-10-09 15:51:19,PLACED,South
O03802,C0688,2024-10-04 15:35:58,PLACED,East
O03803,C0192,2025-03-06 03:08:00,CANCELLED,North
O03804,C0754,2025-09-08 13:31:28,RETURNED,East
O03805,C0790,2025-06-02 02:20:17,PLACED,South
O03806,C0824,2026-04-06 03:18:04,SHIPPED,West
O03807,C0078,2025-05-03 00:44:20,PLACED,West
O03808,C0916,2026-03-29 15:04:51,DELIVERED,East
O03809,C0755,2024-08-13 17:35:26,PLACED,North
O03810,C0822,2025-04-14 10:44:34,SHIPPED,West
O03811,C0380,2026-06-11 17:43:19,RETURNED,West
O03812,C0230,2026-01-25 20:49:26,DELIVERED,West
O03813,C0884,2025-04-08 21:16:38,CANCELLED,West
O03814,C0721,2024-12-01 21:37:22,PLACED,North
O03815,C0035,2025-11-15 02:00:07,RETURNED,West
O03816,C0597,2024-10-27 21:04:52,CANCELLED,East
O03817,C0410,2025-04-06 03:53:20,RETURNED,West
O03818,C0716,2026-06-18 02:43:14,RETURNED,East
O03819,C0667,2024-08-06 09:25:28,RETURNED,South
O03820,C0673,2025-08-20 17:11:16,DELIVERED,West
O03821,C0312,2026-05-01 19:42:12,DELIVERED,East
O03822,C0424,2025-04-02 13:13:48,DELIVERED,South
O03823,C0474,2025-11-15 16:07:14,DELIVERED,South
O03824,C0081,2024-09-15 12:14:23,CANCELLED,North
O03825,C0336,2025-07-06 07:44:17,RETURNED,West
O03826,C0553,2024-10-08 00:29:57,SHIPPED,North
O03827,C0330,2024-11-04 05:08:15,RETURNED,West
O03828,C0157,2024-09-06 06:31:41,CANCELLED,East
O03829,C0157,2025-10-27 19:21:28,DELIVERED,West
O03830,C0889,2026-01-07 18:57:22,PLACED,South
O03831,C0833,2024-09-25 12:20:06,CANCELLED,East
O03832,C0899,2025-07-28 01:10:54,PLACED,South
O03833,C0132,2025-04-24 07:01:35,CANCELLED,East
O03834,C0727,2024-12-30 19:53:35,PLACED,North
O03835,C0112,2026-05-20 12:36:52,DELIVERED,West
O03836,C0259,2025-01-13 20:15:50,RETURNED,North
O03837,C0962,2024-07-13 02:34:22,DELIVERED,West
O03838,C0063,2026-01-17 10:35:19,RETURNED,East
O03839,C0017,2024-11-13 15:58:19,SHIPPED,South
O03840,C0266,2026-07-06 23:04:15,DELIVERED,North
O03841,C0202,2025-05-09 12:34:56,RETURNED,South
O03842,C0715,2024-12-02 11:24:09,DELIVERED,West
O03843,C0171,2025-03-08 07:28:01,RETURNED,West
O03844,C0655,2025-12-13 16:30:36,DELIVERED,South
O03845,C0726,2024-10-09 01:25:49,SHIPPED,East
O03846,C0734,2024-08-23 17:40:54,RETURNED,North
O03847,C0875,2026-04-07 10:53:22,DELIVERED,North
O03848,C0563,2024-08-23 11:27:18,SHIPPED,South
O03849,C0314,2025-11-28 12:53:51,CANCELLED,North
O03850,UNKNOWN,2026-05-09 23:17:14,CANCELLED,East
O03851,C0419,2025-12-20 14:21:45,SHIPPED,South
O03852,C0982,2025-08-04 22:41:48,RETURNED,South
O03853,C0455,2025-12-15 19:26:36,SHIPPED,East
O03854,C0454,2025-06-15 03:02:34,CANCELLED,East
O03855,C0932,2026-03-17 04:13:21,SHIPPED,West
O03856,C0661,2026-01-02 08:53:34,PLACED,West
O03857,C0283,2025-10-06 14:33:48,RETURNED,South
O03858,C0929,2024-09-24 10:42:43,SHIPPED,East
O03859,C0963,2026-10-02 00:00:00,RETURNED,North
O03860,C0730,2025-08-07 06:32:55,SHIPPED,South
O03861,C0064,2025-05-17 10:58:01,CANCELLED,East
O03862,C0283,2025-03-03 17:59:26,RETURNED,South
O03863,C0028,2024-09-17 20:36:50,CANCELLED,West
O03864,C0915,2025-01-16 09:07:26,CANCELLED,East
O03865,C0080,2025-04-25 09:05:28,CANCELLED,West
O03866,C0209,2025-06-23 20:17:22,DELIVERED,North
O03867,C0455,2024-11-22 06:48:48,SHIPPED,West
O03868,C0041,2026-05-03 23:46:27,PLACED,East
O03869,C0238,2026-01-26 22:02:47,SHIPPED,South
O03870,C0889,2025-10-10 05:42:57,PLACED,East
O03871,C0404,2025-04-09 10:59:28,DELIVERED,West
O03872,C0314,2024-11-09 08:58:25,CANCELLED,West
O03873,C0156,2024-11-13 11:29:24,RETURNED,East
O03874,C0183,2025-02-04 01:40:33,RETURNED,East
O03875,C0198,2025-07-19 15:43:26,RETURNED,East
O03876,C0418,2025-09-14 09:14:06,SHIPPED,South
O03877,C0719,2024-07-19 07:29:45,PLACED,West
O03878,C0120,2025-02-06 18:50:49,PLACED,East
O03879,C0560,2025-06-12 09:09:03,CANCELLED,West
O03880,C0826,2025-12-06 03:08:07,PLACED,East
O03881,C0924,2026-02-10 03:05:17,DELIVERED,South
O03882,C0649,2025-11-28 03:16:41,SHIPPED,East
O03883,C0932,2025-10-06 14:30:49,PLACED,East
O03884,C0650,2025-03-02 07:06:17,PLACED,West
O03885,C0118,2025-12-08 00:00:00,SHIPPED,North
O03886,C0625,2026-03-07 16:33:18,PLACED,West
O03887,C0379,2024-12-23 02:19:43,SHIPPED,South
O03888,C0003,2026-02-18 04:59:15,SHIPPED,West
O03889,C0191,2025-09-03 00:35:37,DELIVERED,North
O03890,C0058,2026-01-14 00:00:00,PLACED,West
O03891,C0810,2024-08-17 17:27:18,RETURNED,North
O03892,C0764,2025-10-31 03:17:15,RETURNED,West
O03893,C0311,2025-04-15 10:13:39,PLACED,South
O03894,C0380,2026-02-20 13:42:19,CANCELLED,South
O03895,C0873,2025-02-16 19:25:40,RETURNED,East
O03896,C0160,2024-08-31 17:12:13,SHIPPED,East
O03897,C0986,2025-01-30 06:40:13,CANCELLED,North
O03898,C0278,2024-07-29 10:24:05,CANCELLED,East
O03899,UNKNOWN,2025-01-02 00:53:26,SHIPPED,North
O03900,C0629,2025-02-28 02:51:38,DELIVERED,East
O03901,C0068,2025-06-03 14:41:34,DELIVERED,North
O03902,UNKNOWN,2025-01-05 12:42:01,DELIVERED,West
O03903,C0236,2026-04-11 04:57:47,CANCELLED,North
O03904,C0532,2025-06-21 23:54:07,CANCELLED,West
O03905,C0432,2026-03-06 19:39:43,RETURNED,South
O03906,C0595,2024-09-23 00:20:09,RETURNED,West
O03907,C0295,2025-08-18 16:43:26,DELIVERED,West
O03908,C0618,2025-08-02 11:51:27,PLACED,North
O03909,C0065,2025-11-10 09:28:19,RETURNED,West
O03910,C0689,2025-07-16 00:00:00,RETURNED,East
O03911,C0327,2025-06-03 14:28:53,DELIVERED,North
O03912,C0003,2025-08-21 19:44:02,SHIPPED,West
O03913,C0340,2024-12-23 03:12:09,DELIVERED,South
O03914,C0921,2025-10-05 00:20:09,SHIPPED,North
O03915,UNKNOWN,2026-01-12 16:27:52,RETURNED,North
O03916,C0150,2026-04-02 09:24:56,CANCELLED,South
O03917,UNKNOWN,2025-10-20 02:30:37,RETURNED,West
O03918,C0631,2025-07-11 13:01:10,SHIPPED,South
O03919,C0280,2025-02-19 15:07:19,PLACED,East
O03920,C0377,2026-02-28 06:40:57,DELIVERED,South
O03921,C0946,2026-05-29 07:07:03,CANCELLED,East
O03922,C0163,2025-04-20 21:19:12,DELIVERED,North
O03923,C0198,2025-06-30 19:46:12,DELIVERED,West
O03924,C0881,2025-10-22 15:42:00,RETURNED,South
O03925,C0144,2024-09-30 12:32:58,PLACED,North
O03926,C0097,2025-12-28 10:18:04,CANCELLED,East
O03927,UNKNOWN,2024-07-16 15:53:48,PLACED,South
O03928,C0803,2024-08-28 20:38:45,SHIPPED,East
O03929,C0797,2025-11-15 11:46:54,SHIPPED,East
O03930,C0668,2025-12-01 03:13:46,RETURNED,North
O03931,C0288,2025-08-06 05:33:56,PLACED,East
O03932,C0776,2026-06-08 02:21:50,DELIVERED,North
O03933,C0062,2025-05-19 02:42:10,DELIVERED,North
O03934,C0121,2025-12-15 04:47:04,SHIPPED,West
O03935,C0099,2025-09-11 08:50:06,RETURNED,South
O03936,C0167,2026-01-09 07:19:46,SHIPPED,East
O03937,C0961,2025-10-27 03:15:28,DELIVERED,North
O03938,C0388,2026-06-29 20:37:35,DELIVERED,North
O03939,C0830,2026-03-14 01:36:31,DELIVERED,East
O03940,C0273,2025-10-04 00:00:00,CANCELLED,North
O03941,C0422,2025-03-15 20:36:31,CANCELLED,East
O03942,C0635,2025-03-15 18:27:19,RETURNED,North
O03943,C0226,2024-09-08 00:47:18,RETURNED,East
O03944,C0296,2024-07-12 18:39:00,RETURNED,East
O03945,C0507,2024-10-27 19:52:36,PLACED,South
O03946,C0923,2025-10-22 23:11:43,DELIVERED,East
O03947,C0635,2025-08-08 18:23:52,CANCELLED,East
O03948,C0793,2025-05-12 20:05:06,PLACED,South
O03949,C0743,2025-03-25 09:42:36,PLACED,North
O03950,C0338,2026-06-26 13:28:47,RETURNED,South
O03951,C0592,2025-02-02 19:18:22,PLACED,East
O03952,UNKNOWN,2026-02-05 14:23:29,PLACED,North
O03953,C0065,2025-12-12 07:11:17,CANCELLED,West
O03954,C0893,2025-12-28 16:31:16,SHIPPED,South
O03955,C0457,2025-11-13 02:10:35,SHIPPED,East
O03956,C0376,2024-10-20 11:29:40,RETURNED,West
O03957,C0834,2026-06-09 03:19:33,SHIPPED,East
O03958,C0133,2026-02-01 19:08:30,RETURNED,North
O03959,C0319,2024-11-22 10:25:45,PLACED,East
O03960,C0485,2025-09-19 00:03:06,CANCELLED,West
O03961,C0834,2025-10-16 06:07:27,RETURNED,East
O03962,C0603,2024-10-08 00:00:00,RETURNED,West
O03963,C0497,2026-03-04 14:34:05,DELIVERED,North
O03964,C0136,2026-07-08 12:30:13,CANCELLED,East
O03965,C0570,2025-10-17 05:58:57,SHIPPED,North
O03966,C0647,2026-02-15 06:31:02,PLACED,East
O03967,C0193,2025-08-27 19:57:41,CANCELLED,West
O03968,C0857,2025-01-10 00:00:00,PLACED,South
O03969,C0965,2024-08-25 04:05:42,SHIPPED,South
O03970,C0572,2024-11-01 08:40:50,DELIVERED,South
O03971,C0196,2026-05-10 08:35:56,DELIVERED,East
O03972,UNKNOWN,2025-06-30 00:50:25,PLACED,West
O03973,C0998,2026-04-21 13:02:08,DELIVERED,South
O03974,C0695,2026-01-08 00:03:20,PLACED,West
O03975,C0107,2025-09-20 18:18:48,RETURNED,West
O03976,C0127,2025-01-08 14:49:44,RETURNED,South
O03977,C0418,2025-12-03 10:55:43,SHIPPED,North
O03978,C0091,2026-09-04 00:00:00,SHIPPED,West
O03979,C0715,2026-05-01 19:00:37,PLACED,North
O03980,UNKNOWN,2026-04-22 00:02:28,PLACED,South
O03981,C0471,2025-10-28 21:03:07,CANCELLED,East
O03982,C0980,2025-07-26 17:06:09,PLACED,West
O03983,C0901,2025-11-01 07:12:38,CANCELLED,South
O03984,C0074,2026-03-04 16:17:43,RETURNED,North
O03985,C0537,2026-01-02 06:32:04,DELIVERED,West
O03986,C0865,2024-12-18 05:18:02,CANCELLED,North
O03987,C0619,2025-10-23 02:49:09,RETURNED,West
O03988,C0109,2024-10-26 22:35:23,PLACED,South
O03989,C0523,2025-02-08 04:31:45,RETURNED,East
O03990,UNKNOWN,2024-10-07 18:30:03,PLACED,East
O03991,C0258,2025-08-04 03:21:55,SHIPPED,North
O03992,C0097,2025-02-23 14:00:14,RETURNED,South
O03993,C0046,2025-04-23 03:05:16,PLACED,East
O03994,C0793,2025-04-20 08:30:41,PLACED,South
O03995,UNKNOWN,2024-11-11 04:02:06,CANCELLED,South
O03996,UNKNOWN,2026-06-28 13:59:22,SHIPPED,West
O03997,C0423,2025-07-03 17:02:30,CANCELLED,South
O03998,C0670,2026-05-02 18:19:34,RETURNED,West
O03999,C0996,2025-03-03 02:43:26,CANCELLED,South
O04000,C0090,2024-11-11 08:57:51,PLACED,East
O04001,C0289,2026-03-01 00:48:36,SHIPPED,East
O04002,C0814,2025-03-08 04:48:16,DELIVERED,West
O04003,C0731,2024-10-06 16:09:23,PLACED,North
O04004,C0532,2024-12-08 00:42:49,DELIVERED,North
O04005,C0586,2025-12-06 06:43:21,RETURNED,South
O04006,C0675,2025-03-17 13:04:32,PLACED,North
O04007,C0858,2025-06-06 08:00:43,DELIVERED,North
O04008,C0627,2026-05-09 21:18:51,DELIVERED,South
O04009,C0918,2025-11-04 20:57:31,PLACED,West
O04010,C0957,2026-04-26 00:27:53,DELIVERED,North
O04011,C0632,2024-12-21 14:06:06,SHIPPED,West
O04012,C0049,2024-10-27 17:01:58,DELIVERED,South
O04013,C0593,2024-09-16 19:05:07,RETURNED,North
O04014,C0357,2026-07-05 23:31:50,PLACED,North
O04015,C0103,2024-08-05 02:09:09,RETURNED,South
O04016,C0108,2024-09-22 13:23:22,RETURNED,North
O04017,C0579,2026-06-01 23:59:24,DELIVERED,South
O04018,C0107,2026-01-12 23:28:23,SHIPPED,West
O04019,C0715,2026-02-03 15:12:36,PLACED,East
O04020,C0185,2025-06-08 03:44:30,PLACED,East
O04021,C0430,2026-06-10 09:19:43,RETURNED,South
O04022,C0325,2026-06-03 16:47:45,DELIVERED,East
O04023,C0918,2025-01-30 12:07:09,RETURNED,North
O04024,C0061,2024-10-15 09:15:15,PLACED,North
O04025,C0711,2024-12-21 03:00:59,PLACED,West
O04026,C0200,2026-03-11 18:41:19,RETURNED,East
O04027,C0132,2025-01-19 10:39:50,CANCELLED,South
O04028,C0691,2025-04-15 16:13:31,DELIVERED,East
O04029,C0371,2026-03-07 10:29:46,DELIVERED,South
O04030,C0889,2024-12-15 22:01:39,DELIVERED,North
O04031,C0636,2025-10-26 02:50:52,PLACED,East
O04032,C0575,2026-03-30 17:00:45,PLACED,West
O04033,C0051,2025-09-21 03:33:35,DELIVERED,North
O04034,C0481,2025-09-23 17:29:02,CANCELLED,North
O04035,C0190,2025-03-13 19:05:39,RETURNED,South
O04036,C0610,2025-11-29 05:09:14,RETURNED,West
O04037,C0745,2026-01-22 01:52:53,RETURNED,East
O04038,C0914,2026-02-02 20:14:22,RETURNED,North
O04039,C0632,2025-08-08 06:51:17,PLACED,North
O04040,C0503,2024-10-06 08:32:08,PLACED,North
O04041,C0553,2025-02-14 15:04:49,DELIVERED,East
O04042,C0575,2024-07-27 19:12:26,RETURNED,North
O04043,C0402,2025-02-11 07:45:55,SHIPPED,North
O04044,C0611,2026-02-19 14:33:49,PLACED,East
O04045,C0692,2026-01-13 01:41:42,PLACED,West
O04046,C0550,2025-03-07 04:30:10,RETURNED,East
O04047,C0581,2025-11-25 16:20:44,RETURNED,West
O04048,C0790,2024-07-22 06:34:45,RETURNED,East
O04049,C0928,2024-08-26 15:52:57,SHIPPED,South
O04050,C0893,2025-04-27 15:40:57,SHIPPED,East
O04051,C0226,2024-09-30 07:41:02,DELIVERED,West
O04052,C0493,2024-10-10 21:06:17,DELIVERED,West
O04053,C0464,2026-05-31 15:13:11,RETURNED,East
O04054,C0010,2024-12-08 14:22:00,PLACED,West
O04055,C0457,2025-05-27 16:14:59,DELIVERED,West
O04056,C0893,2024-09-23 15:43:43,RETURNED,South
O04057,C0997,2025-09-21 19:02:38,PLACED,East
O04058,C0553,2026-02-20 08:06:24,CANCELLED,West
O04059,C0723,2025-11-05 14:16:32,SHIPPED,East
O04060,C0090,2024-11-22 08:11:15,PLACED,West
O04061,C0101,2024-11-14 19:40:21,RETURNED,North
O04062,UNKNOWN,2024-12-08 07:33:42,DELIVERED,North
O04063,C0250,2025-11-18 02:47:08,PLACED,East
O04064,C0683,2026-03-19 18:59:50,SHIPPED,South
O04065,UNKNOWN,2025-08-15 22:04:38,RETURNED,North
O04066,C0617,2026-01-27 11:20:48,SHIPPED,East
O04067,C0418,2025-01-27 02:50:39,SHIPPED,South
O04068,C0009,2026-07-09 19:04:56,SHIPPED,North
O04069,C0438,2026-06-26 05:56:14,SHIPPED,South
O04070,C0381,2025-04-10 01:02:49,PLACED,East
O04071,UNKNOWN,2024-09-18 08:10:32,SHIPPED,East
O04072,C0204,2025-05-01 08:56:16,CANCELLED,East
O04073,C0862,2025-02-04 23:25:39,SHIPPED,East
O04074,C0504,2024-08-08 01:36:42,SHIPPED,West
O04075,C0679,2026-04-01 10:10:25,CANCELLED,North
O04076,C0524,2025-01-23 00:29:01,RETURNED,North
O04077,C0440,2025-02-20 04:11:10,RETURNED,North
O04078,C0670,2025-02-02 21:21:28,SHIPPED,South
O04079,C0897,2025-12-10 16:23:46,RETURNED,East
O04080,C0930,2025-05-12 19:13:59,PLACED,West
O04081,C0679,2026-06-30 23:11:43,RETURNED,South
O04082,C0148,2026-04-02 12:24:40,SHIPPED,North
O04083,C0282,2024-09-18 17:16:04,CANCELLED,South
O04084,C0156,2025-05-26 17:41:42,PLACED,East
O04085,C0764,2025-05-27 17:21:55,CANCELLED,North
O04086,C0927,2025-03-29 15:37:14,PLACED,North
O04087,C0790,2025-11-04 17:36:15,DELIVERED,South
O04088,C0120,2025-10-23 11:11:42,RETURNED,North
O04089,C0993,2026-05-30 14:49:28,DELIVERED,South
O04090,C0584,2026-07-10 23:14:17,SHIPPED,South
O04091,C0800,2024-09-05 23:05:23,RETURNED,West
O04092,C0401,2024-12-29 05:14:06,PLACED,West
O04093,C0237,2025-10-31 19:35:35,CANCELLED,East
O04094,C0668,2025-10-11 13:14:23,CANCELLED,South
O04095,C0916,2025-10-20 09:36:03,SHIPPED,East
O04096,C0178,2025-02-16 08:03:06,RETURNED,East
O04097,C0844,2025-02-20 02:11:19,PLACED,East
O04098,C0886,2025-10-16 05:25:16,DELIVERED,East
O04099,C0916,2025-12-31 00:50:56,SHIPPED,West
O04100,C0006,2025-12-27 10:06:18,DELIVERED,South
O04101,C0226,2025-11-10 14:10:44,RETURNED,West
O04102,C0161,2025-03-13 08:04:24,SHIPPED,North
O04103,C0437,2025-07-30 01:22:13,PLACED,West
O04104,C0580,2024-08-23 13:15:38,PLACED,South
O04105,C0533,2025-08-07 10:54:10,CANCELLED,East
O04106,C0601,2024-12-04 05:40:55,CANCELLED,North
O04107,C0939,2026-06-10 14:36:32,CANCELLED,South
O04108,C0915,2025-02-12 20:24:48,SHIPPED,North
O04109,C0279,2025-03-08 07:35:56,RETURNED,North
O04110,C0338,2025-11-04 08:25:41,RETURNED,South
O04111,C0723,2025-05-02 11:15:10,SHIPPED,North
O04112,C0766,2025-02-24 10:02:17,RETURNED,South
O04113,C0502,2026-03-04 10:42:22,RETURNED,South
O04114,C0792,2024-10-10 10:19:40,CANCELLED,East
O04115,C0169,2025-01-06 14:35:51,RETURNED,West
O04116,C0588,2026-01-25 04:05:33,RETURNED,East
O04117,C0568,2024-10-08 22:00:47,RETURNED,West
O04118,C0681,2025-12-17 14:57:46,DELIVERED,North
O04119,C0427,2025-10-18 02:35:50,DELIVERED,East
O04120,C0092,2026-06-20 06:08:03,DELIVERED,North
O04121,C0437,2026-05-31 13:40:32,RETURNED,South
O04122,C0386,2026-03-17 03:50:57,DELIVERED,West
O04123,C0673,2024-09-19 14:55:54,SHIPPED,North
O04124,C0009,2025-03-24 02:23:36,RETURNED,East
O04125,UNKNOWN,2025-09-28 11:15:20,PLACED,South
O04126,C0578,2024-11-03 19:52:26,DELIVERED,East
O04127,C0108,2025-10-02 23:19:39,RETURNED,West
O04128,C0558,2026-05-03 05:58:29,SHIPPED,West
O04129,C0140,2024-09-11 07:31:22,CANCELLED,North
O04130,C0707,2026-02-05 15:20:18,PLACED,South
O04131,C0454,2026-04-22 23:26:07,CANCELLED,East
O04132,C0276,2025-04-17 18:23:19,PLACED,East
O04133,C0383,2024-07-28 16:10:08,CANCELLED,East
O04134,C0325,2026-05-02 10:46:48,PLACED,South
O04135,UNKNOWN,2025-12-08 14:50:48,SHIPPED,West
O04136,C0738,2024-07-27 22:50:53,SHIPPED,North
O04137,C0875,2024-08-16 15:50:55,DELIVERED,North
O04138,C0124,2024-08-29 10:56:44,SHIPPED,West
O04139,C0351,2025-01-05 00:00:00,CANCELLED,East
O04140,C0847,2026-01-29 23:23:51,CANCELLED,East
O04141,C0980,2026-04-10 05:05:32,DELIVERED,North
O04142,C0504,2025-08-06 05:31:54,SHIPPED,North
O04143,C0676,2025-05-21 00:42:30,SHIPPED,South
O04144,C0992,2026-05-19 09:01:57,SHIPPED,East
O04145,C0215,2026-06-13 12:16:39,DELIVERED,West
O04146,C0128,2024-10-19 22:54:41,PLACED,North
O04147,C0363,2024-12-26 07:29:19,CANCELLED,East
O04148,C0274,2025-06-22 05:22:17,RETURNED,South
O04149,C0752,2024-10-27 09:54:20,CANCELLED,East
O04150,C0490,2025-02-15 17:35:52,DELIVERED,South
O04151,C0001,2025-04-21 20:42:02,DELIVERED,North
O04152,C0264,2026-04-06 02:44:50,PLACED,South
O04153,C0929,2025-08-23 23:22:19,DELIVERED,West
O04154,UNKNOWN,2025-07-12 17:16:18,CANCELLED,West
O04155,C0042,2026-04-04 14:06:12,DELIVERED,East
O04156,UNKNOWN,2024-12-23 21:13:52,RETURNED,West
O04157,C0873,2026-05-18 10:09:56,CANCELLED,North
O04158,C0883,2026-07-01 04:57:28,DELIVERED,West
O04159,C0564,2026-06-02 18:50:44,PLACED,North
O04160,C0280,2025-02-19 08:54:01,RETURNED,West
O04161,C0283,2024-10-19 17:25:01,DELIVERED,South
O04162,C0482,2026-04-14 11:16:53,PLACED,South
O04163,C0965,2025-09-21 09:22:55,SHIPPED,South
O04164,C0756,2024-10-06 08:54:52,RETURNED,West
O04165,C0647,2025-03-09 14:58:31,CANCELLED,North
O04166,C0229,2024-09-27 02:26:35,PLACED,South
O04167,C0924,2026-05-21 08:25:59,PLACED,West
O04168,C0062,2025-03-20 00:00:00,RETURNED,East
O04169,C0732,2025-07-13 22:29:43,CANCELLED,East
O04170,C0683,2026-01-04 14:39:03,RETURNED,North
O04171,UNKNOWN,2025-05-04 05:35:16,RETURNED,West
O04172,C0553,2025-07-17 02:28:35,SHIPPED,North
O04173,C0967,2026-04-04 04:50:55,PLACED,South
O04174,C0437,2025-12-05 23:40:37,SHIPPED,North
O04175,C0039,2025-08-23 11:30:59,RETURNED,East
O04176,UNKNOWN,2025-09-16 16:50:32,RETURNED,East
O04177,C0636,2026-06-27 21:14:25,SHIPPED,North
O04178,C0679,2026-01-01 00:11:02,SHIPPED,East
O04179,C0746,2025-01-25 05:30:08,PLACED,South
O04180,C0671,2025-10-11 10:55:37,SHIPPED,East
O04181,C0405,2025-10-12 15:51:04,DELIVERED,West
O04182,C0841,2025-06-19 16:30:30,CANCELLED,East
O04183,C0551,2025-07-22 00:00:00,DELIVERED,North
O04184,C0211,2025-04-01 01:35:40,PLACED,South
O04185,C0593,2026-02-17 03:06:30,PLACED,East
O04186,C0912,2024-08-18 08:59:12,RETURNED,East
O04187,C0071,2024-10-21 19:45:09,PLACED,South
O04188,C0891,2025-06-05 18:49:24,RETURNED,North
O04189,C0793,2025-03-17 02:24:12,CANCELLED,East
O04190,C0279,2025-09-16 12:52:36,RETURNED,South
O04191,C0586,2025-01-13 15:52:02,SHIPPED,East
O04192,C0906,2026-05-04 00:14:57,RETURNED,North
O04193,C0119,2026-02-16 02:17:15,RETURNED,West
O04194,C0637,2025-09-16 10:27:42,SHIPPED,West
O04195,C0343,2026-02-13 17:29:46,SHIPPED,South
O04196,C0404,2026-04-20 07:33:15,SHIPPED,North
O04197,C0830,2024-07-28 09:14:38,RETURNED,North
O04198,C0585,2025-11-13 14:09:48,PLACED,South
O04199,C0588,2024-08-26 23:06:15,RETURNED,North
O04200,C0027,2025-01-29 08:15:58,CANCELLED,South
O04201,C0481,2024-12-04 08:53:56,SHIPPED,East
O04202,C0694,2025-05-09 13:42:42,DELIVERED,East
O04203,C0785,2025-06-08 09:55:13,SHIPPED,West
O04204,C0694,2026-04-21 22:38:16,PLACED,East
O04205,C0001,2024-09-26 09:37:40,SHIPPED,East
O04206,C0140,2026-03-10 16:53:58,RETURNED,North
O04207,C0899,2026-04-18 03:30:13,RETURNED,East
O04208,C0533,2024-12-29 23:05:01,CANCELLED,South
O04209,C0568,2024-11-03 17:58:42,SHIPPED,North
O04210,C0301,2026-04-12 09:56:24,DELIVERED,North
O04211,C0723,2024-11-20 19:15:19,DELIVERED,North
O04212,C0413,2025-09-17 07:29:31,SHIPPED,South
O04213,C0299,2025-03-14 04:35:55,PLACED,West
O04214,C0385,2024-11-28 21:45:18,SHIPPED,South
O04215,UNKNOWN,2024-12-06 07:59:09,SHIPPED,North
O04216,C0043,2025-03-12 10:40:03,PLACED,West
O04217,C0295,2025-03-15 14:55:37,CANCELLED,South
O04218,C0058,2024-08-05 09:19:47,PLACED,East
O04219,C0963,2024-09-26 14:43:49,SHIPPED,West
O04220,C0602,2025-08-17 06:30:36,DELIVERED,North
O04221,C0596,2025-07-27 03:30:49,PLACED,West
O04222,C0889,2025-04-04 21:16:54,RETURNED,East
O04223,C0676,2025-09-04 03:02:14,PLACED,East
O04224,C0059,2024-12-24 02:34:28,DELIVERED,West
O04225,C0038,2025-12-20 06:59:03,CANCELLED,South
O04226,C0541,2026-03-10 21:47:24,RETURNED,West
O04227,C0006,2026-02-16 11:22:14,CANCELLED,West
O04228,C0373,2024-09-03 00:10:21,RETURNED,East
O04229,C0537,2025-07-30 16:56:05,PLACED,South
O04230,C0263,2024-09-29 15:51:22,DELIVERED,South
O04231,C0190,2025-08-20 00:00:00,RETURNED,East
O04232,C0914,2025-07-23 13:41:01,RETURNED,North
O04233,C0945,2024-10-14 22:47:01,RETURNED,North
O04234,C0641,2025-10-25 01:34:41,DELIVERED,South
O04235,C0154,2025-11-09 05:13:42,DELIVERED,South
O04236,C0052,2025-08-13 02:48:46,RETURNED,South
O04237,C0849,2025-10-24 22:07:00,PLACED,North
O04238,C0106,2024-12-12 23:17:19,SHIPPED,West
O04239,C0872,2025-05-24 02:22:05,CANCELLED,East
O04240,C0010,2024-11-07 09:56:25,RETURNED,East
O04241,C0135,2026-05-15 01:46:52,RETURNED,North
O04242,C0290,2026-02-12 13:47:26,PLACED,West
O04243,C0681,2025-11-03 13:39:35,DELIVERED,West
O04244,C0658,2024-07-21 23:25:51,PLACED,West
O04245,C0223,2024-09-17 21:49:17,CANCELLED,South
O04246,C0013,2024-12-26 22:02:56,CANCELLED,East
O04247,C0053,2025-07-12 20:53:15,PLACED,North
O04248,C0908,2026-01-03 23:07:22,PLACED,East
O04249,C0683,2026-02-20 07:57:57,DELIVERED,West
O04250,C0432,2024-08-15 14:28:00,RETURNED,North
O04251,C0209,2024-09-23 00:06:45,DELIVERED,West
O04252,C0644,2025-09-23 00:00:00,RETURNED,East
O04253,C0174,2024-08-16 11:03:22,CANCELLED,South
O04254,C0216,2025-10-22 22:20:41,RETURNED,East
O04255,C0384,2024-12-05 12:50:37,CANCELLED,West
O04256,C0760,2025-07-02 23:19:29,PLACED,South
O04257,C0882,2026-01-13 17:46:59,RETURNED,North
O04258,C0140,2026-02-23 22:37:53,CANCELLED,West
O04259,C0743,2025-05-16 19:30:30,CANCELLED,North
O04260,C0426,2025-02-03 00:00:00,DELIVERED,North
O04261,C0895,2024-10-03 13:59:24,SHIPPED,South
O04262,C0429,2025-07-17 00:47:36,DELIVERED,West
O04263,C0165,2026-05-25 02:48:39,CANCELLED,South
O04264,C0569,2025-05-19 00:37:31,DELIVERED,South
O04265,C0456,2025-10-27 14:51:46,PLACED,South
O04266,C0725,2024-10-19 19:50:44,PLACED,South
O04267,C0379,2024-09-05 07:26:07,SHIPPED,West
O04268,UNKNOWN,2025-10-27 10:52:10,SHIPPED,West
O04269,C0146,2026-06-04 22:18:30,RETURNED,North
O04270,C0160,2026-05-02 08:13:32,CANCELLED,North
O04271,C0725,2026-01-07 12:50:07,PLACED,North
O04272,C0852,2024-09-26 12:19:32,DELIVERED,West
O04273,C0423,2025-08-22 02:45:34,PLACED,West
O04274,C0030,2025-02-13 06:36:37,RETURNED,West
O04275,C0355,2026-01-15 21:57:20,PLACED,West
O04276,C0960,2025-10-21 00:00:00,RETURNED,South
O04277,C0640,2025-08-31 18:51:38,RETURNED,West
O04278,C0766,2025-09-20 02:04:44,DELIVERED,East
O04279,C0184,2025-06-10 08:38:16,PLACED,North
O04280,C0010,2026-04-27 16:10:25,DELIVERED,North
O04281,C0981,2026-03-13 14:28:56,PLACED,North
O04282,C0946,2025-07-19 12:59:48,DELIVERED,West
O04283,C0526,2026-01-09 12:25:41,CANCELLED,East
O04284,C0558,2024-08-06 00:11:40,DELIVERED,East
O04285,C0026,2025-10-23 00:00:00,SHIPPED,South
O04286,C0335,2025-10-12 10:34:33,SHIPPED,South
O04287,C0368,2025-07-01 19:53:02,PLACED,West
O04288,C0636,2024-10-01 05:33:22,DELIVERED,East
O04289,C0220,2024-08-09 14:04:22,RETURNED,South
O04290,C0059,2024-11-19 15:14:13,DELIVERED,East
O04291,C0203,2025-08-11 14:34:33,PLACED,West
O04292,C0026,2026-02-03 22:26:12,SHIPPED,North
O04293,C0161,2026-06-21 11:20:17,CANCELLED,South
O04294,C0710,2025-11-21 18:38:43,PLACED,West
O04295,C0049,2025-10-22 03:48:37,SHIPPED,North
O04296,C0464,2025-01-21 12:25:41,RETURNED,West
O04297,C0211,2026-03-15 14:04:40,CANCELLED,South
O04298,UNKNOWN,2025-11-25 16:06:06,SHIPPED,South
O04299,C0641,2024-09-01 18:59:14,PLACED,East
O04300,C0041,2025-08-08 04:40:50,CANCELLED,West
O04301,C0768,2025-10-05 10:49:03,PLACED,North
O04302,C0763,2025-04-27 16:07:14,RETURNED,South
O04303,C0796,2025-01-22 19:36:02,RETURNED,North
O04304,C0996,2025-12-28 16:17:23,RETURNED,West
O04305,C0701,2024-06-12 00:00:00,DELIVERED,North
O04306,C0688,2026-05-05 15:35:35,PLACED,South
O04307,C0487,2024-08-18 05:17:05,PLACED,North
O04308,C0920,2024-09-22 11:56:38,PLACED,East
O04309,C0971,2025-10-27 22:48:18,RETURNED,North
O04310,C0790,2026-02-14 08:58:18,PLACED,South
O04311,C0947,2026-01-10 09:08:41,SHIPPED,North
O04312,C0621,2026-06-07 01:59:37,CANCELLED,North
O04313,C0945,2026-04-19 09:13:16,CANCELLED,South
O04314,C0619,2024-12-05 16:28:44,PLACED,West
O04315,C0857,2024-08-14 23:59:09,CANCELLED,East
O04316,C0724,2024-08-17 03:59:14,PLACED,South
O04317,C0977,2025-02-21 23:24:43,CANCELLED,South
O04318,C0052,2026-03-04 11:37:12,SHIPPED,West
O04319,C0375,2024-08-21 06:23:23,CANCELLED,North
O04320,C0125,2025-11-27 05:19:05,SHIPPED,East
O04321,UNKNOWN,2026-03-04 10:37:58,DELIVERED,East
O04322,C0716,2026-06-07 13:58:23,SHIPPED,South
O04323,C0245,2026-07-03 22:35:29,CANCELLED,South
O04324,C0148,2025-02-01 00:00:00,SHIPPED,East
O04325,C0974,2024-08-27 00:15:16,SHIPPED,West
O04326,C0045,2026-01-03 03:39:04,RETURNED,East
O04327,C0597,2025-05-25 07:51:28,SHIPPED,West
O04328,C0548,2024-11-21 10:45:15,CANCELLED,East
O04329,C0729,2024-08-11 16:35:42,PLACED,North
O04330,C0581,2024-12-04 02:53:57,DELIVERED,East
O04331,C0372,2025-05-06 10:08:23,PLACED,West
O04332,C0466,2025-05-27 20:05:03,PLACED,South
O04333,C0439,2026-02-27 17:42:30,SHIPPED,East
O04334,C0141,2026-01-31 04:51:02,RETURNED,East
O04335,C0834,2025-06-25 23:35:55,CANCELLED,East
O04336,C0333,2024-11-15 14:38:50,SHIPPED,East
O04337,C0350,2025-11-30 17:17:51,SHIPPED,West
O04338,C0867,2026-04-13 04:33:05,SHIPPED,South
O04339,C0681,2025-09-17 18:00:46,SHIPPED,South
O04340,C0277,2026-06-09 05:30:14,CANCELLED,East
O04341,C0721,2025-10-21 20:29:36,RETURNED,South
O04342,C0259,2025-07-20 21:51:49,DELIVERED,North
O04343,C0148,2025-07-24 07:19:41,CANCELLED,West
O04344,C0674,2024-12-16 15:37:41,RETURNED,North
O04345,C0640,2024-09-16 21:49:57,SHIPPED,East
O04346,C0175,2024-07-31 17:54:37,CANCELLED,West
O04347,C0675,2025-04-14 09:04:32,RETURNED,South
O04348,C0045,2025-02-14 22:20:31,SHIPPED,West
O04349,C0081,2026-03-26 23:49:30,DELIVERED,West
O04350,C0338,2024-12-12 20:16:10,RETURNED,West
O04351,C0044,2026-02-28 19:12:57,PLACED,North
O04352,C0459,2025-03-24 21:47:12,SHIPPED,South
O04353,C0250,2026-03-20 00:48:23,CANCELLED,North
O04354,C0946,2025-12-06 20:48:42,RETURNED,South
O04355,C0804,2025-03-19 08:19:52,CANCELLED,South
O04356,C0852,2025-05-18 06:59:23,CANCELLED,South
O04357,C0007,2026-01-16 03:15:20,DELIVERED,West
O04358,C0508,2026-01-15 21:05:31,RETURNED,South
O04359,C0611,2026-03-08 23:15:24,CANCELLED,East
O04360,C0774,2025-12-24 18:11:58,CANCELLED,West
O04361,C0276,2026-07-11 07:09:30,PLACED,South
O04362,C0728,2024-08-27 14:09:47,SHIPPED,West
O04363,C0373,2024-09-23 05:16:12,CANCELLED,South
O04364,C0439,2025-08-18 04:49:56,RETURNED,South
O04365,C0036,2025-04-20 08:32:16,CANCELLED,West
O04366,C0231,2024-09-22 15:17:52,PLACED,East
O04367,C0643,2025-09-28 03:49:40,SHIPPED,West
O04368,C0954,2026-02-24 16:07:51,SHIPPED,East
O04369,C0828,2025-08-03 16:31:13,SHIPPED,North
O04370,C0277,2024-12-19 17:08:12,CANCELLED,South
O04371,C0127,2025-12-04 15:15:14,RETURNED,North
O04372,C0286,2024-08-29 14:29:34,DELIVERED,East
O04373,C0884,2025-10-18 22:10:11,DELIVERED,South
O04374,C0375,2025-12-07 02:11:15,DELIVERED,East
O04375,C0112,2024-07-16 17:26:27,RETURNED,East
O04376,C0796,2026-04-22 23:57:47,SHIPPED,South
O04377,C0573,2025-04-01 05:05:24,DELIVERED,North
O04378,C0305,2024-07-28 21:50:37,PLACED,South
O04379,C0136,2025-10-29 13:23:27,SHIPPED,West
O04380,C0244,2026-06-06 17:56:44,SHIPPED,East
O04381,C0414,2025-03-04 11:06:28,DELIVERED,West
O04382,C0669,2025-01-03 13:03:17,SHIPPED,East
O04383,C0570,2026-06-07 00:34:28,SHIPPED,West
O04384,C0035,2024-08-29 13:50:30,PLACED,East
O04385,C0168,2025-04-29 02:02:37,RETURNED,South
O04386,C0374,2026-07-06 09:15:16,CANCELLED,West
O04387,C0707,2026-04-07 18:15:35,PLACED,North
O04388,C0495,2025-03-17 19:03:15,SHIPPED,East
O04389,C0988,2025-11-19 04:24:27,RETURNED,South
O04390,C0595,2024-08-05 06:36:11,RETURNED,North
O04391,C0195,2025-11-02 07:26:25,PLACED,West
O04392,C0994,2026-05-12 22:50:06,PLACED,South
O04393,C0323,2026-07-01 15:15:10,CANCELLED,West
O04394,C0869,2024-11-30 21:18:25,DELIVERED,West
O04395,C0088,2025-10-04 04:54:12,DELIVERED,South
O04396,C0650,2025-05-28 03:22:01,DELIVERED,West
O04397,C0332,2024-08-16 21:55:41,RETURNED,South
O04398,C0876,2025-01-23 01:18:09,SHIPPED,West
O04399,C0693,2025-01-05 18:59:17,CANCELLED,South
O04400,C0647,2025-10-03 14:55:38,SHIPPED,South
O04401,C0801,2025-11-13 12:30:39,CANCELLED,North
O04402,C0360,2025-08-31 16:39:01,PLACED,North
O04403,C0452,2026-06-05 09:51:47,RETURNED,South
O04404,C0666,2025-12-06 06:30:45,PLACED,West
O04405,C0286,2024-07-22 06:07:24,RETURNED,East
O04406,UNKNOWN,2025-04-07 15:01:32,SHIPPED,South
O04407,C0533,2024-08-24 09:58:29,PLACED,West
O04408,C0826,2025-11-09 00:14:00,DELIVERED,East
O04409,C0586,2024-08-25 01:51:44,SHIPPED,North
O04410,C0512,2024-09-26 23:47:54,RETURNED,West
O04411,C0377,2025-02-11 00:00:00,SHIPPED,North
O04412,C0730,2025-12-24 04:14:50,DELIVERED,South
O04413,C0347,2025-01-05 18:06:24,DELIVERED,West
O04414,UNKNOWN,2024-09-30 14:06:12,PLACED,North
O04415,C0131,2025-08-04 15:41:31,SHIPPED,West
O04416,C0327,2024-09-20 14:12:15,RETURNED,West
O04417,C0230,2025-09-22 20:32:55,CANCELLED,East
O04418,UNKNOWN,2025-03-26 18:39:09,SHIPPED,South
O04419,C1000,2025-01-04 07:53:40,RETURNED,West
O04420,C0276,2024-09-29 15:54:12,DELIVERED,North
O04421,C0526,2024-12-10 18:39:30,RETURNED,East
O04422,C0191,2025-05-04 05:26:25,DELIVERED,East
O04423,C0027,2026-01-04 10:07:59,CANCELLED,East
O04424,C0083,2024-08-04 18:52:47,SHIPPED,West
O04425,C0551,2025-02-23 19:57:11,CANCELLED,East
O04426,C0902,2024-11-28 08:29:30,SHIPPED,South
O04427,C0229,2024-09-18 00:32:29,CANCELLED,South
O04428,C0588,2025-08-20 00:46:39,PLACED,North
O04429,C0430,2025-01-23 07:25:36,PLACED,South
O04430,UNKNOWN,2025-06-01 22:09:20,RETURNED,East
O04431,C0229,2025-08-11 15:21:09,SHIPPED,South
O04432,C0675,2024-11-12 23:59:53,SHIPPED,West
O04433,C0187,2025-03-14 07:15:42,PLACED,East
O04434,C0932,2025-02-16 05:35:15,DELIVERED,South
O04435,C0991,2025-11-01 21:11:54,CANCELLED,North
O04436,C0362,2025-02-01 10:02:54,CANCELLED,West
O04437,C0570,2026-06-07 07:29:54,CANCELLED,East
O04438,C0366,2025-10-19 19:58:25,CANCELLED,North
O04439,C0480,2024-09-04 08:27:35,RETURNED,South
O04440,C0544,2024-08-25 19:15:11,DELIVERED,West
O04441,C0879,2024-09-07 15:01:57,RETURNED,West
O04442,C0436,2024-07-14 07:14:55,CANCELLED,East
O04443,C0129,2025-12-31 23:48:23,SHIPPED,East
O04444,C0246,2026-03-21 07:48:39,SHIPPED,West
O04445,C0006,2026-02-18 22:05:11,SHIPPED,South
O04446,C0806,2024-09-13 20:15:34,PLACED,West
O04447,C0819,2025-05-14 23:44:11,SHIPPED,North
O04448,C0014,2024-12-09 04:06:50,SHIPPED,South
O04449,C0916,2025-09-08 07:25:05,CANCELLED,West
O04450,C0515,2025-10-10 07:17:45,DELIVERED,West
O04451,C0542,2025-03-08 18:20:58,RETURNED,West
O04452,C0628,2024-10-19 07:00:50,CANCELLED,North
O04453,UNKNOWN,2025-05-06 03:45:58,RETURNED,West
O04454,C0701,2024-11-06 10:50:55,CANCELLED,East
O04455,C0969,2025-12-16 16:25:38,CANCELLED,North
O04456,C0917,2025-03-31 00:00:00,SHIPPED,South
O04457,C0098,2025-03-25 08:22:25,DELIVERED,East
O04458,C0447,2025-04-18 00:33:52,CANCELLED,North
O04459,C0916,2025-02-11 14:32:46,CANCELLED,North
O04460,C0306,2024-12-21 06:04:09,CANCELLED,West
O04461,UNKNOWN,2026-05-16 00:04:16,PLACED,East
O04462,C0196,2025-02-18 10:34:59,RETURNED,South
O04463,C0979,2024-08-08 02:16:46,PLACED,North
O04464,C0884,2025-11-05 04:02:57,SHIPPED,East
O04465,C0484,2024-10-10 09:49:28,PLACED,East
O04466,C0657,2025-04-22 20:05:09,SHIPPED,West
O04467,C0422,2025-09-20 02:33:06,DELIVERED,South
O04468,C0950,2026-04-04 22:11:36,SHIPPED,North
O04469,C0025,2024-09-27 23:09:41,RETURNED,West
O04470,C0102,2025-04-30 05:23:31,CANCELLED,East
O04471,C0977,2024-08-18 05:12:35,RETURNED,East
O04472,C0377,2025-03-28 15:47:09,RETURNED,East
O04473,C0051,2025-10-20 07:34:21,DELIVERED,East
O04474,C0948,2025-12-02 01:12:50,PLACED,North
O04475,C0598,2026-01-21 00:00:00,DELIVERED,East
O04476,C0398,2024-10-04 15:29:27,DELIVERED,East
O04477,C0369,2025-07-10 20:52:40,SHIPPED,East
O04478,C0914,2025-07-03 11:25:32,RETURNED,North
O04479,C0241,2024-08-27 23:22:20,CANCELLED,South
O04480,C0177,2024-12-02 00:30:28,SHIPPED,South
O04481,C0085,2025-09-14 03:31:53,DELIVERED,West
O04482,C0400,2026-06-18 15:04:37,RETURNED,South
O04483,C0683,2025-08-12 06:35:44,DELIVERED,East
O04484,C0693,2025-12-01 00:00:00,DELIVERED,North
O04485,C0148,2025-10-16 17:00:46,SHIPPED,North
O04486,C0624,2025-12-04 02:29:51,DELIVERED,West
O04487,C0407,2025-10-19 22:46:17,RETURNED,East
O04488,C0601,2025-07-01 15:41:20,SHIPPED,East
O04489,C0999,2026-01-27 05:27:16,DELIVERED,South
O04490,C0152,2025-10-31 00:43:44,SHIPPED,North
O04491,C0040,2025-03-11 22:30:21,SHIPPED,East
O04492,C0943,2026-06-04 09:07:06,CANCELLED,East
O04493,C0265,2025-10-23 05:28:04,DELIVERED,South
O04494,C0088,2024-08-20 10:06:35,SHIPPED,West
O04495,C0331,2025-11-02 05:04:04,RETURNED,South
O04496,C0780,2026-04-07 05:15:40,PLACED,East
O04497,C0338,2026-04-16 02:31:02,PLACED,East
O04498,C0643,2026-05-01 14:25:16,RETURNED,East
O04499,C0744,2026-05-01 02:14:14,DELIVERED,East
O04500,C0309,2024-08-06 21:37:55,DELIVERED,South
O04501,C0140,2026-03-05 07:30:45,CANCELLED,South
O04502,C0438,2026-06-08 19:15:21,SHIPPED,South
O04503,C0796,2025-09-19 16:23:57,PLACED,West
O04504,C0615,2024-09-23 01:25:53,PLACED,South
O04505,C0687,2025-07-27 04:29:21,RETURNED,West
O04506,C0092,2024-07-24 09:02:50,DELIVERED,South
O04507,C0776,2024-09-03 10:27:26,PLACED,South
O04508,UNKNOWN,2025-09-03 06:07:17,CANCELLED,North
O04509,C0597,2025-02-21 07:42:09,PLACED,East
O04510,C0836,2025-04-23 17:38:21,DELIVERED,West
O04511,C0595,2025-09-19 22:17:15,CANCELLED,North
O04512,C0225,2025-09-06 22:15:10,PLACED,South
O04513,C0782,2026-04-28 01:34:31,CANCELLED,East
O04514,C0974,2026-03-18 10:41:05,DELIVERED,North
O04515,C0250,2026-04-25 06:42:26,CANCELLED,East
O04516,C0924,2025-11-21 14:45:01,PLACED,South
O04517,C0822,2024-08-17 01:31:00,RETURNED,South
O04518,C0257,2025-05-11 11:07:13,RETURNED,West
O04519,C0228,2024-12-09 16:04:14,RETURNED,East
O04520,UNKNOWN,2025-08-28 02:47:01,RETURNED,West
O04521,C0338,2026-05-01 13:47:20,CANCELLED,West
O04522,C0576,2026-03-05 14:50:47,CANCELLED,West
O04523,C0860,2024-08-18 01:25:46,CANCELLED,East
O04524,C0897,2025-10-17 00:07:13,SHIPPED,West
O04525,C0516,2024-09-01 05:59:07,SHIPPED,North
O04526,C0470,2025-11-29 01:36:12,DELIVERED,South
O04527,C0964,2025-02-20 16:44:56,DELIVERED,West
O04528,C0352,2025-12-17 11:56:19,DELIVERED,North
O04529,C0970,2024-07-15 05:10:56,PLACED,South
O04530,C0883,2026-06-24 01:26:07,SHIPPED,North
O04531,C0092,2025-05-02 03:39:52,RETURNED,West
O04532,C0879,2025-08-31 00:00:00,SHIPPED,East
O04533,C0992,2026-04-11 18:03:57,PLACED,West
O04534,C0330,2025-11-05 03:20:07,SHIPPED,West
O04535,C0216,2025-03-18 05:54:55,DELIVERED,East
O04536,C0348,2025-09-24 11:50:11,RETURNED,West
O04537,C0628,2025-08-14 15:05:28,SHIPPED,North
O04538,C0453,2025-11-15 16:52:46,CANCELLED,East
O04539,C0785,2026-01-24 00:48:21,SHIPPED,West
O04540,C0137,2025-07-27 01:56:12,DELIVERED,West
O04541,C0226,2026-03-01 23:57:14,DELIVERED,North
O04542,C0741,2025-08-15 22:28:47,DELIVERED,South
O04543,C0283,2025-01-24 04:26:24,CANCELLED,North
O04544,C0416,2026-06-14 14:05:59,SHIPPED,West
O04545,C0308,2026-06-22 19:57:32,CANCELLED,North
O04546,C0931,2024-11-25 23:22:00,DELIVERED,East
O04547,C0079,2025-11-25 20:24:37,SHIPPED,South
O04548,C0088,2024-11-14 04:28:44,PLACED,East
O04549,C0169,2026-05-19 05:04:03,PLACED,East
O04550,C0472,2025-01-12 02:56:14,RETURNED,West
O04551,C0703,2025-04-17 11:56:22,SHIPPED,North
O04552,C0945,2024-12-29 12:32:48,DELIVERED,West
O04553,C0744,2025-11-22 11:48:00,PLACED,South
O04554,C0727,2026-02-28 05:21:42,SHIPPED,North
O04555,C0724,2025-02-21 02:22:36,SHIPPED,West
O04556,C0510,2026-01-14 23:32:06,SHIPPED,East
O04557,C0820,2025-09-06 03:28:15,CANCELLED,West
O04558,UNKNOWN,2025-06-15 01:17:45,RETURNED,South
O04559,C0607,2025-07-19 00:00:00,CANCELLED,South
O04560,C0262,2025-11-25 00:00:00,CANCELLED,South
O04561,C0096,2025-12-17 19:33:11,CANCELLED,West
O04562,C0176,2025-04-26 19:23:40,PLACED,West
O04563,C0404,2025-05-28 07:29:00,RETURNED,North
O04564,C0348,2025-06-27 18:39:21,RETURNED,West
O04565,C0369,2025-08-27 02:06:50,SHIPPED,East
O04566,UNKNOWN,2025-03-01 17:17:17,RETURNED,North
O04567,C0314,2024-07-18 01:24:16,CANCELLED,West
O04568,C0310,2026-07-07 02:44:13,RETURNED,North
O04569,C0315,2026-06-24 03:04:09,DELIVERED,North
O04570,C0705,2024-10-08 23:48:20,DELIVERED,South
O04571,C0064,2025-05-19 12:37:38,RETURNED,West
O04572,C0850,2025-06-22 16:31:28,CANCELLED,South
O04573,C0596,2025-04-23 16:25:27,PLACED,North
O04574,C0810,2026-04-09 21:04:29,DELIVERED,South
O04575,C0940,2026-04-18 00:32:48,RETURNED,West
O04576,C0555,2026-04-13 19:30:28,CANCELLED,West
O04577,C0407,2025-06-23 03:52:44,DELIVERED,West
O04578,C0561,2026-05-19 12:14:56,PLACED,West
O04579,C0884,2025-11-03 12:12:01,DELIVERED,West
O04580,UNKNOWN,2024-12-27 04:52:15,RETURNED,West
O04581,C0795,2025-12-26 00:56:54,RETURNED,South
O04582,C0296,2024-07-26 18:21:31,RETURNED,West
O04583,C0220,2025-02-07 17:39:41,SHIPPED,West
O04584,C0321,2025-09-03 03:57:39,SHIPPED,North
O04585,C0816,2026-04-01 15:03:19,SHIPPED,South
O04586,C0313,2026-02-24 03:59:15,RETURNED,North
O04587,C0428,2026-05-02 12:21:43,DELIVERED,North
O04588,C0458,2025-07-15 03:20:38,PLACED,East
O04589,C0670,2025-06-09 20:35:24,SHIPPED,East
O04590,C0135,2026-01-10 01:12:43,RETURNED,East
O04591,C0711,2026-01-12 16:38:31,PLACED,West
O04592,C0603,2026-02-18 20:47:53,SHIPPED,West
O04593,C0596,2024-11-15 10:55:13,CANCELLED,South
O04594,UNKNOWN,2026-04-19 07:51:36,PLACED,South
O04595,C0386,2025-01-27 20:39:18,DELIVERED,South
O04596,C0539,2024-09-17 00:29:39,PLACED,North
O04597,C0025,2024-08-16 22:27:37,PLACED,West
O04598,C0888,2025-05-01 16:31:41,SHIPPED,South
O04599,C0757,2024-09-25 10:33:14,DELIVERED,South
O04600,C0432,2025-12-12 07:16:31,SHIPPED,East
O04601,C0437,2025-10-31 18:31:15,SHIPPED,North
O04602,C0552,2025-08-22 20:50:41,CANCELLED,East
O04603,C0830,2025-12-14 19:02:21,DELIVERED,North
O04604,C0713,2024-09-15 10:23:14,DELIVERED,West
O04605,C0681,2025-07-02 02:03:13,DELIVERED,South
O04606,C0718,2026-05-23 09:42:55,PLACED,South
O04607,UNKNOWN,2025-04-07 02:08:31,PLACED,West
O04608,C0245,2024-08-16 00:48:50,CANCELLED,South
O04609,C0410,2025-01-16 05:36:19,SHIPPED,South
O04610,C0360,2024-10-06 05:47:11,RETURNED,North
O04611,UNKNOWN,2025-10-29 15:51:19,CANCELLED,North
O04612,C0186,2026-04-13 01:12:22,SHIPPED,North
O04613,C0665,2025-01-25 17:29:27,RETURNED,South
O04614,C0551,2025-12-10 17:05:17,CANCELLED,South
O04615,C0071,2026-04-16 14:13:13,CANCELLED,West
O04616,C0575,2025-01-12 11:47:56,DELIVERED,West
O04617,C0534,2025-11-10 01:13:53,PLACED,South
O04618,C0900,2024-11-01 16:35:24,RETURNED,West
O04619,C0354,2025-05-14 06:51:42,DELIVERED,East
O04620,C0672,2025-11-02 20:57:40,DELIVERED,North
O04621,C0907,2024-08-25 23:18:10,CANCELLED,North
O04622,C0607,2025-10-21 11:32:21,SHIPPED,South
O04623,C0171,2026-02-19 06:52:58,SHIPPED,North
O04624,C0910,2024-10-26 01:23:01,CANCELLED,West
O04625,C0994,2025-10-23 03:40:14,CANCELLED,South
O04626,C0274,2025-03-28 18:50:08,DELIVERED,West
O04627,C0125,2025-05-23 18:06:09,DELIVERED,West
O04628,C0931,2025-11-10 07:59:10,RETURNED,North
O04629,C0148,2024-11-10 08:05:02,RETURNED,North
O04630,C0015,2026-06-24 08:56:53,DELIVERED,North
O04631,C0142,2026-01-10 08:49:37,RETURNED,East
O04632,C0085,2025-12-12 19:34:09,RETURNED,North
O04633,C0588,2026-03-08 03:41:50,DELIVERED,West
O04634,UNKNOWN,2026-03-17 04:33:03,PLACED,East
O04635,C0172,2025-01-03 13:30:41,SHIPPED,West
O04636,C0071,2024-07-17 19:37:16,RETURNED,South
O04637,C0537,2024-12-17 21:17:22,PLACED,South
O04638,C0014,2026-07-06 08:48:28,SHIPPED,North
O04639,C0999,2025-11-26 23:04:43,RETURNED,West
O04640,C0569,2024-08-11 17:28:59,RETURNED,North
O04641,C0473,2025-06-08 05:30:50,CANCELLED,South
O04642,C0929,2024-12-11 05:57:57,DELIVERED,West
O04643,C0218,2025-01-15 06:42:50,RETURNED,North
O04644,C0840,2025-04-25 18:10:59,RETURNED,North
O04645,C0063,2024-08-08 01:49:49,SHIPPED,North
O04646,C0308,2026-06-27 03:04:23,PLACED,West
O04647,C0392,2026-02-12 01:45:14,SHIPPED,South
O04648,C0450,2025-10-24 18:01:21,CANCELLED,West
O04649,C0523,2025-02-02 07:27:02,PLACED,North
O04650,C0353,2025-01-09 05:54:16,DELIVERED,East
O04651,C0659,2024-11-09 06:46:12,DELIVERED,West
O04652,C0334,2025-04-10 22:55:56,DELIVERED,North
O04653,C0798,2024-12-12 16:37:09,SHIPPED,South
O04654,C0865,2025-05-15 01:01:05,PLACED,South
O04655,C0616,2025-02-20 20:24:33,PLACED,West
O04656,C0546,2026-04-25 13:50:19,PLACED,North
O04657,C0619,2025-11-13 16:45:57,CANCELLED,North
O04658,C0295,2026-06-07 22:28:46,CANCELLED,East
O04659,C0643,2026-03-24 01:25:39,SHIPPED,South
O04660,C0945,2026-01-03 18:38:09,CANCELLED,West
O04661,C0139,2024-11-14 03:40:43,SHIPPED,West
O04662,C0963,2025-03-18 04:39:01,DELIVERED,North
O04663,C0953,2025-07-28 09:45:17,PLACED,East
O04664,C0134,2025-01-12 06:33:52,SHIPPED,North
O04665,C0282,2026-01-31 10:57:47,RETURNED,East
O04666,C0353,2026-02-04 23:14:58,SHIPPED,East
O04667,C0732,2025-11-12 22:25:33,SHIPPED,East
O04668,C0942,2025-05-04 03:32:13,RETURNED,South
O04669,C0459,2025-12-07 15:49:59,DELIVERED,East
O04670,C0700,2025-06-26 12:56:48,SHIPPED,East
O04671,C0944,2024-09-14 04:33:00,PLACED,West
O04672,C0823,2025-08-11 22:25:28,RETURNED,West
O04673,C0516,2025-08-17 05:51:58,DELIVERED,North
O04674,C0742,2025-10-04 23:12:53,DELIVERED,West
O04675,C0577,2026-07-10 11:57:53,PLACED,South
O04676,C0021,2025-10-05 23:56:58,DELIVERED,South
O04677,C0463,2024-10-13 05:21:08,RETURNED,East
O04678,C0534,2025-06-09 17:23:52,RETURNED,North
O04679,C0473,2025-08-15 17:46:51,RETURNED,West
O04680,C0812,2026-04-16 00:14:43,PLACED,South
O04681,C0761,2026-01-09 06:00:29,DELIVERED,East
O04682,C0452,2024-10-08 04:01:16,CANCELLED,West
O04683,C0228,2025-12-01 06:52:45,SHIPPED,East
O04684,C0877,2024-10-17 22:48:26,DELIVERED,West
O04685,C0507,2024-12-16 14:29:04,CANCELLED,East
O04686,C0306,2026-05-21 20:17:14,CANCELLED,North
O04687,C0235,2025-10-15 07:30:34,RETURNED,East
O04688,C0525,2026-04-14 15:11:50,SHIPPED,North
O04689,C0744,2025-03-05 11:58:43,PLACED,East
O04690,C0895,2026-06-16 13:51:02,CANCELLED,North
O04691,C0124,2024-09-21 01:14:47,RETURNED,West
O04692,C0199,2026-04-14 12:21:04,SHIPPED,West
O04693,C0880,2025-08-18 07:43:05,DELIVERED,East
O04694,C0627,2026-06-23 21:55:27,DELIVERED,West
O04695,C0986,2025-06-06 17:09:30,DELIVERED,East
O04696,C0330,2025-12-08 00:38:57,PLACED,West
O04697,C0628,2025-10-29 08:31:31,PLACED,West
O04698,C0249,2024-11-03 01:11:01,CANCELLED,West
O04699,C0016,2024-10-30 18:48:25,CANCELLED,South
O04700,C0098,2024-11-14 09:16:24,DELIVERED,South
O04701,C0911,2024-09-14 13:39:24,RETURNED,West
O04702,C0609,2025-02-09 16:28:47,SHIPPED,South
O04703,C0762,2026-07-10 06:47:45,CANCELLED,South
O04704,C0932,2025-07-07 17:01:32,PLACED,South
O04705,C0668,2024-12-04 20:32:13,SHIPPED,North
O04706,C0032,2024-11-06 08:55:18,SHIPPED,South
O04707,C0996,2025-12-25 08:54:03,DELIVERED,West
O04708,C0171,2024-09-13 03:53:28,PLACED,North
O04709,C0426,2025-01-27 08:05:11,RETURNED,South
O04710,C0141,2026-02-10 02:33:45,SHIPPED,South
O04711,C0096,2025-06-17 18:44:51,PLACED,East
O04712,C0502,2025-10-09 17:47:11,SHIPPED,West
O04713,UNKNOWN,2025-08-27 06:29:08,RETURNED,North
O04714,C0538,2025-12-25 02:03:38,CANCELLED,North
O04715,C0854,2024-10-09 09:47:45,DELIVERED,North
O04716,C0790,2026-06-14 02:18:52,SHIPPED,West
O04717,UNKNOWN,2024-10-02 19:20:28,PLACED,West
O04718,C0128,2024-09-01 09:06:18,CANCELLED,North
O04719,C0344,2026-03-01 21:54:28,CANCELLED,East
O04720,C0090,2025-01-23 09:23:55,PLACED,North
O04721,C0058,2024-11-27 16:59:40,CANCELLED,South
O04722,C0770,2024-10-09 11:17:56,SHIPPED,South
O04723,C0031,2025-09-13 04:06:45,CANCELLED,North
O04724,C0659,2024-08-17 17:50:33,PLACED,North
O04725,C0813,2025-04-22 01:05:03,PLACED,West
O04726,C0979,2024-12-13 11:23:57,SHIPPED,South
O04727,C0508,2025-09-26 13:56:06,RETURNED,North
O04728,C0854,2025-01-07 16:27:08,RETURNED,East
O04729,C0360,2026-07-11 02:06:12,DELIVERED,South
O04730,C0849,2024-12-23 23:05:06,DELIVERED,North
O04731,C0463,2026-03-09 10:26:00,PLACED,North
O04732,C0266,2025-10-04 06:13:57,SHIPPED,North
O04733,C0435,2025-06-27 05:04:47,SHIPPED,South
O04734,C0106,2025-05-10 21:51:41,PLACED,West
O04735,C0530,2026-01-02 09:35:23,RETURNED,East
O04736,C0697,2024-07-14 21:11:40,SHIPPED,East
O04737,C0857,2025-07-30 22:15:26,CANCELLED,East
O04738,C0829,2025-01-06 22:19:38,DELIVERED,West
O04739,C0826,2026-05-23 06:27:26,SHIPPED,East
O04740,C0297,2025-07-09 02:30:26,SHIPPED,West
O04741,C0275,2025-02-28 17:33:33,PLACED,East
O04742,C0587,2025-11-29 07:58:53,RETURNED,South
O04743,C0567,2026-01-15 23:36:21,CANCELLED,East
O04744,C0141,2025-04-29 18:18:45,SHIPPED,North
O04745,C0801,2024-11-17 11:56:19,RETURNED,North
O04746,C0135,2026-06-05 19:11:53,CANCELLED,North
O04747,C0487,2026-06-20 01:26:44,DELIVERED,North
O04748,C0684,2026-07-06 16:10:04,RETURNED,South
O04749,C0708,2024-10-25 15:31:12,RETURNED,West
O04750,C0636,2025-11-06 06:59:46,RETURNED,North
O04751,C0494,2025-04-17 19:26:10,DELIVERED,East
O04752,C0357,2024-11-23 03:55:06,DELIVERED,North
O04753,C0016,2025-10-09 21:03:21,DELIVERED,South
O04754,C0979,2025-04-17 04:11:04,DELIVERED,South
O04755,C0260,2026-04-11 15:57:58,DELIVERED,West
O04756,C0916,2024-09-28 15:24:38,RETURNED,West
O04757,C0611,2025-03-10 06:14:17,DELIVERED,North
O04758,C0064,2026-05-14 02:59:53,RETURNED,North
O04759,C0835,2026-01-11 22:36:09,DELIVERED,North
O04760,C0583,2026-04-08 07:08:37,RETURNED,South
O04761,C0904,2025-03-23 03:24:49,CANCELLED,North
O04762,C0095,2025-04-12 04:33:11,PLACED,South
O04763,C0693,2026-06-05 10:11:34,PLACED,East
O04764,C0451,2024-11-23 18:04:37,SHIPPED,West
O04765,C0566,2025-07-13 04:56:36,DELIVERED,North
O04766,C0709,2024-07-15 08:35:17,SHIPPED,North
O04767,C0228,2026-06-26 13:56:38,RETURNED,West
O04768,C0743,2025-03-12 02:18:01,DELIVERED,West
O04769,C0221,2025-11-27 04:00:10,PLACED,West
O04770,C0150,2024-10-20 18:41:26,DELIVERED,East
O04771,C0295,2024-12-29 00:18:53,RETURNED,North
O04772,C0409,2025-11-02 06:19:43,RETURNED,West
O04773,C0255,2025-08-12 03:53:36,RETURNED,West
O04774,C0028,2025-08-15 16:53:39,PLACED,South
O04775,C0354,2025-07-29 04:59:14,SHIPPED,West
O04776,C0747,2024-11-09 14:43:32,SHIPPED,East
O04777,C0050,2026-01-10 12:04:29,RETURNED,South
O04778,C0031,2026-07-01 01:20:40,CANCELLED,West
O04779,C0536,2025-01-10 10:06:58,RETURNED,East
O04780,C0793,2025-12-08 06:38:54,RETURNED,West
O04781,C0828,2024-08-14 14:42:11,DELIVERED,North
O04782,C0513,2025-06-07 01:35:13,CANCELLED,South
O04783,C0467,2025-11-27 15:30:53,CANCELLED,North
O04784,C0476,2025-12-15 00:00:00,CANCELLED,West
O04785,C0856,2024-08-21 17:02:11,PLACED,East
O04786,C0698,2025-06-10 20:34:58,CANCELLED,West
O04787,C0355,2025-09-23 15:58:41,DELIVERED,West
O04788,UNKNOWN,2024-07-13 21:09:12,CANCELLED,North
O04789,UNKNOWN,2025-01-09 16:53:01,CANCELLED,North
O04790,C0790,2025-08-19 05:05:30,CANCELLED,East
O04791,C0779,2025-05-08 08:07:48,RETURNED,West
O04792,C0858,2025-03-31 17:12:02,PLACED,South
O04793,C0985,2025-10-09 21:12:44,PLACED,South
O04794,C0107,2025-05-06 16:15:37,RETURNED,North
O04795,C0067,2024-08-20 19:19:39,SHIPPED,North
O04796,C0343,2026-06-23 08:54:59,DELIVERED,South
O04797,C0470,2026-10-01 00:00:00,DELIVERED,North
O04798,C0141,2026-04-04 13:12:42,DELIVERED,West
O04799,C0595,2025-07-27 02:49:35,DELIVERED,North
O04800,C0554,2025-01-13 19:04:08,RETURNED,North
O04801,C0398,2026-06-05 02:22:29,CANCELLED,West
O04802,C0362,2024-10-27 11:25:32,RETURNED,South
O04803,C0377,2025-11-21 11:10:17,SHIPPED,North
O04804,C0724,2026-06-12 22:59:57,SHIPPED,West
O04805,C0395,2024-09-30 19:22:06,DELIVERED,North
O04806,C0185,2025-02-07 14:33:29,SHIPPED,West
O04807,C0436,2025-08-13 18:10:15,PLACED,East
O04808,C0030,2025-10-29 19:24:09,SHIPPED,West
O04809,C0342,2026-03-15 05:33:34,RETURNED,West
O04810,C0281,2026-05-17 21:58:19,SHIPPED,East
O04811,C0278,2025-10-18 22:51:59,PLACED,North
O04812,C0362,2024-10-02 08:46:48,DELIVERED,West
O04813,C0258,2025-03-24 12:48:04,RETURNED,South
O04814,C0999,2026-03-21 02:44:19,DELIVERED,North
O04815,UNKNOWN,2026-05-14 06:43:17,SHIPPED,West
O04816,C0654,2025-10-18 06:40:14,DELIVERED,East
O04817,C0788,2025-01-10 11:46:05,PLACED,North
O04818,C0440,2026-01-10 02:45:06,PLACED,North
O04819,C0216,2024-11-29 22:47:44,RETURNED,North
O04820,UNKNOWN,2024-09-24 14:52:07,DELIVERED,South
O04821,C0800,2026-02-11 13:44:32,RETURNED,West
O04822,C0035,2025-03-10 00:00:00,RETURNED,North
O04823,C0075,2024-12-14 08:47:53,RETURNED,South
O04824,C0312,2025-07-26 14:24:20,SHIPPED,South
O04825,C0517,2026-01-22 12:52:59,CANCELLED,North
O04826,C0568,2025-10-04 02:44:10,DELIVERED,North
O04827,C0429,2025-01-20 19:57:23,CANCELLED,South
O04828,C0285,2026-03-03 16:59:05,CANCELLED,North
O04829,C0602,2025-06-16 00:15:07,PLACED,North
O04830,C0883,2026-06-02 22:28:14,DELIVERED,East
O04831,C0535,2025-12-12 17:07:58,RETURNED,West
O04832,C0180,2025-02-08 04:31:56,PLACED,West
O04833,C0742,2024-11-15 19:50:10,RETURNED,South
O04834,C0023,2025-08-18 04:16:58,CANCELLED,North
O04835,C0935,2025-09-08 01:57:51,SHIPPED,South
O04836,C0806,2025-07-04 08:14:41,RETURNED,East
O04837,C0329,2025-09-29 18:50:15,PLACED,East
O04838,C0769,2025-08-17 21:49:04,DELIVERED,West
O04839,C0828,2025-03-08 03:06:06,DELIVERED,South
O04840,C0609,2025-09-14 22:45:25,SHIPPED,West
O04841,C0483,2025-09-30 16:16:52,RETURNED,West
O04842,C0687,2025-07-10 19:06:12,DELIVERED,West
O04843,C0036,2025-12-09 15:49:29,RETURNED,North
O04844,C0365,2025-02-15 16:06:01,DELIVERED,West
O04845,C0358,2024-08-07 02:25:05,PLACED,East
O04846,C0699,2025-05-30 23:53:21,RETURNED,East
O04847,C0008,2026-06-29 10:10:57,PLACED,West
O04848,C0203,2025-03-14 21:17:47,DELIVERED,North
O04849,C0596,2026-05-23 01:33:12,RETURNED,South
O04850,C0197,2025-11-15 15:46:19,PLACED,East
O04851,C0136,2025-04-18 15:34:47,DELIVERED,West
O04852,C0401,2024-09-18 21:33:01,RETURNED,South
O04853,C0888,2025-04-27 20:11:27,PLACED,South
O04854,C0421,2026-04-13 13:42:27,RETURNED,North
O04855,C0944,2024-08-13 17:26:44,SHIPPED,East
O04856,C0762,2025-06-07 04:16:23,SHIPPED,West
O04857,C0272,2025-11-10 02:02:54,SHIPPED,South
O04858,C0652,2025-10-08 15:40:17,PLACED,South
O04859,C0492,2026-01-05 05:00:06,CANCELLED,South
O04860,C0922,2026-01-09 19:05:53,DELIVERED,South
O04861,C0181,2024-12-20 06:11:23,PLACED,East
O04862,C0379,2025-04-29 00:00:00,DELIVERED,South
O04863,C0536,2026-01-21 22:34:09,DELIVERED,South
O04864,C0350,2025-02-23 09:53:24,DELIVERED,North
O04865,UNKNOWN,2026-03-05 09:07:57,DELIVERED,South
O04866,C0926,2026-06-02 00:02:54,RETURNED,North
O04867,C0454,2025-09-29 00:03:12,DELIVERED,East
O04868,C0538,2025-09-15 22:54:03,PLACED,East
O04869,UNKNOWN,2026-04-07 19:19:32,PLACED,South
O04870,C0965,2025-07-10 20:31:09,DELIVERED,West
O04871,C0404,2025-12-03 09:26:48,SHIPPED,West
O04872,C0943,2024-11-04 09:26:43,PLACED,South
O04873,C0960,2026-02-07 17:44:01,DELIVERED,North
O04874,C0826,2026-03-29 18:10:53,CANCELLED,South
O04875,C0344,2024-07-20 14:23:05,PLACED,West
O04876,C0135,2024-07-17 12:13:44,RETURNED,North
O04877,C0287,2025-08-17 20:24:33,DELIVERED,South
O04878,C0651,2025-12-16 06:23:34,PLACED,East
O04879,C0868,2025-04-06 15:41:40,SHIPPED,South
O04880,C0107,2025-02-11 23:55:51,CANCELLED,North
O04881,C0411,2024-09-30 23:23:20,DELIVERED,North
O04882,C0003,2026-04-13 05:52:29,DELIVERED,West
O04883,C0476,2026-02-12 20:01:02,RETURNED,North
O04884,C0642,2026-01-04 08:22:21,RETURNED,West
O04885,C0618,2025-11-18 21:37:41,SHIPPED,West
O04886,C0754,2024-11-16 13:19:38,RETURNED,North
O04887,C0719,2025-09-22 03:51:13,RETURNED,East
O04888,C0190,2025-02-09 04:39:08,CANCELLED,South
O04889,C0224,2026-02-14 12:05:52,DELIVERED,South
O04890,C0854,2025-04-06 14:09:39,CANCELLED,North
O04891,C0170,2024-09-30 19:19:59,RETURNED,West
O04892,C0500,2025-10-01 09:28:03,SHIPPED,South
O04893,C0814,2025-09-28 05:44:28,DELIVERED,South
O04894,C0241,2025-06-14 04:14:01,DELIVERED,North
O04895,C0315,2025-09-07 04:23:25,CANCELLED,East
O04896,C0182,2025-01-17 07:25:46,DELIVERED,East
O04897,C0703,2025-05-05 07:49:33,PLACED,East
O04898,C0847,2024-10-24 20:34:48,CANCELLED,West
O04899,C0895,2025-06-28 14:55:31,SHIPPED,South
O04900,C0140,2024-08-11 19:38:53,CANCELLED,East
O04901,C0002,2025-12-29 09:24:47,SHIPPED,East
O04902,C0600,2024-07-14 01:41:01,CANCELLED,North
O04903,C0648,2024-11-13 23:32:51,CANCELLED,West
O04904,C0722,2025-06-19 21:47:02,CANCELLED,East
O04905,C0892,2026-02-25 06:20:02,PLACED,East
O04906,C0575,2025-05-22 17:08:38,DELIVERED,East
O04907,C0959,2025-02-17 01:43:09,SHIPPED,South
O04908,C0050,2025-02-05 06:03:26,PLACED,South
O04909,UNKNOWN,2024-09-02 20:07:22,RETURNED,South
O04910,C0329,2025-02-03 16:03:52,PLACED,South
O04911,C0677,2025-04-27 12:24:51,SHIPPED,West
O04912,C0750,2026-04-01 18:18:45,PLACED,East
O04913,C0960,2026-04-26 07:33:43,PLACED,West
O04914,C0179,2026-04-09 23:26:16,SHIPPED,South
O04915,C0988,2026-05-30 18:48:52,SHIPPED,East
O04916,C0190,2025-06-18 14:43:39,RETURNED,North
O04917,C0976,2025-04-24 02:02:46,CANCELLED,North
O04918,C0804,2025-03-14 03:47:37,RETURNED,North
O04919,C0472,2026-01-15 15:45:46,PLACED,East
O04920,C0634,2024-07-19 19:02:50,PLACED,East
O04921,C0832,2025-09-10 01:31:24,PLACED,West
O04922,UNKNOWN,2024-12-16 02:16:39,SHIPPED,North
O04923,C0476,2024-10-31 20:30:59,RETURNED,West
O04924,UNKNOWN,2024-12-16 02:53:13,SHIPPED,North
O04925,C0462,2025-06-27 15:07:12,SHIPPED,North
O04926,C0866,2026-01-21 00:00:00,PLACED,East
O04927,C0356,2024-10-28 06:19:54,SHIPPED,East
O04928,C0812,2024-08-10 08:07:46,DELIVERED,South
O04929,C0095,2026-05-05 04:16:26,CANCELLED,East
O04930,C0995,2026-01-25 12:22:06,RETURNED,West
O04931,C0627,2025-02-21 14:14:05,PLACED,South
O04932,C0913,2025-12-22 17:12:52,SHIPPED,South
O04933,C0938,2024-08-19 18:44:31,SHIPPED,West
O04934,C0800,2024-10-13 04:15:25,SHIPPED,West
O04935,C0582,2026-02-18 20:28:32,CANCELLED,West
O04936,C0644,2024-10-19 04:08:47,RETURNED,South
O04937,C0204,2025-07-11 21:46:13,SHIPPED,West
O04938,C0430,2025-04-03 04:24:08,PLACED,East
O04939,C0630,2025-06-07 01:58:11,SHIPPED,West
O04940,C0824,2025-12-23 05:31:53,PLACED,West
O04941,C0510,2025-02-13 23:24:47,SHIPPED,South
O04942,C0187,2026-04-14 09:54:03,RETURNED,North
O04943,C0206,2025-05-10 23:12:24,DELIVERED,North
O04944,C0325,2025-08-31 08:51:54,SHIPPED,North
O04945,C0624,2025-08-22 10:11:24,DELIVERED,East
O04946,C0077,2026-03-07 00:01:51,PLACED,East
O04947,C0390,2026-02-25 03:54:37,SHIPPED,West
O04948,C0900,2025-03-17 14:44:38,CANCELLED,South
O04949,C0798,2025-12-31 15:52:32,PLACED,South
O04950,C0528,2025-02-12 01:35:24,PLACED,South
O04951,C0649,2024-07-17 20:12:46,PLACED,North
O04952,C0651,2025-07-28 07:01:13,DELIVERED,East
O04953,C0920,2026-02-26 20:50:43,SHIPPED,West
O04954,C0546,2026-04-30 15:51:56,PLACED,South
O04955,C0379,2024-11-03 15:32:02,PLACED,West
O04956,UNKNOWN,2026-02-15 09:22:14,PLACED,West
O04957,C0698,2024-09-26 08:48:30,SHIPPED,West
O04958,C0594,2025-12-05 11:10:19,DELIVERED,South
O04959,C0172,2024-12-26 14:38:37,CANCELLED,North
O04960,C0420,2024-11-05 07:03:48,RETURNED,West
O04961,C0751,2024-11-12 05:07:08,CANCELLED,North
O04962,C0382,2025-03-10 21:29:17,DELIVERED,North
O04963,C0585,2024-12-20 22:30:33,SHIPPED,North
O04964,C0877,2025-02-14 16:59:10,RETURNED,South
O04965,C0989,2025-12-19 14:24:16,DELIVERED,South
O04966,C0473,2026-06-17 09:15:31,CANCELLED,West
O04967,UNKNOWN,2025-11-04 21:27:25,SHIPPED,East
O04968,C0657,2025-11-12 15:41:07,SHIPPED,North
O04969,UNKNOWN,2025-07-16 08:34:39,SHIPPED,North
O04970,C0281,2024-10-16 04:34:52,SHIPPED,East
O04971,C0633,2024-08-30 09:43:17,PLACED,South
O04972,C0369,2024-08-30 19:53:25,DELIVERED,South
O04973,C0690,2025-04-12 05:07:31,PLACED,East
O04974,C0024,2026-03-25 02:35:21,PLACED,West
O04975,C0121,2026-03-23 00:00:00,RETURNED,West
O04976,C0859,2026-05-24 22:12:00,DELIVERED,East
O04977,C0006,2026-07-03 15:17:38,CANCELLED,South
O04978,C0105,2025-07-25 01:32:19,PLACED,East
O04979,C0497,2025-02-05 10:04:22,CANCELLED,East
O04980,C0301,2025-02-03 12:14:41,RETURNED,West
O04981,C0092,2025-08-24 10:42:01,RETURNED,East
O04982,C0520,2024-12-31 05:11:05,CANCELLED,South
O04983,C0982,2026-02-01 12:44:51,CANCELLED,South
O04984,C0594,2026-06-20 00:00:00,PLACED,South
O04985,C0081,2025-06-05 19:09:29,CANCELLED,North
O04986,C0685,2025-02-07 19:42:08,PLACED,South
O04987,C0136,2025-07-17 18:08:45,CANCELLED,South
O04988,C0102,2026-02-04 18:06:43,PLACED,East
O04989,C0715,2025-03-18 13:55:07,CANCELLED,West
O04990,C0251,2024-12-19 19:53:33,RETURNED,North
O04991,C0272,2024-07-11 12:51:37,DELIVERED,North
O04992,C0508,2025-12-16 03:33:10,RETURNED,North
O04993,C0724,2025-04-14 07:49:22,RETURNED,South
O04994,C0529,2024-07-31 17:14:11,PLACED,South
O04995,C0644,2025-01-27 10:07:50,CANCELLED,East
O04996,C0871,2024-07-15 04:54:43,PLACED,South
O04997,C0474,2026-07-02 14:00:51,RETURNED,South
O04998,C0539,2024-11-11 01:50:06,CANCELLED,East
O04999,C0694,2026-06-15 11:30:57,RETURNED,West
O05000,C0665,2025-03-01 06:03:35,RETURNED,North
