item_id,order_id,product_id,quantity,unit_price,discount_percent
I00001,O04305,P0386,3,20219,1
I00002,O00812,P0326,3,85333,15
I00003,O03315,P0182,5,35736,38
I00004,O00124,P0038,3,16661,36
I00005,O00802,P0151,5,87567,12
I00006,O03084,P0098,3,92904,28
I00007,O01339,P0043,3,69874,9
I00008,O00827,P0292,3,30577,27
I00009,O04818,P0192,3,3512,23
I00010,O02500,P0233,4,14170,39
I00011,O03847,P0307,5,33342,33
I00012,O04766,P0075,4,24601,3
I00013,O03246,P0226,3,704,15
I00014,O03704,P0027,5,892,38
I00015,O03176,P0464,2,27040,40
I00016,O04191,P0261,3,4348,13
I00017,O00928,P0280,2,88226,6
I00018,O03642,P0138,1,36865,35
I00019,O00931,P0398,3,89527,35
I00020,O03733,P0276,5,78581,36
I00021,O00772,P0305,5,44100,29
I00022,O02939,P0353,3,43330,37
I00023,O01940,P0197,2,65416,11
I00024,O02595,P0354,4,65686,3
I00025,O02437,P0470,1,32876,15
I00026,O02832,P0480,5,50269,30
I00027,O01889,P0343,3,21965,2
I00028,O02982,P0040,1,75284,4
I00029,O01434,P0215,-2,7855,21
I00030,O02229,P0447,3,6758,29
I00031,O02286,P0004,3,31262,7
I00032,O02702,P0216,3,70532,0
I00033,O00831,P0419,5,23527,8
I00034,O00650,P0244,3,58177,14
I00035,O00219,P0415,5,25595,12
I00036,O03229,P0308,4,18892,5
I00037,O02524,P0342,1,62157,36
I00038,O00148,P0287,4,23388,23
I00039,O01766,P0466,2,3305,13
I00040,O01962,P0156,5,1922,9
I00041,O02644,P0269,4,27242,11
I00042,O00929,P0498,5,8802,37
I00043,O02276,P0350,3,40087,21
I00044,O01431,P0218,1,40751,33
I00045,O03648,P0166,1,9517,0
I00046,O02465,P0184,1,77891,25
I00047,O04770,P0211,-1,87573,12
I00048,O03065,P0239,3,93734,6
I00049,O01760,P0479,2,70800,3
I00050,O02919,P0344,1,24446,17
I00051,O00099,P0186,5,12556,33
I00052,O02186,P0043,3,4570,6
I00053,O01398,P0418,5,43069,39
I00054,O00390,P0381,1,64592,40
I00055,O03346,P0048,2,2255,9
I00056,O00107,P0240,1,2329,14
I00057,O00353,P0196,1,54401,16
I00058,O00448,P0261,5,51756,13
I00059,O01626,P0003,4,66494,19
I00060,O04230,P0129,2,66953,36
I00061,O04656,P0321,2,74346,15
I00062,O02005,P0241,5,80085,12
I00063,O01803,P0005,5,67495,10
I00064,O04270,P0139,4,71258,4
I00065,O00740,P0412,4,30726,16
I00066,O01557,P0432,1,53620,12
I00067,O02099,P0277,1,3127,35
I00068,O04524,P0147,5,13496,35
I00069,O02859,P0420,3,49210,3
I00070,O01104,P0408,2,62602,18
I00071,O00602,P0207,4,8608,17
I00072,O04841,P0201,2,26080,38
I00073,O02413,P0008,1,78132,37
I00074,O00306,P0246,2,30949,25
I00075,O01641,P0369,3,10118,22
I00076,O01763,P0457,4,7127,21
I00077,O03784,P0142,-1,66354,37
I00078,O02298,P0221,4,6750,40
I00079,O04632,P0272,-2,72335,29
I00080,O03556,P0128,2,31352,1
I00081,O02906,P0394,1,45468,34
I00082,O02300,P0099,1,99590,35
I00083,O00679,P0224,5,15528,1
I00084,O02471,P0184,1,48498,33
I00085,O04471,P0007,2,38342,10
I00086,O02098,P0448,4,99594,32
I00087,O01338,P0165,3,55700,1
I00088,O02706,P0459,3,36331,8
I00089,O00266,P0212,4,65321,25
I00090,O03951,P0306,1,10483,15
I00091,O00027,P0415,4,26928,22
I00092,O00308,P0454,3,28248,28
I00093,O03428,P0202,5,68658,21
I00094,O01269,P0184,2,23193,34
I00095,O01367,P0458,3,13734,3
I00096,O02996,P0459,4,4880,6
I00097,O01715,P0298,5,68618,12
I00098,O01025,P0073,5,75601,13
I00099,O03294,P0454,4,63328,32
I00100,O00771,P0393,1,56648,29
I00101,O02546,P0108,4,82775,25
I00102,O04860,P0265,-3,64200,22
I00103,O00565,P0008,5,99777,16
I00104,O01547,P0494,2,35262,35
I00105,O03940,P0238,3,57364,0
I00106,O04417,P0179,3,59619,18
I00107,O04595,P0310,1,94622,25
I00108,O03251,P0007,2,44897,16
I00109,O04582,P0240,2,18382,16
I00110,O04730,P0226,3,35951,20
I00111,O00358,P0207,5,97090,17
I00112,O00398,P0445,4,79406,34
I00113,O03388,P0399,1,47869,2
I00114,O00807,P0419,3,10423,30
I00115,O04392,P0161,1,10284,33
I00116,O04670,P0482,1,33455,10
I00117,O04212,P0146,3,78173,26
I00118,O00210,P0187,2,82526,8
I00119,O04659,P0077,5,6589,31
I00120,O01519,P0159,2,63581,0
I00121,O03286,P0075,1,53260,13
I00122,O01729,P0302,4,79042,23
I00123,O00505,P0309,2,9696,19
I00124,O03553,P0227,2,49628,8
I00125,O00394,P0489,2,40731,34
I00126,O04562,P0068,5,89742,23
I00127,O03693,P0353,1,5286,40
I00128,O03524,P0036,3,27838,26
I00129,O04888,P0214,5,86836,34
I00130,O02086,P0219,3,33162,3
I00131,O02419,P0316,2,99438,17
I00132,O04117,P0418,5,10298,21
I00133,O00510,P0359,2,98611,9
I00134,O00231,P0335,5,13702,20
I00135,O00486,P0475,4,62241,38
I00136,O01717,P0287,5,38759,10
I00137,O03724,P0460,4,80698,23
I00138,O01746,P0296,2,88187,1
I00139,O01235,P0060,5,59805,40
I00140,O04751,P0091,1,91800,26
I00141,O03461,P0387,5,43766,3
I00142,O03307,P0437,3,90014,34
I00143,O00003,P0436,3,24189,6
I00144,O04588,P0014,1,27961,7
I00145,O02434,P0041,-4,7549,11
I00146,O04791,P0419,3,18618,5
I00147,O04688,P0246,4,11090,23
I00148,O00386,P0383,1,86172,24
I00149,O03498,P0157,4,95084,31
I00150,O03280,P0032,4,28608,26
I00151,O03996,P0393,1,68671,39
I00152,O04499,P0385,3,43304,2
I00153,O01327,P0450,1,34806,22
I00154,O02603,P0044,2,14961,15
I00155,O03221,P0205,5,16200,10
I00156,O04292,P0301,4,12536,32
I00157,O01205,P0497,3,1940,26
I00158,O01022,P0109,3,80728,29
I00159,O00414,P0070,4,99352,3
I00160,O01402,P0497,4,30723,0
I00161,O00145,P0464,3,44102,6
I00162,O04618,P0290,5,34457,25
I00163,O01638,P0125,5,45486,40
I00164,O03794,P0278,5,4131,8
I00165,O00957,P0122,2,23091,34
I00166,O00927,P0148,5,41754,31
I00167,O02070,P0142,2,71063,23
I00168,O04785,P0323,5,93846,17
I00169,O02867,P0082,3,77704,13
I00170,O00799,P0338,1,59767,10
I00171,O02375,P0224,1,27200,9
I00172,O04257,P0091,3,4044,19
I00173,O00711,P0394,1,89723,25
I00174,O04895,P0281,4,30576,8
I00175,O02359,P0292,1,49439,39
I00176,O03958,P0500,1,91977,12
I00177,O02074,P0472,5,37327,11
I00178,O03589,P0425,2,66078,8
I00179,O03067,P0314,3,15143,39
I00180,O02305,P0228,1,61392,20
I00181,O02020,P0407,1,65656,16
I00182,O00443,P0158,5,5605,21
I00183,O02778,P0347,5,88095,2
I00184,O00199,P0216,4,25252,36
I00185,O02985,P0435,1,51713,35
I00186,O00914,P0041,5,59122,21
I00187,O03867,P0222,3,1351,20
I00188,O00340,P0425,3,95008,11
I00189,O04155,P0366,5,3365,32
I00190,O04404,P0076,5,61847,0
I00191,O03819,P0462,5,63173,1
I00192,O04690,P0185,5,67993,5
I00193,O01469,P0378,5,62084,25
I00194,O02637,P0478,1,27515,37
I00195,O00116,P0053,4,14636,21
I00196,O04814,P0098,1,91590,38
I00197,O00290,P0315,4,22637,28
I00198,O01936,P0233,1,75380,40
I00199,O02530,P0029,5,11208,37
I00200,O01628,P0055,4,82256,4
I00201,O01987,P0482,3,76440,23
I00202,O01995,P0429,3,47852,29
I00203,O00400,P0021,2,9561,27
I00204,O04005,P0088,5,13823,11
I00205,O04662,P0489,3,69517,14
I00206,O03221,P0261,3,51138,14
I00207,O01735,P0310,5,19307,2
I00208,O03054,P0404,3,29682,15
I00209,O00846,P0272,1,35715,34
I00210,O03541,P0199,2,43153,29
I00211,O00081,P0492,5,83159,25
I00212,O00796,P0129,3,11467,29
I00213,O02359,P0448,4,6489,3
I00214,O01672,P0196,2,3475,32
I00215,O02224,P0376,4,9001,35
I00216,O00669,P0005,5,17524,0
I00217,O01793,P0290,4,38524,17
I00218,O02168,P0161,4,77359,12
I00219,O00831,P0143,2,82246,19
I00220,O03052,P0079,2,63938,4
I00221,O04773,P0473,4,79618,37
I00222,O04498,P0294,5,73008,11
I00223,O03474,P0174,5,58376,16
I00224,O03677,P0138,3,842,10
I00225,O04614,P0418,3,15658,18
I00226,O00038,P0399,3,48196,36
I00227,O02214,P0243,1,32864,0
I00228,O04599,P0470,4,77969,22
I00229,O01368,P0137,-4,35838,28
I00230,O03178,P0218,1,45505,31
I00231,O00749,P0045,3,24601,27
I00232,O00338,P0035,3,41519,39
I00233,O03582,P0351,2,57039,16
I00234,O01030,P0180,5,8295,12
I00235,O03122,P0334,1,38289,33
I00236,O00587,P0382,1,64759,20
I00237,O03937,P0486,5,54430,12
I00238,O03084,P0438,2,10270,14
I00239,O04015,P0201,4,32217,35
I00240,O04606,P0337,2,12582,15
I00241,O04047,P0235,3,507,40
I00242,O01950,P0358,4,11626,14
I00243,O00338,P0250,3,65092,23
I00244,O01125,P0410,2,49783,34
I00245,O01937,P0239,2,27385,32
I00246,O02308,P0278,4,79366,2
I00247,O04917,P0322,3,82206,32
I00248,O03572,P0477,1,2093,35
I00249,O04627,P0165,4,22859,4
I00250,O02936,P0135,4,34981,33
I00251,O00759,P0012,3,4551,30
I00252,O04939,P0085,1,74484,22
I00253,O02993,P0071,3,2323,6
I00254,O00311,P0255,5,21416,14
I00255,O04721,P0377,1,39362,0
I00256,O04785,P0126,5,23818,40
I00257,O04437,P0391,1,72090,34
I00258,O00131,P0403,4,89412,22
I00259,O00204,P0210,2,34664,1
I00260,O00823,P0062,2,36256,30
I00261,O02820,P0142,1,71915,21
I00262,O03110,P0499,1,80065,40
I00263,O01676,P0174,5,21333,37
I00264,O02525,P0341,2,39867,18
I00265,O01128,P0171,5,20779,22
I00266,O00585,P0239,1,86707,28
I00267,O01933,P0450,3,8772,1
I00268,O03866,P0211,1,576,36
I00269,O04349,P0199,2,72852,38
I00270,O04925,P0499,1,67951,23
I00271,O02281,P0150,4,13581,40
I00272,O00846,P0120,1,32079,38
I00273,O00909,P0481,3,36404,1
I00274,O00032,P0133,4,12341,17
I00275,O03195,P0121,3,76174,40
I00276,O02556,P0258,4,50931,4
I00277,O02437,P0119,5,848,20
I00278,O00962,P0176,3,46990,31
I00279,O02975,P0324,4,66365,29
I00280,O02358,P0320,5,1914,2
I00281,O04675,P0378,2,63711,28
I00282,O02603,P0397,4,48140,23
I00283,O01855,P0278,1,51003,0
I00284,O04494,P0484,2,66943,13
I00285,O04514,P0451,4,25971,20
I00286,O01314,P0427,2,80973,11
I00287,O02946,P0358,4,60065,32
I00288,O01559,P0440,5,76489,9
I00289,O02897,P0337,4,18728,31
I00290,O04228,P0357,3,52169,10
I00291,O01742,P0241,2,60330,20
I00292,O00749,P0236,3,6532,18
I00293,O00516,P0292,2,31982,0
I00294,O04962,P0262,3,70627,14
I00295,O00663,P0262,2,54355,8
I00296,O03798,P0465,3,42606,39
I00297,O00029,P0436,4,40060,9
I00298,O04704,P0336,5,6206,38
I00299,O00543,P0214,4,95954,30
I00300,O04819,P0132,5,38170,26
I00301,O04851,P0002,5,85326,5
I00302,O04243,P0337,3,17051,36
I00303,O02274,P0482,4,55522,13
I00304,O00222,P0191,2,31905,34
I00305,O03759,P0089,4,54637,19
I00306,O02735,P0281,3,2168,30
I00307,O01316,P0006,3,97733,34
I00308,O02184,P0051,3,76048,9
I00309,O03143,P0266,5,6668,33
I00310,O02571,P0137,1,84489,16
I00311,O03749,P0152,2,78577,0
I00312,O04345,P0463,5,32355,3
I00313,O03026,P0384,5,6153,40
I00314,O01317,P0366,4,55318,30
I00315,O03766,P0409,1,70032,10
I00316,O03892,P0216,1,43846,6
I00317,O04996,P0006,5,756,35
I00318,O02348,P0320,5,25954,7
I00319,O03230,P0290,4,63915,19
I00320,O03018,P0470,2,96222,24
I00321,O00291,P0488,3,63754,5
I00322,O02744,P0322,1,49631,32
I00323,O03359,P0497,5,18544,32
I00324,O00624,P0129,2,6214,22
I00325,O00451,P0234,2,80092,27
I00326,O03022,P0401,4,89077,18
I00327,O03848,P0391,1,91236,29
I00328,O03089,P0166,5,62456,19
I00329,O04237,P0397,3,80768,29
I00330,O01187,P0063,2,75848,24
I00331,O03032,P0268,1,15857,28
I00332,O03631,P0180,4,56900,18
I00333,O02877,P0134,5,51156,37
I00334,O04277,P0300,3,12574,2
I00335,O04070,P0286,3,69756,27
I00336,O01662,P0203,1,35222,30
I00337,O01673,P0472,2,63016,35
I00338,O04518,P0077,5,40433,13
I00339,O04501,P0360,2,44032,39
I00340,O00448,P0436,3,11052,14
I00341,O02858,P0368,2,75318,33
I00342,O03206,P0164,2,96569,29
I00343,O03123,P0086,3,71047,23
I00344,O04144,P0022,1,8706,14
I00345,O02100,P0138,2,50368,1
I00346,O02083,P0271,2,34667,28
I00347,O02707,P0397,2,39947,38
I00348,O04664,P0353,5,85416,7
I00349,O00849,P0197,2,74931,6
I00350,O01453,P0303,3,90982,9
I00351,O00151,P0191,2,81195,1
I00352,O00927,P0246,5,22902,19
I00353,O00447,P0009,1,39770,4
I00354,O01669,P0203,1,30307,1
I00355,O04050,P0331,1,46795,24
I00356,O00206,P0135,2,64866,39
I00357,O04862,P0057,4,19880,14
I00358,O02334,P0289,3,8795,10
I00359,O00220,P0061,-1,32636,27
I00360,O00147,P0106,5,40278,5
I00361,O02523,P0040,2,92764,25
I00362,O02507,P0439,4,5087,37
I00363,O01957,P0350,2,85913,24
I00364,O02214,P0217,4,61905,28
I00365,O02052,P0342,3,97215,35
I00366,O02996,P0424,5,48066,37
I00367,O02279,P0103,5,27419,24
I00368,O03597,P0480,4,81079,9
I00369,O03180,P0196,4,17563,39
I00370,O04124,P0387,1,67409,15
I00371,O04874,P0307,4,67761,25
I00372,O03629,P0387,5,94256,1
I00373,O01876,P0396,1,17388,28
I00374,O03555,P0197,3,64761,21
I00375,O04931,P0454,3,58049,2
I00376,O02715,P0196,2,38280,39
I00377,O02075,P0475,3,28729,30
I00378,O03892,P0287,5,78412,16
I00379,O03664,P0084,5,61944,22
I00380,O00985,P0180,3,85506,21
I00381,O00274,P0136,1,81582,12
I00382,O02130,P0417,2,67305,8
I00383,O02581,P0020,3,87241,40
I00384,O01237,P0049,3,38447,12
I00385,O00869,P0069,2,89325,10
I00386,O04538,P0280,4,17438,37
I00387,O04030,P0026,3,15034,16
I00388,O03130,P0478,2,90039,34
I00389,O01108,P0371,2,79662,9
I00390,O04981,P0084,5,20286,35
I00391,O04795,P0092,5,27602,11
I00392,O01808,P0254,5,82512,13
I00393,O03746,P0266,4,78864,11
I00394,O02189,P0027,3,20522,2
I00395,O04731,P0303,5,41542,16
I00396,O01836,P0033,4,79662,20
I00397,O03786,P0275,5,93727,14
I00398,O02804,P0149,2,90800,30
I00399,O01211,P0232,1,16803,37
I00400,O00933,P0360,4,85919,30
I00401,O03259,P0029,2,25049,31
I00402,O02276,P0182,1,97014,0
I00403,O02030,P0341,5,84384,37
I00404,O01158,P0335,5,64267,11
I00405,O02717,P0293,2,6174,34
I00406,O03164,P0329,4,75949,31
I00407,O04243,P0337,1,70601,3
I00408,O04790,P0119,-2,95685,17
I00409,O03406,P0012,2,82779,8
I00410,O01808,P0362,5,91925,22
I00411,O03781,P0124,3,60307,32
I00412,O00172,P0413,5,48394,34
I00413,O03526,P0419,1,75509,14
I00414,O01484,P0343,5,65072,19
I00415,O04299,P0237,2,20501,18
I00416,O03894,P0459,1,96510,36
I00417,O00405,P0373,1,62203,7
I00418,O01665,P0283,3,69084,32
I00419,O01366,P0441,2,63450,5
I00420,O00570,P0448,2,97182,10
I00421,O00389,P0058,2,39371,32
I00422,O00952,P0361,3,28918,28
I00423,O03194,P0362,3,85925,38
I00424,O03838,P0498,2,99946,37
I00425,O04823,P0136,2,48170,35
I00426,O01647,P0445,-5,58315,24
I00427,O02536,P0137,5,57682,33
I00428,O03389,P0102,2,89349,12
I00429,O00941,P0239,1,56586,10
I00430,O04206,P0483,1,76694,19
I00431,O02493,P0152,4,2157,5
I00432,O04616,P0273,2,26078,32
I00433,O02958,P0175,1,66496,15
I00434,O02421,P0260,2,56623,31
I00435,O00277,P0410,4,76928,21
I00436,O03204,P0270,1,26096,15
I00437,O03452,P0399,5,30681,20
I00438,O01908,P0129,2,92619,17
I00439,O00843,P0491,4,89086,40
I00440,O02138,P0042,2,7949,30
I00441,O01205,P0315,2,28699,4
I00442,O03211,P0381,2,51447,1
I00443,O01332,P0178,4,57489,22
I00444,O03286,P0186,5,5047,15
I00445,O00583,P0178,4,73175,27
I00446,O00388,P0028,1,7880,33
I00447,O00670,P0159,4,23138,19
I00448,O02701,P0380,1,94218,1
I00449,O04074,P0327,3,87014,28
I00450,O03720,P0124,2,20392,18
I00451,O04566,P0158,2,85622,8
I00452,O03869,P0229,4,49953,15
I00453,O00097,P0419,4,48036,29
I00454,O00139,P0319,4,66471,40
I00455,O00092,P0432,4,67806,15
I00456,O00450,P0085,4,28472,1
I00457,O02664,P0470,3,3310,28
I00458,O01897,P0365,1,25725,31
I00459,O01830,P0304,-1,64922,29
I00460,O00694,P0378,3,83578,18
I00461,O01383,P0328,1,1292,6
I00462,O00836,P0177,3,37225,25
I00463,O01023,P0365,3,7970,21
I00464,O01895,P0077,4,44886,4
I00465,O01648,P0347,1,95968,40
I00466,O01959,P0331,2,4384,13
I00467,O02483,P0251,5,31259,14
I00468,O01493,P0301,4,76910,30
I00469,O01551,P0068,4,59335,22
I00470,O02614,P0221,3,1203,6
I00471,O04900,P0428,1,6764,0
I00472,O00914,P0323,5,9381,25
I00473,O02891,P0025,5,63081,27
I00474,O01377,P0387,1,9856,17
I00475,O04829,P0242,3,89915,39
I00476,O04967,P0042,5,13311,2
I00477,O00944,P0226,1,11874,8
I00478,O03105,P0459,-5,58602,26
I00479,O01180,P0040,4,79724,15
I00480,O04812,P0183,1,26153,5
I00481,O00373,P0119,2,55048,33
I00482,O01385,P0338,4,33150,23
I00483,O03771,P0238,3,84886,0
I00484,O00214,P0166,2,8707,37
I00485,O00320,P0297,-1,66152,15
I00486,O03292,P0172,2,36423,7
I00487,O04297,P0257,3,81535,37
I00488,O00986,P0067,3,27405,18
I00489,O01537,P0013,2,28058,26
I00490,O00028,P0061,3,47895,32
I00491,O02185,P0056,3,69259,4
I00492,O03153,P0146,4,39245,2
I00493,O02590,P0481,1,82807,34
I00494,O01962,P0363,4,30012,21
I00495,O02291,P0234,4,53353,33
I00496,O01792,P0277,4,76572,10
I00497,O02340,P0170,2,67513,9
I00498,O00548,P0001,5,26177,12
I00499,O00634,P0145,2,14245,12
I00500,O03999,P0370,3,71720,9
I00501,O00699,P0466,3,35338,0
I00502,O01557,P0334,3,23475,1
I00503,O03700,P0356,1,26412,27
I00504,O03061,P0036,5,18040,11
I00505,O01381,P0387,1,31396,7
I00506,O02461,P0192,4,551,8
I00507,O04876,P0256,3,94148,39
I00508,O03990,P0022,1,51917,19
I00509,O03251,P0320,5,36104,2
I00510,O04346,P0179,4,17328,26
I00511,O04493,P0141,4,14159,8
I00512,O01430,P0240,3,57086,12
I00513,O00676,P0395,4,17031,20
I00514,O01425,P0282,1,96219,9
I00515,O00394,P0051,2,14858,22
I00516,O03029,P0326,1,30981,31
I00517,O02221,P0422,1,96537,22
I00518,O03641,P0426,4,99936,5
I00519,O00337,P0066,5,83973,31
I00520,O01639,P0319,2,62038,40
I00521,O01402,P0032,5,33704,17
I00522,O02020,P0291,4,4358,10
I00523,O04851,P0383,2,66176,12
I00524,O03887,P0101,5,7799,6
I00525,O02987,P0124,4,36879,1
I00526,O04168,P0150,5,28546,1
I00527,O04961,P0500,1,1562,28
I00528,O02147,P0357,1,40034,1
I00529,O04844,P0391,4,46937,7
I00530,O01188,P0166,1,85861,22
I00531,O03168,P0005,4,28469,40
I00532,O00269,P0337,4,83259,21
I00533,O02689,P0272,5,15713,15
I00534,O04239,P0180,3,27189,30
I00535,O00381,P0345,4,83223,37
I00536,O03046,P0393,4,55997,33
I00537,O00390,P0088,1,79883,3
I00538,O03538,P0275,1,50099,27
I00539,O00198,P0205,4,59234,33
I00540,O00145,P0061,1,61909,0
I00541,O04375,P0443,5,35163,23
I00542,O04436,P0148,-4,45917,10
I00543,O03685,P0129,4,39002,28
I00544,O02392,P0422,2,15554,20
I00545,O02041,P0340,5,8351,18
I00546,O01240,P0368,5,38971,33
I00547,O03200,P0383,5,17231,21
I00548,O00297,P0139,3,8971,6
I00549,O02742,P0253,1,24594,9
I00550,O01943,P0375,1,74889,40
I00551,O04696,P0259,2,56800,18
I00552,O04828,P0260,1,8789,26
I00553,O00149,P0090,2,81032,39
I00554,O04016,P0470,2,82022,6
I00555,O03705,P0442,2,82897,10
I00556,O02216,P0051,5,28417,26
I00557,O04062,P0184,4,90264,26
I00558,O00340,P0116,5,64999,12
I00559,O03156,P0169,1,22820,36
I00560,O02690,P0058,5,42881,15
I00561,O04655,P0160,2,15522,33
I00562,O01376,P0294,-5,83123,37
I00563,O03149,P0289,5,33646,28
I00564,O03949,P0285,-3,83548,24
I00565,O04627,P0294,3,8771,12
I00566,O04281,P0286,4,38636,21
I00567,O04115,P0110,1,36789,33
I00568,O03613,P0124,2,14506,37
I00569,O02091,P0204,4,67593,38
I00570,O02827,P0289,2,74122,18
I00571,O02813,P0275,5,13592,8
I00572,O00626,P0326,5,98370,3
I00573,O02391,P0412,1,64934,12
I00574,O00004,P0169,4,48157,25
I00575,O04648,P0139,5,13841,5
I00576,O02980,P0296,1,12354,13
I00577,O00754,P0498,4,5212,35
I00578,O01334,P0089,2,62591,26
I00579,O01116,P0380,2,46318,6
I00580,O02912,P0102,3,71634,7
I00581,O00071,P0005,4,29164,11
I00582,O03725,P0227,-2,39898,17
I00583,O02158,P0240,5,86862,32
I00584,O03791,P0002,2,56230,37
I00585,O01394,P0051,5,44051,20
I00586,O02152,P0484,1,28689,37
I00587,O03006,P0072,3,3579,3
I00588,O02692,P0400,1,56720,22
I00589,O03935,P0392,3,21759,24
I00590,O01091,P0044,2,8251,4
I00591,O01590,P0236,1,60609,27
I00592,O03324,P0123,5,17889,12
I00593,O04357,P0358,4,43892,21
I00594,O03859,P0322,2,28650,9
I00595,O02684,P0109,2,4172,6
I00596,O01334,P0282,2,95470,7
I00597,O03154,P0195,2,87224,20
I00598,O00704,P0348,1,94813,24
I00599,O01677,P0451,2,24972,7
I00600,O01117,P0236,1,39802,0
I00601,O00963,P0075,4,72587,19
I00602,O03484,P0336,1,61685,30
I00603,O03571,P0352,4,47153,40
I00604,O04190,P0427,1,51653,37
I00605,O04105,P0382,5,84337,6
I00606,O04897,P0027,3,29022,0
I00607,O01713,P0475,3,74203,2
I00608,O03035,P0046,3,82276,40
I00609,O02578,P0449,2,67718,12
I00610,O00305,P0117,1,73473,4
I00611,O01337,P0436,5,93275,16
I00612,O04377,P0316,2,10845,2
I00613,O04676,P0196,1,46100,38
I00614,O03626,P0266,5,47299,21
I00615,O03170,P0117,2,85751,25
I00616,O01165,P0365,1,67008,32
I00617,O03724,P0037,1,20801,12
I00618,O04329,P0198,3,69319,38
I00619,O00478,P0266,5,68854,8
I00620,O00530,P0429,-2,76583,37
I00621,O00044,P0278,3,88030,18
I00622,O01695,P0162,4,30833,27
I00623,O01138,P0167,-1,93513,9
I00624,O03464,P0198,2,27774,37
I00625,O04268,P0043,2,69033,39
I00626,O03706,P0463,2,43802,7
I00627,O04120,P0485,1,90820,20
I00628,O02528,P0137,-1,19236,24
I00629,O01655,P0269,3,7506,15
I00630,O02901,P0500,2,16540,24
I00631,O03073,P0394,3,13324,33
I00632,O02964,P0227,3,57587,27
I00633,O00134,P0142,1,18837,9
I00634,O02590,P0274,4,82504,29
I00635,O04834,P0402,2,70079,9
I00636,O02782,P0002,4,13057,31
I00637,O03381,P0241,1,31951,8
I00638,O04699,P0115,5,94422,23
I00639,O02799,P0440,5,12124,36
I00640,O04628,P0148,1,76858,4
I00641,O03450,P0098,-1,88523,13
I00642,O01661,P0059,2,14340,18
I00643,O03449,P0409,3,12812,21
I00644,O00924,P0151,2,1742,25
I00645,O00703,P0143,5,63627,33
I00646,O01052,P0363,3,80366,9
I00647,O01650,P0187,2,7542,4
I00648,O03360,P0141,4,99361,11
I00649,O00056,P0463,5,66362,2
I00650,O01177,P0295,2,87289,18
I00651,O02617,P0309,4,49864,19
I00652,O00262,P0220,4,77353,4
I00653,O02046,P0168,2,85914,26
I00654,O02114,P0437,4,4406,31
I00655,O04634,P0378,1,96731,4
I00656,O01227,P0091,1,28277,22
I00657,O00686,P0312,4,23997,8
I00658,O01154,P0202,1,83234,16
I00659,O02360,P0272,4,46960,39
I00660,O03851,P0360,4,78156,6
I00661,O01458,P0267,1,74752,1
I00662,O01957,P0316,3,28975,36
I00663,O01514,P0336,2,38878,39
I00664,O02723,P0139,4,20856,24
I00665,O03143,P0146,2,34529,5
I00666,O02699,P0243,1,44422,19
I00667,O01951,P0179,1,18051,18
I00668,O04231,P0265,5,28899,21
I00669,O01466,P0068,3,70845,24
I00670,O03247,P0208,2,25505,12
I00671,O02191,P0149,3,35198,29
I00672,O02850,P0043,5,79647,21
I00673,O02468,P0414,5,37242,37
I00674,O03697,P0282,5,67734,29
I00675,O02669,P0165,5,47279,24
I00676,O00107,P0407,5,47745,35
I00677,O00464,P0393,-2,87917,30
I00678,O04745,P0038,1,83221,34
I00679,O03947,P0152,4,65036,37
I00680,O03808,P0440,1,86096,40
I00681,O01032,P0190,2,86467,33
I00682,O02588,P0312,1,67832,37
I00683,O02641,P0095,1,96093,29
I00684,O00278,P0367,2,17345,8
I00685,O03494,P0210,5,59788,13
I00686,O00272,P0145,3,21986,12
I00687,O03438,P0322,3,66716,9
I00688,O04023,P0132,3,92184,30
I00689,O04009,P0229,3,65287,34
I00690,O01605,P0459,5,15619,27
I00691,O03438,P0092,1,92952,10
I00692,O04737,P0442,5,56182,36
I00693,O01487,P0394,2,8974,21
I00694,O01609,P0339,2,51813,22
I00695,O00833,P0439,4,65102,32
I00696,O01584,P0293,5,12454,14
I00697,O03380,P0338,1,16574,28
I00698,O04210,P0447,3,32009,32
I00699,O02626,P0436,4,61864,11
I00700,O03721,P0347,3,93609,9
I00701,O02461,P0030,-4,38301,0
I00702,O00456,P0076,2,24711,21
I00703,O00374,P0121,1,73095,2
I00704,O01379,P0119,2,56978,35
I00705,O01305,P0371,4,56509,13
I00706,O03164,P0284,1,48839,24
I00707,O02554,P0005,3,91320,26
I00708,O03690,P0464,5,28236,22
I00709,O01435,P0144,5,14074,11
I00710,O02842,P0401,2,36076,18
I00711,O02731,P0461,3,4666,15
I00712,O00222,P0483,3,97824,34
I00713,O02680,P0257,5,51360,34
I00714,O01611,P0270,3,36016,11
I00715,O03335,P0144,5,15799,25
I00716,O01168,P0413,2,91812,1
I00717,O02581,P0170,1,89996,5
I00718,O01487,P0068,4,87455,27
I00719,O01739,P0472,5,81530,22
I00720,O01059,P0027,2,33135,5
I00721,O02578,P0337,2,51233,20
I00722,O01831,P0282,4,27780,35
I00723,O03311,P0229,-5,51413,2
I00724,O02839,P0327,5,91175,2
I00725,O02985,P0171,3,36541,40
I00726,O03197,P0227,2,81422,10
I00727,O00054,P0235,3,71151,31
I00728,O01763,P0477,2,63347,10
I00729,O02623,P0295,3,42549,25
I00730,O01428,P0248,4,51124,33
I00731,O00825,P0413,5,18658,10
I00732,O02936,P0183,5,12422,22
I00733,O03380,P0135,2,29055,34
I00734,O02251,P0213,3,63668,10
I00735,O01620,P0196,1,59024,22
I00736,O01850,P0320,2,48766,32
I00737,O04381,P0011,3,41540,38
I00738,O02612,P0268,1,16562,22
I00739,O02134,P0235,1,69956,21
I00740,O03705,P0490,2,82998,22
I00741,O00561,P0121,3,5326,1
I00742,O02249,P0003,1,24180,40
I00743,O01442,P0116,5,15061,31
I00744,O00415,P0086,5,80015,2
I00745,O01052,P0330,2,30428,2
I00746,O01745,P0477,2,55089,10
I00747,O00134,P0167,4,1241,40
I00748,O03023,P0298,3,14245,37
I00749,O00282,P0146,2,31044,22
I00750,O02593,P0025,-5,77197,37
I00751,O03905,P0031,4,63801,3
I00752,O00873,P0139,3,51188,0
I00753,O02616,P0318,5,66478,32
I00754,O04212,P0177,5,97199,27
I00755,O00981,P0194,5,53694,35
I00756,O02753,P0045,5,47515,22
I00757,O00889,P0260,4,85018,26
I00758,O04275,P0139,4,36561,32
I00759,O02674,P0420,-1,37081,3
I00760,O00577,P0307,5,33183,8
I00761,O03666,P0480,3,15802,35
I00762,O04911,P0401,4,23566,25
I00763,O00514,P0471,3,66261,27
I00764,O01172,P0305,5,41142,2
I00765,O01399,P0076,5,36516,6
I00766,O01130,P0375,2,19131,39
I00767,O00816,P0075,2,5490,18
I00768,O00358,P0184,4,71855,34
I00769,O03407,P0003,3,24333,6
I00770,O01896,P0075,1,17088,12
I00771,O00370,P0391,4,66832,29
I00772,O02114,P0201,5,12279,32
I00773,O02679,P0448,4,10023,15
I00774,O02439,P0059,2,73918,28
I00775,O00860,P0167,1,78357,30
I00776,O04477,P0032,4,4278,40
I00777,O00079,P0163,4,32827,27
I00778,O03314,P0305,4,94944,13
I00779,O01660,P0087,1,43253,40
I00780,O04897,P0469,1,94066,18
I00781,O00747,P0204,-4,53068,38
I00782,O00115,P0136,3,77789,33
I00783,O03955,P0193,1,48432,29
I00784,O02799,P0204,3,92839,38
I00785,O01633,P0326,1,48474,40
I00786,O04135,P0161,3,43738,21
I00787,O00493,P0229,5,71262,3
I00788,O00368,P0251,4,43225,9
I00789,O02773,P0380,1,80165,27
I00790,O02103,P0347,4,19197,39
I00791,O03572,P0224,2,53525,6
I00792,O03876,P0064,5,34241,12
I00793,O01494,P0015,5,77356,18
I00794,O02654,P0377,3,90973,32
I00795,O03107,P0363,3,79242,9
I00796,O00489,P0323,3,82453,21
I00797,O04805,P0196,4,9578,39
I00798,O02690,P0170,2,88978,3
I00799,O02799,P0432,4,13706,21
I00800,O03089,P0321,2,97532,17
I00801,O01510,P0037,1,64860,34
I00802,O03636,P0155,5,35013,40
I00803,O02798,P0253,3,39747,19
I00804,O00083,P0270,3,38108,35
I00805,O03184,P0460,2,99788,35
I00806,O02833,P0393,1,74353,28
I00807,O02487,P0437,4,90068,8
I00808,O04949,P0328,1,7965,23
I00809,O01163,P0148,4,99739,34
I00810,O02428,P0377,2,70909,25
I00811,O04781,P0071,-5,49697,2
I00812,O03129,P0433,2,24729,32
I00813,O04904,P0015,2,20221,13
I00814,O01502,P0400,3,37419,31
I00815,O00619,P0301,3,63325,3
I00816,O01042,P0454,3,31851,31
I00817,O02706,P0119,2,36034,28
I00818,O01786,P0211,5,87627,37
I00819,O00230,P0459,3,60155,18
I00820,O04450,P0250,2,55414,11
I00821,O03777,P0458,2,41692,16
I00822,O00256,P0470,2,31380,24
I00823,O00800,P0399,2,99840,3
I00824,O00333,P0422,3,33057,18
I00825,O00463,P0165,1,83013,29
I00826,O03361,P0317,4,83725,11
I00827,O01128,P0249,2,69500,9
I00828,O00304,P0421,2,7374,33
I00829,O04308,P0454,2,82407,19
I00830,O01769,P0016,4,99851,33
I00831,O04505,P0235,1,98918,11
I00832,O03874,P0017,5,98126,29
I00833,O00850,P0321,3,40320,34
I00834,O01128,P0111,1,31058,16
I00835,O02335,P0331,2,28157,34
I00836,O02484,P0106,5,68789,3
I00837,O04596,P0248,1,77975,6
I00838,O04434,P0003,5,73791,2
I00839,O01784,P0215,5,24523,25
I00840,O00578,P0140,1,29163,14
I00841,O04295,P0171,4,25687,37
I00842,O03378,P0414,4,24660,15
I00843,O00175,P0255,5,37938,3
I00844,O00848,P0440,1,86055,26
I00845,O04417,P0301,1,63365,7
I00846,O03379,P0480,4,70684,7
I00847,O02143,P0059,1,62599,28
I00848,O01584,P0045,3,86164,21
I00849,O04238,P0347,1,92681,15
I00850,O04141,P0205,1,99307,29
I00851,O04691,P0019,4,11502,21
I00852,O00504,P0086,4,73646,29
I00853,O04842,P0055,2,82716,24
I00854,O00424,P0280,2,60283,39
I00855,O04872,P0425,4,39046,16
I00856,O04067,P0142,1,91416,21
I00857,O03013,P0344,3,27441,29
I00858,O02678,P0213,2,75167,31
I00859,O03967,P0004,-5,13358,26
I00860,O00461,P0168,2,53732,27
I00861,O04383,P0079,3,24696,37
I00862,O03718,P0274,2,78652,19
I00863,O01762,P0041,2,89741,27
I00864,O03291,P0470,5,59231,3
I00865,O02903,P0409,4,70078,30
I00866,O03256,P0312,4,72878,27
I00867,O01031,P0104,2,41074,40
I00868,O04120,P0226,5,96882,9
I00869,O02145,P0237,5,99967,14
I00870,O04465,P0420,3,83491,2
I00871,O00168,P0273,4,13220,2
I00872,O02584,P0155,1,34179,9
I00873,O02862,P0331,3,58252,1
I00874,O02462,P0007,-2,96027,30
I00875,O00117,P0275,4,93045,32
I00876,O01767,P0422,1,39306,37
I00877,O04089,P0386,4,61261,3
I00878,O00130,P0064,5,60605,26
I00879,O02789,P0091,4,81068,5
I00880,O01333,P0199,2,56282,20
I00881,O00804,P0151,3,50263,32
I00882,O02704,P0376,3,92036,22
I00883,O00859,P0466,4,34825,17
I00884,O02980,P0184,3,54018,21
I00885,O00718,P0218,4,5597,19
I00886,O04989,P0088,1,38258,26
I00887,O03249,P0336,3,71022,23
I00888,O00590,P0183,1,41002,36
I00889,O02154,P0167,4,12976,5
I00890,O02796,P0403,5,30748,36
I00891,O00543,P0191,2,30255,8
I00892,O04136,P0013,1,98978,15
I00893,O01872,P0103,4,52908,25
I00894,O00682,P0290,3,81782,14
I00895,O04879,P0016,3,4473,25
I00896,O00809,P0263,4,64433,24
I00897,O00077,P0231,3,92591,12
I00898,O02589,P0144,5,7075,34
I00899,O01530,P0014,1,8053,35
I00900,O00751,P0410,4,32744,4
I00901,O04161,P0187,5,43924,22
I00902,O03351,P0107,3,41762,28
I00903,O03981,P0003,1,71163,25
I00904,O01614,P0439,2,16883,39
I00905,O00105,P0275,1,38566,23
I00906,O01684,P0240,1,67340,12
I00907,O00374,P0238,1,52275,35
I00908,O04213,P0482,4,21414,17
I00909,O01152,P0235,4,19533,37
I00910,O02666,P0306,3,27596,29
I00911,O03293,P0461,3,13250,40
I00912,O01843,P0350,1,85684,27
I00913,O01790,P0214,1,44983,36
I00914,O01791,P0429,1,8059,40
I00915,O02204,P0309,1,99488,28
I00916,O00330,P0011,4,16501,19
I00917,O01011,P0284,3,96500,11
I00918,O04132,P0171,3,99984,17
I00919,O01355,P0216,2,6250,9
I00920,O02287,P0042,3,90426,1
I00921,O02572,P0441,3,59706,19
I00922,O04707,P0362,4,54732,31
I00923,O00222,P0229,5,58737,13
I00924,O02603,P0132,2,95297,27
I00925,O03338,P0445,5,74087,13
I00926,O04852,P0344,3,36471,16
I00927,O01507,P0189,4,87488,14
I00928,O01938,P0353,4,24379,6
I00929,O00088,P0157,5,26749,0
I00930,O04700,P0371,4,80946,38
I00931,O01549,P0132,2,38827,0
I00932,O00532,P0170,4,45849,22
I00933,O03465,P0164,5,61828,33
I00934,O02352,P0382,3,68541,27
I00935,O01946,P0103,4,48026,10
I00936,O01197,P0064,2,70992,34
I00937,O04867,P0187,4,750,26
I00938,O01500,P0020,2,3268,8
I00939,O04655,P0001,4,34489,31
I00940,O02752,P0467,3,58220,21
I00941,O02720,P0287,3,59996,18
I00942,O03404,P0044,5,40862,17
I00943,O01021,P0253,3,18077,25
I00944,O00036,P0123,-1,72354,38
I00945,O02316,P0184,4,50219,32
I00946,O02682,P0500,3,74141,3
I00947,O02895,P0013,3,11583,2
I00948,O03356,P0456,2,49230,2
I00949,O03018,P0326,1,85982,12
I00950,O00141,P0104,4,54154,3
I00951,O02697,P0348,4,72842,36
I00952,O01511,P0110,3,2445,29
I00953,O04787,P0398,5,69415,18
I00954,O00851,P0343,1,94690,0
I00955,O00709,P0355,3,7685,7
I00956,O02279,P0158,4,98891,30
I00957,O00772,P0031,5,50553,0
I00958,O01523,P0106,2,76234,34
I00959,O03840,P0362,3,4513,34
I00960,O03147,P0222,1,49026,12
I00961,O04934,P0244,2,13647,15
I00962,O02944,P0248,5,33157,20
I00963,O00771,P0468,3,56657,6
I00964,O03558,P0093,1,21161,11
I00965,O03901,P0026,5,30287,3
I00966,O04781,P0469,1,82830,6
I00967,O01142,P0230,5,57177,19
I00968,O01617,P0188,5,86436,13
I00969,O03547,P0268,5,97052,11
I00970,O02991,P0184,1,91745,10
I00971,O04074,P0413,5,74589,29
I00972,O02534,P0370,1,74540,16
I00973,O04026,P0019,5,55148,34
I00974,O00070,P0038,4,45349,10
I00975,O04960,P0154,1,28420,20
I00976,O01695,P0399,3,93749,3
I00977,O01286,P0313,2,78248,9
I00978,O02892,P0453,4,7572,19
I00979,O03671,P0100,5,25725,37
I00980,O00906,P0493,2,57716,34
I00981,O02949,P0378,2,73872,35
I00982,O01944,P0193,5,51513,24
I00983,O03006,P0236,1,86946,40
I00984,O01037,P0241,1,18771,27
I00985,O00681,P0231,3,67013,35
I00986,O04425,P0308,2,63831,16
I00987,O00388,P0333,2,47217,35
I00988,O01926,P0222,4,37387,35
I00989,O02139,P0458,1,63732,11
I00990,O04783,P0024,1,46781,16
I00991,O02029,P0160,1,15116,10
I00992,O04563,P0500,4,81014,20
I00993,O02290,P0463,2,26171,2
I00994,O00708,P0148,-5,72403,5
I00995,O01031,P0498,1,51305,21
I00996,O01274,P0088,3,43033,30
I00997,O00083,P0049,-5,2469,36
I00998,O01854,P0009,5,87849,17
I00999,O00179,P0385,2,32675,36
I01000,O02459,P0360,1,49064,5
I01001,O03707,P0149,1,7970,22
I01002,O03125,P0156,2,61131,33
I01003,O02345,P0394,4,91502,35
I01004,O03498,P0390,2,70336,6
I01005,O04711,P0120,2,29234,3
I01006,O04462,P0136,4,46828,21
I01007,O02541,P0332,4,52853,8
I01008,O02984,P0358,5,22147,23
I01009,O03834,P0484,2,48764,19
I01010,O01874,P0126,5,92272,13
I01011,O03041,P0455,3,44292,0
I01012,O00062,P0498,2,49054,13
I01013,O02738,P0460,5,66750,26
I01014,O02538,P0281,1,41500,6
I01015,O00354,P0068,-3,12756,15
I01016,O01048,P0474,1,3797,9
I01017,O04389,P0490,3,63510,18
I01018,O00921,P0270,3,67582,9
I01019,O02389,P0449,4,45134,5
I01020,O02072,P0303,3,97275,35
I01021,O03538,P0476,2,1853,27
I01022,O00478,P0356,5,24679,38
I01023,O01993,P0404,2,66785,2
I01024,O03895,P0049,2,52781,38
I01025,O01850,P0226,1,97027,31
I01026,O01834,P0384,4,62511,3
I01027,O01296,P0314,1,87265,24
I01028,O00303,P0462,5,26999,23
I01029,O01866,P0416,5,9355,29
I01030,O00741,P0115,4,50315,14
I01031,O02120,P0061,3,60830,9
I01032,O00051,P0348,1,15435,8
I01033,O03247,P0164,4,83181,29
I01034,O04360,P0487,1,64856,16
I01035,O01684,P0338,4,1635,0
I01036,O00789,P0154,5,56026,27
I01037,O02007,P0177,2,80097,33
I01038,O04479,P0444,1,56986,27
I01039,O00607,P0306,3,79462,11
I01040,O02690,P0320,2,36685,24
I01041,O02501,P0186,3,4658,34
I01042,O00636,P0416,4,28539,34
I01043,O03454,P0339,1,81449,33
I01044,O00388,P0138,2,71462,34
I01045,O03163,P0410,2,25091,19
I01046,O04545,P0167,4,16476,7
I01047,O04808,P0268,2,16361,26
I01048,O00219,P0212,4,40264,28
I01049,O03137,P0197,2,47327,19
I01050,O03675,P0408,3,85691,21
I01051,O00981,P0094,3,52554,39
I01052,O01551,P0304,3,91023,28
I01053,O04650,P0365,3,77594,20
I01054,O01518,P0395,5,47314,28
I01055,O04690,P0084,3,1337,16
I01056,O02785,P0298,2,14622,29
I01057,O04291,P0387,1,83192,25
I01058,O04348,P0018,-1,82460,16
I01059,O00322,P0332,5,60975,40
I01060,O03629,P0318,4,16561,18
I01061,O00885,P0027,5,59941,11
I01062,O01310,P0070,2,22876,5
I01063,O03458,P0148,4,98209,18
I01064,O03961,P0076,1,73706,15
I01065,O03210,P0436,3,39435,26
I01066,O04395,P0327,3,80895,15
I01067,O02069,P0180,3,41698,38
I01068,O04760,P0046,3,14099,6
I01069,O02290,P0493,4,86233,0
I01070,O01939,P0290,3,32443,21
I01071,O00688,P0400,1,30138,22
I01072,O01088,P0370,4,85117,17
I01073,O00941,P0259,3,71713,7
I01074,O03377,P0180,3,52110,10
I01075,O01138,P0114,2,56056,26
I01076,O01615,P0234,2,52459,39
I01077,O03973,P0279,1,96216,19
I01078,O03781,P0418,2,98308,10
I01079,O00353,P0137,4,73603,11
I01080,O01461,P0426,2,69704,3
I01081,O03322,P0107,1,11597,4
I01082,O00956,P0365,5,81092,36
I01083,O00351,P0425,2,79560,27
I01084,O03386,P0269,5,98108,39
I01085,O00300,P0500,1,24142,36
I01086,O00862,P0364,4,63052,30
I01087,O04800,P0188,5,54882,6
I01088,O01709,P0098,-2,19305,5
I01089,O01587,P0265,2,43789,9
I01090,O03952,P0415,1,38101,4
I01091,O00380,P0376,2,29550,38
I01092,O00222,P0425,1,79121,16
I01093,O02991,P0256,2,38347,33
I01094,O04351,P0453,3,45714,38
I01095,O03984,P0328,1,3290,19
I01096,O01151,P0241,2,14540,38
I01097,O03438,P0186,2,32002,21
I01098,O02699,P0147,5,89540,38
I01099,O00436,P0009,1,73356,15
I01100,O03994,P0131,4,26039,5
I01101,O00722,P0465,1,52972,5
I01102,O00350,P0295,2,929,26
I01103,O00470,P0410,3,90834,37
I01104,O04620,P0436,2,64303,38
I01105,O04245,P0002,1,97168,32
I01106,O00305,P0487,5,50562,12
I01107,O03921,P0025,3,15090,37
I01108,O01188,P0305,1,53196,22
I01109,O02291,P0467,5,16800,5
I01110,O03622,P0423,3,18335,7
I01111,O01121,P0064,1,19563,33
I01112,O00956,P0230,1,28304,34
I01113,O01737,P0123,2,91223,9
I01114,O01084,P0313,-4,60405,21
I01115,O02181,P0160,1,45029,12
I01116,O04039,P0497,2,57867,18
I01117,O00312,P0173,1,13298,7
I01118,O01729,P0262,5,66397,35
I01119,O03084,P0372,1,95664,1
I01120,O04032,P0265,2,8327,23
I01121,O01078,P0246,5,60459,10
I01122,O01445,P0130,4,94568,2
I01123,O04635,P0297,2,88018,18
I01124,O01716,P0448,1,5364,13
I01125,O03164,P0165,1,74946,39
I01126,O02417,P0250,5,48517,2
I01127,O02780,P0401,2,12829,14
I01128,O04247,P0399,1,9532,37
I01129,O03083,P0372,1,71562,14
I01130,O03718,P0316,5,79026,39
I01131,O01312,P0027,5,63147,22
I01132,O02801,P0004,5,80505,16
I01133,O03234,P0188,4,54920,11
I01134,O01498,P0039,1,77526,33
I01135,O00901,P0014,1,59514,31
I01136,O02963,P0200,2,73309,3
I01137,O01202,P0202,2,40164,26
I01138,O01864,P0337,4,66603,33
I01139,O02443,P0422,2,94652,6
I01140,O00228,P0500,5,39439,4
I01141,O04084,P0006,4,96036,14
I01142,O03971,P0241,1,61044,14
I01143,O00845,P0382,4,34840,31
I01144,O04231,P0319,5,21766,22
I01145,O01252,P0256,2,2852,8
I01146,O01372,P0367,3,58781,16
I01147,O00462,P0247,2,96816,8
I01148,O03461,P0413,2,32259,36
I01149,O00365,P0242,3,58951,11
I01150,O00121,P0449,1,65099,26
I01151,O01741,P0066,2,91121,6
I01152,O04565,P0061,1,16226,24
I01153,O01756,P0058,3,54538,0
I01154,O02348,P0023,1,74684,35
I01155,O01866,P0060,5,18476,12
I01156,O04413,P0113,2,15231,25
I01157,O00583,P0197,1,8496,26
I01158,O04655,P0100,5,90715,31
I01159,O00427,P0081,4,88929,19
I01160,O02924,P0259,2,23867,16
I01161,O00129,P0062,3,61387,2
I01162,O04858,P0401,5,84556,36
I01163,O00847,P0496,4,4510,35
I01164,O01137,P0264,3,67111,15
I01165,O03090,P0446,5,95665,17
I01166,O01299,P0365,3,99588,34
I01167,O03792,P0270,5,5572,36
I01168,O03215,P0444,4,19770,2
I01169,O01575,P0400,4,10396,7
I01170,O04487,P0372,1,2429,37
I01171,O03189,P0054,5,64825,27
I01172,O00306,P0476,1,91907,24
I01173,O00657,P0082,4,7475,13
I01174,O01325,P0238,2,59858,19
I01175,O02104,P0240,4,98889,27
I01176,O04631,P0218,5,45067,10
I01177,O03606,P0448,5,97523,24
I01178,O01079,P0391,2,2101,33
I01179,O04493,P0356,2,69572,16
I01180,O00397,P0292,2,75336,29
I01181,O02047,P0144,4,43152,25
I01182,O00610,P0305,4,21191,6
I01183,O00176,P0290,4,9175,17
I01184,O04966,P0382,5,92555,17
I01185,O01200,P0170,2,93584,13
I01186,O03488,P0468,1,64908,9
I01187,O02449,P0079,4,95614,29
I01188,O02077,P0279,5,34523,39
I01189,O03091,P0441,4,81905,13
I01190,O01240,P0400,5,954,22
I01191,O04998,P0066,3,10292,40
I01192,O01906,P0125,5,63032,32
I01193,O03317,P0004,1,81520,16
I01194,O00603,P0378,1,92556,12
I01195,O02415,P0295,5,56118,21
I01196,O02283,P0141,4,86811,28
I01197,O04359,P0077,3,51628,24
I01198,O03012,P0199,4,34156,28
I01199,O02668,P0130,3,8930,30
I01200,O00623,P0084,1,86762,19
I01201,O04094,P0133,2,23484,21
I01202,O00135,P0028,3,2208,30
I01203,O03131,P0218,4,31632,5
I01204,O04857,P0398,2,77589,13
I01205,O00999,P0402,1,57021,33
I01206,O01987,P0143,2,29582,19
I01207,O01270,P0331,1,80223,15
I01208,O03764,P0473,1,40606,13
I01209,O04791,P0188,2,1866,24
I01210,O04275,P0105,2,73469,27
I01211,O03309,P0185,3,64657,30
I01212,O04293,P0144,1,72106,11
I01213,O02919,P0242,3,29576,27
I01214,O02672,P0252,1,44236,5
I01215,O00554,P0154,2,94609,28
I01216,O00328,P0280,2,76375,15
I01217,O04465,P0160,1,97700,30
I01218,O00651,P0447,2,88531,14
I01219,O02637,P0461,5,66802,9
I01220,O03239,P0059,1,4458,15
I01221,O02707,P0269,5,19210,18
I01222,O04293,P0131,5,46327,11
I01223,O02376,P0473,5,69680,13
I01224,O03957,P0338,1,99068,27
I01225,O03854,P0197,1,77829,3
I01226,O00169,P0056,5,45253,31
I01227,O01274,P0398,1,10365,40
I01228,O04454,P0380,1,93440,35
I01229,O01696,P0055,2,26380,11
I01230,O02515,P0276,3,20263,17
I01231,O03182,P0400,2,11644,8
I01232,O00180,P0445,3,78974,16
I01233,O03256,P0407,-1,24126,17
I01234,O00378,P0437,3,5372,9
I01235,O03648,P0308,3,31457,31
I01236,O00525,P0365,2,31069,7
I01237,O03528,P0150,2,55002,35
I01238,O00575,P0109,1,98522,24
I01239,O00566,P0446,2,93985,38
I01240,O03497,P0237,2,39742,18
I01241,O01177,P0057,5,6560,4
I01242,O01618,P0285,4,51536,3
I01243,O00931,P0359,4,86064,21
I01244,O00832,P0254,5,65590,9
I01245,O04916,P0463,3,58619,39
I01246,O01534,P0421,3,22172,4
I01247,O00293,P0326,1,2570,35
I01248,O01701,P0190,4,45477,21
I01249,O03415,P0459,3,1148,23
I01250,O02452,P0187,1,99214,26
I01251,O04472,P0073,-3,25192,17
I01252,O03218,P0018,-3,79385,27
I01253,O01597,P0356,2,43332,13
I01254,O04077,P0326,4,21587,0
I01255,O00860,P0496,1,28247,21
I01256,O01223,P0101,3,64668,6
I01257,O01142,P0382,1,11259,2
I01258,O02290,P0323,5,66038,38
I01259,O02190,P0225,2,10568,32
I01260,O03197,P0265,3,85547,12
I01261,O03870,P0224,5,68990,6
I01262,O04170,P0004,5,82319,30
I01263,O04119,P0095,3,52746,6
I01264,O04441,P0077,5,60993,25
I01265,O01706,P0049,3,91166,40
I01266,O03160,P0291,1,40373,0
I01267,O03789,P0183,4,75432,27
I01268,O04923,P0099,5,99366,29
I01269,O00436,P0178,3,23157,35
I01270,O02935,P0165,1,34038,17
I01271,O01188,P0467,5,98578,21
I01272,O01442,P0288,5,22051,1
I01273,O00673,P0163,5,28577,25
I01274,O01953,P0222,1,56880,1
I01275,O03893,P0148,5,1807,30
I01276,O01487,P0420,3,63520,10
I01277,O02131,P0100,2,87654,3
I01278,O00135,P0160,4,36402,17
I01279,O04007,P0320,4,48740,27
I01280,O00899,P0272,4,61963,39
I01281,O00986,P0391,5,23906,11
I01282,O00829,P0313,2,30832,18
I01283,O03170,P0183,1,48414,18
I01284,O04690,P0236,2,32339,12
I01285,O03032,P0081,3,13459,26
I01286,O01853,P0474,5,56360,1
I01287,O03629,P0423,3,96184,12
I01288,O01088,P0362,3,4716,4
I01289,O02206,P0040,2,91159,2
I01290,O00722,P0428,3,69788,34
I01291,O04909,P0268,5,29336,38
I01292,O02522,P0359,2,79012,10
I01293,O03849,P0060,3,22788,6
I01294,O04653,P0228,2,30817,30
I01295,O03281,P0029,5,72540,25
I01296,O02058,P0344,2,78280,7
I01297,O04606,P0096,4,72475,20
I01298,O00763,P0111,3,2320,1
I01299,O04267,P0116,4,87256,34
I01300,O00025,P0116,3,33788,36
I01301,O00348,P0104,3,13520,13
I01302,O01718,P0058,2,11390,40
I01303,O00768,P0070,5,85688,19
I01304,O02751,P0186,2,39395,8
I01305,O01104,P0356,3,39947,3
I01306,O03908,P0476,4,54045,19
I01307,O04266,P0391,1,63614,7
I01308,O01398,P0319,-1,76279,25
I01309,O00805,P0194,5,97864,38
I01310,O03595,P0057,3,9931,27
I01311,O03025,P0384,4,83284,27
I01312,O02118,P0447,2,22458,40
I01313,O01747,P0393,1,25411,13
I01314,O00643,P0481,3,64442,20
I01315,O04064,P0244,5,12604,3
I01316,O00985,P0071,4,89052,14
I01317,O01767,P0203,1,66744,33
I01318,O03985,P0184,5,73205,2
I01319,O02976,P0381,1,67836,27
I01320,O00239,P0122,2,4026,21
I01321,O00402,P0322,1,69486,26
I01322,O00887,P0418,4,18566,4
I01323,O02605,P0305,2,94053,7
I01324,O04751,P0121,2,70075,23
I01325,O02363,P0075,1,63384,19
I01326,O03103,P0253,4,1926,32
I01327,O01706,P0350,3,97469,28
I01328,O04629,P0492,-2,52866,12
I01329,O02371,P0092,1,35220,33
I01330,O00639,P0039,1,97789,23
I01331,O02426,P0255,1,31960,35
I01332,O03212,P0283,5,62987,11
I01333,O01338,P0212,4,54851,37
I01334,O01237,P0491,3,64859,24
I01335,O03461,P0112,1,36394,21
I01336,O02730,P0356,3,76217,26
I01337,O03271,P0425,2,54819,24
I01338,O01413,P0080,4,49996,6
I01339,O01031,P0081,1,17041,31
I01340,O01593,P0357,2,78346,23
I01341,O01702,P0381,3,12479,20
I01342,O02890,P0464,4,82773,2
I01343,O03586,P0459,2,32769,4
I01344,O00978,P0388,5,13650,3
I01345,O02392,P0145,2,96530,20
I01346,O03561,P0024,-2,64499,26
I01347,O03191,P0060,5,91289,30
I01348,O02856,P0230,2,57781,14
I01349,O01481,P0111,1,77301,29
I01350,O01537,P0011,5,35733,6
I01351,O01604,P0454,2,49457,29
I01352,O03498,P0230,3,19586,27
I01353,O01709,P0096,4,49094,10
I01354,O01420,P0485,3,1375,11
I01355,O03660,P0083,5,91096,8
I01356,O04688,P0243,-4,81130,35
I01357,O04284,P0274,4,65952,27
I01358,O01486,P0395,1,49268,17
I01359,O01460,P0378,2,54929,36
I01360,O01066,P0397,2,66244,38
I01361,O02035,P0464,5,83522,38
I01362,O04774,P0285,2,95280,37
I01363,O04225,P0229,2,61521,25
I01364,O04553,P0364,-3,35769,12
I01365,O01370,P0348,1,3135,35
I01366,O03775,P0263,4,7542,33
I01367,O00139,P0171,-4,69566,29
I01368,O01064,P0049,4,60480,40
I01369,O03867,P0019,5,98446,1
I01370,O04086,P0147,1,63332,13
I01371,O02146,P0221,5,85164,37
I01372,O02445,P0484,2,23170,18
I01373,O04065,P0303,2,11100,10
I01374,O03637,P0229,2,57005,37
I01375,O04040,P0049,4,85510,15
I01376,O03259,P0159,5,61022,38
I01377,O00997,P0108,2,43382,30
I01378,O01363,P0477,3,62753,2
I01379,O00392,P0383,3,10799,3
I01380,O03868,P0070,3,6518,6
I01381,O04293,P0368,4,72270,13
I01382,O01621,P0365,2,7004,10
I01383,O04599,P0068,3,48095,31
I01384,O04421,P0163,3,43636,25
I01385,O04782,P0154,5,37716,1
I01386,O01195,P0054,1,9732,40
I01387,O02975,P0136,2,67690,7
I01388,O04871,P0102,1,80516,23
I01389,O04620,P0121,3,87746,37
I01390,O03361,P0400,3,32351,7
I01391,O01542,P0101,1,17073,12
I01392,O03240,P0342,5,81593,12
I01393,O02095,P0332,3,49346,20
I01394,O04024,P0069,2,57209,6
I01395,O02478,P0118,4,84962,36
I01396,O03698,P0301,4,8199,26
I01397,O00746,P0081,4,75902,7
I01398,O04014,P0390,-1,57787,31
I01399,O02399,P0254,1,83412,25
I01400,O02838,P0143,5,8145,21
I01401,O02224,P0081,3,73589,14
I01402,O03893,P0478,4,34746,31
I01403,O04362,P0284,2,12017,9
I01404,O03752,P0427,1,4706,14
I01405,O02435,P0418,5,67782,25
I01406,O00173,P0399,2,24578,6
I01407,O00028,P0067,5,63584,11
I01408,O01298,P0113,1,18657,12
I01409,O01475,P0415,2,33827,16
I01410,O03225,P0223,5,65175,16
I01411,O03501,P0187,2,40176,27
I01412,O04169,P0391,3,53786,9
I01413,O03033,P0345,2,28802,16
I01414,O01316,P0304,4,89614,34
I01415,O01409,P0431,3,65403,1
I01416,O02674,P0248,5,57090,16
I01417,O01135,P0201,2,29367,20
I01418,O02051,P0175,4,53995,28
I01419,O02709,P0296,2,50701,12
I01420,O00593,P0305,1,8038,20
I01421,O00405,P0455,1,39205,5
I01422,O02653,P0339,3,53659,13
I01423,O01397,P0289,4,8892,3
I01424,O02706,P0202,4,61670,9
I01425,O03136,P0337,5,2196,6
I01426,O02201,P0488,2,83849,4
I01427,O03161,P0416,1,14905,0
I01428,O00652,P0476,2,37832,33
I01429,O02845,P0420,5,57248,5
I01430,O02849,P0213,5,47568,15
I01431,O03278,P0343,3,38209,34
I01432,O04274,P0309,3,93168,8
I01433,O01384,P0431,1,18416,30
I01434,O01544,P0456,3,70426,34
I01435,O02614,P0067,5,60266,9
I01436,O02902,P0320,4,49247,17
I01437,O01883,P0261,3,60630,37
I01438,O02728,P0489,2,6368,29
I01439,O00883,P0301,3,70022,11
I01440,O01975,P0037,2,41302,5
I01441,O01068,P0151,3,65670,14
I01442,O01350,P0465,5,1902,7
I01443,O04829,P0463,2,3717,19
I01444,O02851,P0249,2,23243,3
I01445,O02118,P0262,4,48819,25
I01446,O00874,P0305,3,41563,21
I01447,O04209,P0348,4,59198,38
I01448,O03603,P0134,2,24555,16
I01449,O02279,P0201,5,49768,35
I01450,O00439,P0445,4,65559,37
I01451,O02793,P0155,2,92187,10
I01452,O01002,P0118,4,89702,31
I01453,O04765,P0356,3,7212,26
I01454,O03877,P0053,2,53540,14
I01455,O03367,P0316,4,5115,18
I01456,O01652,P0099,4,26172,37
I01457,O04368,P0381,4,19922,40
I01458,O01260,P0325,4,25318,9
I01459,O01324,P0239,2,92952,28
I01460,O03447,P0067,4,61419,36
I01461,O03856,P0235,1,39633,20
I01462,O04042,P0448,2,20335,37
I01463,O02740,P0361,3,11590,11
I01464,O00701,P0465,3,95480,21
I01465,O00164,P0136,3,56900,4
I01466,O00594,P0207,2,82681,3
I01467,O01240,P0275,1,6277,9
I01468,O04825,P0253,2,24455,11
I01469,O03301,P0188,5,70231,34
I01470,O04443,P0500,3,35254,6
I01471,O03579,P0085,1,82209,4
I01472,O04270,P0247,5,52488,13
I01473,O01742,P0445,2,76377,34
I01474,O03354,P0401,1,11184,40
I01475,O02374,P0374,5,97843,17
I01476,O01643,P0290,3,91259,31
I01477,O04636,P0170,-2,74133,40
I01478,O02263,P0053,3,1498,19
I01479,O00302,P0450,5,57832,19
I01480,O02127,P0266,2,72066,9
I01481,O03485,P0027,1,88395,37
I01482,O02732,P0470,2,62199,40
I01483,O00913,P0208,3,41378,13
I01484,O03252,P0001,2,84899,4
I01485,O01614,P0042,4,34000,36
I01486,O00822,P0139,3,79257,38
I01487,O00056,P0323,4,67324,25
I01488,O04659,P0336,4,74879,15
I01489,O00124,P0414,5,18418,25
I01490,O04576,P0333,4,9477,26
I01491,O03216,P0244,2,93599,31
I01492,O04154,P0345,3,20706,34
I01493,O03987,P0449,3,98675,38
I01494,O04747,P0269,5,86682,29
I01495,O04138,P0104,4,55670,15
I01496,O02956,P0362,3,33346,21
I01497,O04193,P0005,3,89304,11
I01498,O00417,P0348,1,54904,21
I01499,O03787,P0052,3,8351,6
I01500,O00900,P0025,3,22476,24
I01501,O01307,P0351,3,18811,24
I01502,O03207,P0120,3,62725,31
I01503,O00869,P0305,2,23829,27
I01504,O04134,P0460,3,76700,4
I01505,O04083,P0494,3,96576,28
I01506,O00196,P0122,5,51918,7
I01507,O03429,P0263,5,2134,1
I01508,O04988,P0355,4,3414,23
I01509,O00269,P0329,1,82480,21
I01510,O04971,P0190,3,2895,16
I01511,O03136,P0364,3,17811,11
I01512,O02355,P0375,3,94684,29
I01513,O01006,P0472,5,15804,20
I01514,O00866,P0380,1,86371,5
I01515,O03082,P0116,3,62159,29
I01516,O02295,P0201,1,79332,5
I01517,O04511,P0037,1,19177,12
I01518,O02190,P0474,3,35010,6
I01519,O01156,P0371,4,78141,13
I01520,O03211,P0085,5,44168,38
I01521,O02561,P0046,3,63791,11
I01522,O02651,P0331,4,46996,0
I01523,O02489,P0034,2,53677,12
I01524,O00936,P0220,2,28282,21
I01525,O04399,P0116,1,6518,37
I01526,O03853,P0142,5,82342,33
I01527,O00267,P0332,4,20479,0
I01528,O01213,P0224,1,92476,5
I01529,O00539,P0220,3,15768,13
I01530,O02770,P0102,5,56218,1
I01531,O02991,P0324,2,29856,7
I01532,O04297,P0468,5,18703,21
I01533,O01754,P0458,1,46375,25
I01534,O01009,P0294,1,58106,36
I01535,O03988,P0154,5,74482,4
I01536,O04320,P0133,3,76961,38
I01537,O00939,P0053,5,38394,7
I01538,O00970,P0060,1,47297,14
I01539,O03001,P0305,5,44048,22
I01540,O04859,P0165,1,95018,26
I01541,O00127,P0247,4,20429,14
I01542,O00192,P0194,5,96656,34
I01543,O01422,P0223,1,88643,25
I01544,O03019,P0452,4,77886,8
I01545,O00106,P0296,-5,2024,2
I01546,O01015,P0250,2,89224,33
I01547,O00287,P0344,3,82603,37
I01548,O00291,P0458,4,96957,38
I01549,O04426,P0103,2,12190,13
I01550,O02029,P0066,3,79331,40
I01551,O03523,P0173,4,95877,33
I01552,O04282,P0443,-5,50385,21
I01553,O04643,P0274,2,49528,14
I01554,O04971,P0426,1,16293,36
I01555,O01665,P0104,5,13049,16
I01556,O02363,P0227,2,53310,38
I01557,O00516,P0056,3,3423,7
I01558,O01711,P0206,4,20006,34
I01559,O04489,P0336,4,26560,32
I01560,O00757,P0290,5,35659,38
I01561,O03078,P0285,4,14684,9
I01562,O03359,P0438,4,69233,12
I01563,O00524,P0068,4,44757,30
I01564,O03589,P0066,3,5316,30
I01565,O03139,P0212,5,59394,13
I01566,O03924,P0210,4,53314,22
I01567,O01117,P0145,2,65382,19
I01568,O03242,P0142,5,44050,12
I01569,O02934,P0195,5,89827,37
I01570,O03153,P0299,5,2736,18
I01571,O02906,P0500,-3,76891,34
I01572,O00104,P0296,1,70937,26
I01573,O00563,P0078,1,37490,0
I01574,O02546,P0248,1,3143,35
I01575,O02994,P0127,5,13350,14
I01576,O01518,P0096,2,71863,23
I01577,O03459,P0157,3,49095,30
I01578,O03836,P0309,1,27493,29
I01579,O04756,P0233,1,1722,39
I01580,O01352,P0073,2,33837,5
I01581,O02429,P0045,4,16395,10
I01582,O03443,P0255,4,35727,31
I01583,O04266,P0056,4,13328,15
I01584,O02201,P0373,1,93495,2
I01585,O04443,P0360,1,76982,39
I01586,O00673,P0121,1,7599,3
I01587,O04991,P0358,1,80891,31
I01588,O02631,P0228,3,54818,27
I01589,O00825,P0095,5,86035,27
I01590,O03645,P0126,3,71405,32
I01591,O01740,P0007,4,44598,34
I01592,O00216,P0389,4,79887,21
I01593,O03266,P0082,3,62264,37
I01594,O02359,P0187,4,80744,10
I01595,O02669,P0444,4,9091,13
I01596,O00001,P0167,3,67556,11
I01597,O04900,P0030,1,25230,38
I01598,O01517,P0053,5,45794,8
I01599,O01599,P0304,1,49811,26
I01600,O00724,P0130,2,19679,4
I01601,O03360,P0498,4,88643,11
I01602,O03416,P0092,2,97670,5
I01603,O03713,P0255,3,34613,33
I01604,O00677,P0194,3,31162,30
I01605,O01625,P0397,3,46828,29
I01606,O02031,P0056,3,755,25
I01607,O02878,P0347,1,10121,37
I01608,O02196,P0405,3,91405,27
I01609,O04476,P0005,4,3240,18
I01610,O03611,P0162,1,73519,6
I01611,O00559,P0206,2,85526,36
I01612,O01923,P0484,1,58519,18
I01613,O00027,P0280,1,35705,31
I01614,O04568,P0304,5,51818,39
I01615,O04808,P0488,1,89717,14
I01616,O03804,P0409,4,92128,11
I01617,O03136,P0329,3,69587,34
I01618,O00015,P0304,1,20540,13
I01619,O04297,P0069,2,19862,21
I01620,O03675,P0208,4,28957,4
I01621,O03639,P0472,2,54483,7
I01622,O02820,P0316,4,83102,20
I01623,O02444,P0353,1,70432,0
I01624,O04234,P0406,3,49155,35
I01625,O02769,P0350,3,89914,37
I01626,O03871,P0404,4,65349,22
I01627,O04727,P0281,4,826,28
I01628,O04047,P0400,1,31658,6
I01629,O02560,P0437,2,38632,6
I01630,O00047,P0060,1,73290,35
I01631,O03535,P0070,5,74988,12
I01632,O04740,P0372,2,89686,39
I01633,O00158,P0344,5,96850,28
I01634,O02648,P0423,2,81531,6
I01635,O01948,P0122,5,20803,19
I01636,O02639,P0028,2,64752,35
I01637,O00507,P0396,2,69558,24
I01638,O04158,P0278,1,4923,34
I01639,O04755,P0309,3,1536,15
I01640,O00329,P0065,1,82677,10
I01641,O01950,P0459,5,63352,34
I01642,O00658,P0102,3,16751,32
I01643,O01778,P0261,1,88681,24
I01644,O00272,P0100,1,58943,27
I01645,O04229,P0113,5,90726,7
I01646,O02625,P0116,2,97027,0
I01647,O00791,P0447,4,1079,8
I01648,O02581,P0206,1,88952,31
I01649,O04640,P0037,2,38608,31
I01650,O00298,P0078,3,14430,39
I01651,O00432,P0325,1,82003,9
I01652,O04084,P0089,5,89469,1
I01653,O02393,P0326,5,23293,39
I01654,O00884,P0374,2,56895,10
I01655,O04403,P0193,2,76159,21
I01656,O04633,P0253,1,58044,19
I01657,O04866,P0463,5,69324,25
I01658,O03328,P0135,3,60229,6
I01659,O01193,P0194,1,51734,2
I01660,O04202,P0486,-1,59108,24
I01661,O02692,P0113,2,45062,12
I01662,O00486,P0312,3,47781,3
I01663,O03175,P0339,-4,40812,39
I01664,O00648,P0197,1,42485,27
I01665,O04458,P0178,3,9166,37
I01666,O03339,P0232,1,52273,12
I01667,O01142,P0026,1,53781,6
I01668,O04826,P0325,5,79073,8
I01669,O01228,P0011,1,87126,6
I01670,O03395,P0054,1,23829,27
I01671,O00793,P0255,3,25913,38
I01672,O00755,P0215,5,87124,11
I01673,O02411,P0027,1,45878,23
I01674,O01319,P0264,1,7402,25
I01675,O03062,P0337,4,28197,39
I01676,O02525,P0500,4,54887,26
I01677,O01103,P0429,3,15756,32
I01678,O02885,P0148,3,38140,9
I01679,O00520,P0183,-4,56467,4
I01680,O01104,P0126,4,65810,17
I01681,O02283,P0370,1,938,4
I01682,O02008,P0409,3,58270,31
I01683,O00954,P0432,2,40811,5
I01684,O00752,P0398,4,28091,27
I01685,O02589,P0047,4,15009,33
I01686,O01866,P0193,4,29273,16
I01687,O02479,P0414,5,19485,5
I01688,O03780,P0156,5,36131,1
I01689,O01889,P0173,5,50457,32
I01690,O00769,P0261,3,55393,29
I01691,O00840,P0233,1,26364,9
I01692,O00095,P0074,1,1397,26
I01693,O01647,P0055,4,11935,21
I01694,O02671,P0026,4,89059,31
I01695,O03009,P0324,-5,37359,23
I01696,O00477,P0394,-5,53375,3
I01697,O02312,P0310,-2,23754,10
I01698,O03565,P0277,1,91979,39
I01699,O03549,P0054,3,98461,4
I01700,O01492,P0370,4,87058,20
I01701,O00875,P0077,4,36611,21
I01702,O03857,P0232,3,30957,28
I01703,O02779,P0365,4,86185,40
I01704,O00341,P0008,4,48834,35
I01705,O03798,P0218,4,67175,29
I01706,O02394,P0336,4,25174,17
I01707,O00543,P0396,3,22019,18
I01708,O01303,P0252,1,50210,7
I01709,O03286,P0418,2,42870,33
I01710,O04983,P0027,2,44532,2
I01711,O02210,P0022,2,42691,9
I01712,O01887,P0203,1,54364,1
I01713,O04110,P0037,4,9009,22
I01714,O00026,P0107,2,50612,23
I01715,O02893,P0174,3,91299,36
I01716,O00294,P0148,5,20913,18
I01717,O01397,P0363,1,32480,19
I01718,O03986,P0116,4,25916,37
I01719,O03609,P0349,4,26924,9
I01720,O02135,P0322,1,74399,18
I01721,O00782,P0127,3,22311,10
I01722,O02310,P0192,-1,76037,4
I01723,O04073,P0391,4,6571,15
I01724,O04667,P0455,5,53589,25
I01725,O04345,P0318,2,93577,8
I01726,O00325,P0375,4,8211,23
I01727,O00014,P0456,1,3447,38
I01728,O03467,P0146,3,79465,28
I01729,O02312,P0001,1,26831,22
I01730,O02190,P0344,1,43518,15
I01731,O01543,P0226,4,23234,16
I01732,O00078,P0372,2,77265,19
I01733,O01920,P0049,3,25970,36
I01734,O02168,P0289,5,30356,31
I01735,O00196,P0096,1,49661,30
I01736,O01247,P0353,5,96762,3
I01737,O03224,P0415,4,61719,22
I01738,O03841,P0318,4,85101,23
I01739,O04143,P0443,-2,87721,25
I01740,O01482,P0406,1,29046,31
I01741,O00976,P0148,5,31133,32
I01742,O01917,P0377,4,75213,1
I01743,O00551,P0231,3,78930,25
I01744,O04904,P0476,2,45503,39
I01745,O02953,P0319,3,7907,33
I01746,O03379,P0242,3,32458,8
I01747,O04823,P0413,2,61370,8
I01748,O00747,P0221,2,43560,6
I01749,O00959,P0187,2,61259,29
I01750,O02318,P0188,3,20570,18
I01751,O01346,P0210,4,28049,39
I01752,O02015,P0228,5,19922,8
I01753,O04619,P0228,5,54780,7
I01754,O04032,P0350,5,77839,16
I01755,O01261,P0032,2,61853,2
I01756,O04486,P0168,1,82131,27
I01757,O04019,P0061,2,23095,19
I01758,O00621,P0474,4,15318,40
I01759,O01933,P0308,1,52468,19
I01760,O01123,P0215,2,58914,13
I01761,O01374,P0277,4,4190,7
I01762,O03974,P0406,5,86465,5
I01763,O02378,P0196,2,63758,16
I01764,O02572,P0051,4,30150,26
I01765,O02332,P0059,3,6624,31
I01766,O01391,P0184,3,55349,18
I01767,O03993,P0085,5,46689,33
I01768,O01935,P0337,4,94854,23
I01769,O01311,P0013,3,78735,38
I01770,O04540,P0228,4,11930,16
I01771,O04048,P0196,2,71368,28
I01772,O04607,P0354,2,58040,3
I01773,O02244,P0262,5,12046,32
I01774,O01644,P0148,4,14422,16
I01775,O00611,P0364,2,13389,13
I01776,O03074,P0030,4,14441,18
I01777,O00679,P0273,4,22577,23
I01778,O04831,P0481,1,16861,3
I01779,O03463,P0319,4,91149,11
I01780,O03670,P0206,1,33323,11
I01781,O03854,P0045,3,59065,17
I01782,O00036,P0258,5,39357,4
I01783,O04159,P0275,4,81624,30
I01784,O00891,P0043,4,39923,32
I01785,O00792,P0364,4,68155,2
I01786,O01676,P0015,1,48827,22
I01787,O02875,P0422,3,78788,26
I01788,O01915,P0156,3,96366,39
I01789,O04834,P0459,2,38911,34
I01790,O01224,P0118,4,80206,14
I01791,O00758,P0040,2,43805,23
I01792,O00878,P0050,3,17497,9
I01793,O02540,P0486,5,99132,17
I01794,O00471,P0403,4,8930,30
I01795,O02661,P0315,5,43785,22
I01796,O02334,P0208,5,76935,13
I01797,O03032,P0126,2,1034,15
I01798,O04336,P0083,5,94727,34
I01799,O01708,P0250,4,8510,28
I01800,O02622,P0356,4,25209,39
I01801,O04273,P0144,2,18911,27
I01802,O01144,P0216,5,61608,33
I01803,O03489,P0244,5,32982,19
I01804,O00581,P0441,5,92661,18
I01805,O00135,P0401,5,15441,40
I01806,O03275,P0307,4,16237,17
I01807,O00964,P0135,1,68207,7
I01808,O01965,P0078,2,25538,40
I01809,O02339,P0060,1,55078,6
I01810,O04294,P0425,4,84613,23
I01811,O04163,P0089,3,16917,9
I01812,O01938,P0472,1,52347,34
I01813,O02391,P0082,4,8489,21
I01814,O01870,P0240,1,82396,25
I01815,O00105,P0214,3,34897,28
I01816,O01122,P0225,3,27286,14
I01817,O04346,P0006,3,75146,32
I01818,O02961,P0125,3,20870,6
I01819,O01004,P0371,1,56473,7
I01820,O00939,P0032,3,83881,13
I01821,O00007,P0225,2,33434,8
I01822,O01067,P0014,4,48520,22
I01823,O02032,P0088,1,61279,30
I01824,O04936,P0115,2,12445,37
I01825,O02637,P0238,1,94824,1
I01826,O00612,P0335,1,56169,12
I01827,O02616,P0406,2,40108,36
I01828,O02156,P0479,3,23559,13
I01829,O02135,P0202,1,67310,1
I01830,O02140,P0169,2,83478,2
I01831,O02557,P0181,1,66787,16
I01832,O01148,P0431,2,19899,23
I01833,O01080,P0156,1,40879,7
I01834,O00459,P0054,1,92610,0
I01835,O03686,P0383,5,87329,34
I01836,O01060,P0016,3,79567,25
I01837,O03400,P0406,3,45625,39
I01838,O03221,P0461,4,16541,2
I01839,O02087,P0025,3,10705,18
I01840,O02177,P0038,3,15167,36
I01841,O04650,P0362,3,81392,29
I01842,O01471,P0186,-5,27130,9
I01843,O01244,P0112,3,71633,19
I01844,O02633,P0279,4,8332,32
I01845,O01960,P0221,3,24952,29
I01846,O03550,P0033,5,10966,31
I01847,O00168,P0158,2,23445,2
I01848,O04715,P0097,5,10804,32
I01849,O01830,P0236,1,80634,35
I01850,O03184,P0048,4,14705,21
I01851,O02632,P0394,4,26832,22
I01852,O00085,P0169,5,68420,9
I01853,O01706,P0190,2,10772,17
I01854,O02488,P0472,2,85246,30
I01855,O01180,P0240,3,77736,21
I01856,O03614,P0375,3,79887,7
I01857,O00259,P0011,5,53110,7
I01858,O03645,P0208,3,14469,2
I01859,O04942,P0137,2,63578,38
I01860,O04871,P0071,1,17582,20
I01861,O00259,P0037,2,65280,15
I01862,O00753,P0411,1,25223,5
I01863,O00294,P0285,4,49710,24
I01864,O01899,P0486,2,39007,17
I01865,O01559,P0175,1,67828,23
I01866,O02480,P0104,2,66777,7
I01867,O03659,P0233,1,9002,4
I01868,O03391,P0154,-1,99510,0
I01869,O04580,P0341,2,49997,33
I01870,O02553,P0097,1,96479,21
I01871,O02039,P0253,-1,43431,5
I01872,O01443,P0422,3,54999,5
I01873,O00546,P0360,3,71041,6
I01874,O03657,P0303,2,47087,22
I01875,O02672,P0477,1,92346,14
I01876,O01879,P0228,1,84633,27
I01877,O01918,P0086,3,60149,17
I01878,O01076,P0076,4,77687,12
I01879,O00877,P0390,5,22027,3
I01880,O04356,P0404,2,68040,31
I01881,O02650,P0379,2,38882,4
I01882,O00810,P0352,1,58847,30
I01883,O02275,P0486,3,48142,36
I01884,O02195,P0165,2,74055,35
I01885,O00034,P0131,1,97365,10
I01886,O03869,P0470,5,86670,9
I01887,O02286,P0483,4,3366,24
I01888,O02099,P0061,2,84188,35
I01889,O01381,P0069,5,51724,38
I01890,O03338,P0411,4,81394,22
I01891,O04795,P0468,5,56218,34
I01892,O00288,P0210,1,8484,19
I01893,O03119,P0291,5,66987,18
I01894,O04127,P0274,1,12815,6
I01895,O01569,P0467,2,98577,24
I01896,O01627,P0360,2,83303,14
I01897,O03872,P0080,4,65811,26
I01898,O01894,P0295,2,25383,19
I01899,O04842,P0177,4,98435,25
I01900,O00963,P0199,1,6256,31
I01901,O00182,P0071,5,27344,14
I01902,O01029,P0450,1,22177,4
I01903,O03043,P0011,5,99726,40
I01904,O03743,P0187,5,22719,33
I01905,O01715,P0168,2,99005,24
I01906,O02645,P0339,5,57450,16
I01907,O02481,P0316,2,77426,1
I01908,O03862,P0065,5,3325,39
I01909,O00398,P0489,5,12466,32
I01910,O03786,P0226,2,76659,13
I01911,O04727,P0276,3,84893,12
I01912,O03926,P0043,3,21180,19
I01913,O00784,P0302,1,88939,30
I01914,O01810,P0421,1,56287,7
I01915,O01374,P0119,4,76353,14
I01916,O02304,P0048,4,53717,5
I01917,O00777,P0277,2,22786,10
I01918,O02326,P0086,4,76936,36
I01919,O02677,P0228,4,61153,37
I01920,O03178,P0074,2,33354,4
I01921,O02474,P0076,1,49396,17
I01922,O04257,P0224,5,87664,32
I01923,O03568,P0258,1,54491,39
I01924,O02929,P0159,1,19883,29
I01925,O04388,P0276,3,17058,22
I01926,O02889,P0493,4,53816,4
I01927,O03528,P0012,4,74316,23
I01928,O03902,P0392,3,31272,12
I01929,O03903,P0360,4,47124,35
I01930,O04578,P0106,2,41982,19
I01931,O01623,P0109,5,16868,20
I01932,O00418,P0012,2,98512,19
I01933,O01419,P0230,5,96951,23
I01934,O02798,P0323,5,26566,33
I01935,O04951,P0443,5,63436,25
I01936,O00379,P0404,5,34580,3
I01937,O02937,P0218,1,22687,33
I01938,O03742,P0178,5,54368,13
I01939,O04584,P0208,2,20643,17
I01940,O02511,P0118,5,53588,12
I01941,O01055,P0264,1,89433,31
I01942,O04833,P0164,3,83417,1
I01943,O01046,P0187,3,47150,15
I01944,O00739,P0337,5,21017,16
I01945,O01338,P0018,3,96757,6
I01946,O02454,P0263,3,13149,7
I01947,O02689,P0166,-2,44914,3
I01948,O02167,P0224,3,89164,33
I01949,O04685,P0059,2,58792,2
I01950,O01274,P0113,5,4659,2
I01951,O00654,P0432,2,83914,29
I01952,O03882,P0401,5,9862,19
I01953,O04009,P0423,4,30911,28
I01954,O04409,P0253,4,46886,6
I01955,O02232,P0270,-1,74394,40
I01956,O00937,P0209,1,44538,29
I01957,O01151,P0229,4,42962,10
I01958,O00485,P0113,5,73706,8
I01959,O04240,P0361,1,19957,18
I01960,O02943,P0130,5,71322,24
I01961,O02880,P0351,1,97517,13
I01962,O00070,P0296,2,55587,32
I01963,O04046,P0030,2,78140,0
I01964,O04841,P0306,1,86830,28
I01965,O04826,P0470,4,42532,32
I01966,O03473,P0099,4,87799,40
I01967,O03427,P0134,2,85144,7
I01968,O03927,P0332,3,94293,33
I01969,O00051,P0250,3,52224,7
I01970,O03390,P0334,4,52582,5
I01971,O02911,P0270,5,58982,15
I01972,O00853,P0466,4,80601,22
I01973,O00132,P0183,2,49119,5
I01974,O01815,P0306,1,79828,26
I01975,O03930,P0009,2,14905,10
I01976,O01993,P0449,-4,3678,38
I01977,O00463,P0074,2,80444,1
I01978,O03828,P0179,2,67704,2
I01979,O02743,P0236,4,29870,16
I01980,O01599,P0324,2,47664,35
I01981,O03004,P0008,2,12518,23
I01982,O03789,P0191,3,89075,22
I01983,O04201,P0391,2,79786,37
I01984,O03625,P0005,-4,26846,37
I01985,O04802,P0233,4,56679,4
I01986,O03610,P0311,2,82133,38
I01987,O04818,P0459,3,71747,9
I01988,O04506,P0055,-3,26354,27
I01989,O02345,P0490,5,1816,27
I01990,O00887,P0320,1,10480,12
I01991,O00759,P0186,5,12857,33
I01992,O04816,P0311,4,54816,8
I01993,O04438,P0010,3,41643,9
I01994,O02972,P0343,5,95779,37
I01995,O02724,P0420,4,46494,14
I01996,O01729,P0086,1,8383,27
I01997,O04857,P0368,-4,76434,8
I01998,O03564,P0377,-1,2570,20
I01999,O02662,P0284,3,26823,38
I02000,O04484,P0064,3,17150,11
I02001,O02608,P0430,3,55191,40
I02002,O01191,P0430,2,57578,3
I02003,O03840,P0387,3,95077,7
I02004,O02512,P0193,5,13234,3
I02005,O03002,P0016,3,83795,18
I02006,O00510,P0222,3,41952,0
I02007,O04747,P0102,5,58292,36
I02008,O03774,P0355,3,29590,33
I02009,O01905,P0451,1,59538,26
I02010,O01466,P0126,3,29944,19
I02011,O00274,P0480,5,28169,21
I02012,O02516,P0277,2,96371,35
I02013,O01088,P0126,3,67293,10
I02014,O02375,P0469,1,83270,32
I02015,O00040,P0324,4,41741,16
I02016,O01107,P0066,2,98433,12
I02017,O02680,P0204,2,11966,23
I02018,O04698,P0048,5,54988,2
I02019,O02822,P0342,3,68891,24
I02020,O01391,P0198,4,98290,24
I02021,O00561,P0299,3,77435,32
I02022,O02912,P0465,4,91118,19
I02023,O00978,P0447,5,86404,34
I02024,O00968,P0349,5,9050,19
I02025,O04343,P0459,5,41867,0
I02026,O03411,P0079,1,12724,18
I02027,O02049,P0375,3,23731,1
I02028,O04886,P0110,4,14103,7
I02029,O02103,P0197,3,21499,9
I02030,O02912,P0153,2,38249,13
I02031,O03618,P0200,4,73055,6
I02032,O02380,P0219,4,29641,38
I02033,O04702,P0212,3,13146,8
I02034,O01274,P0500,5,67291,12
I02035,O01154,P0309,2,17751,19
I02036,O01998,P0465,4,89527,3
I02037,O02215,P0431,1,43553,29
I02038,O03921,P0171,5,89481,38
I02039,O00478,P0099,4,87678,10
I02040,O00097,P0260,5,16082,24
I02041,O02023,P0159,2,2612,24
I02042,O01159,P0422,3,59620,16
I02043,O04599,P0095,1,53854,12
I02044,O04414,P0015,4,49832,33
I02045,O01992,P0466,5,29395,24
I02046,O01390,P0078,2,19663,40
I02047,O00337,P0109,5,77915,26
I02048,O03897,P0306,5,16027,12
I02049,O02857,P0398,3,86652,20
I02050,O00476,P0223,1,86529,8
I02051,O01234,P0383,4,80833,25
I02052,O02173,P0289,5,50115,1
I02053,O04028,P0299,4,95232,20
I02054,O01630,P0462,5,20449,29
I02055,O04678,P0249,3,4992,29
I02056,O02468,P0431,1,72744,21
I02057,O02377,P0013,4,87275,39
I02058,O00560,P0335,-4,35057,13
I02059,O03377,P0237,5,42164,1
I02060,O01532,P0044,1,99938,14
I02061,O03258,P0209,5,7520,18
I02062,O00736,P0070,4,62066,16
I02063,O02778,P0183,3,8006,21
I02064,O02870,P0377,5,10848,33
I02065,O03497,P0155,-4,45870,26
I02066,O00387,P0084,4,99932,16
I02067,O03756,P0290,2,47641,39
I02068,O02038,P0165,1,3982,23
I02069,O00192,P0169,3,59406,7
I02070,O03885,P0341,4,13789,28
I02071,O04500,P0049,2,6071,39
I02072,O00030,P0474,3,27648,9
I02073,O01299,P0130,5,66559,22
I02074,O01044,P0196,3,44353,23
I02075,O00581,P0468,4,66404,26
I02076,O03911,P0237,1,30770,1
I02077,O01579,P0028,3,88618,0
I02078,O00640,P0442,2,37382,38
I02079,O02563,P0277,2,98865,36
I02080,O00383,P0408,2,94404,2
I02081,O04490,P0214,2,48052,16
I02082,O01227,P0349,-2,81056,24
I02083,O04585,P0392,5,10437,2
I02084,O02291,P0354,3,8672,36
I02085,O00584,P0182,3,83900,21
I02086,O00367,P0078,4,27010,23
I02087,O03193,P0164,4,22241,1
I02088,O01204,P0153,2,82992,38
I02089,O01823,P0272,3,62821,25
I02090,O03458,P0384,2,40485,34
I02091,O03546,P0082,3,52649,18
I02092,O04169,P0169,2,28848,11
I02093,O01680,P0009,3,96650,20
I02094,O00783,P0071,3,76796,29
I02095,O04059,P0310,1,33179,16
I02096,O00063,P0456,4,78710,23
I02097,O04293,P0114,2,26919,6
I02098,O01522,P0422,4,17690,17
I02099,O00046,P0455,1,81174,18
I02100,O00335,P0015,5,56376,37
I02101,O03619,P0045,4,15535,0
I02102,O01320,P0175,3,35272,32
I02103,O01864,P0071,3,6721,25
I02104,O04843,P0046,4,3829,38
I02105,O02316,P0371,5,28530,17
I02106,O04121,P0273,3,8384,26
I02107,O04190,P0290,2,19846,31
I02108,O01190,P0105,2,35983,37
I02109,O02149,P0162,3,62623,19
I02110,O03062,P0052,5,48185,22
I02111,O02592,P0254,3,3905,14
I02112,O00087,P0046,4,38005,14
I02113,O04645,P0370,1,40929,15
I02114,O02638,P0277,5,8800,24
I02115,O04260,P0489,2,21313,10
I02116,O02325,P0307,3,64555,38
I02117,O02805,P0306,1,50981,26
I02118,O00730,P0104,1,54657,1
I02119,O01518,P0385,2,42809,11
I02120,O00425,P0258,3,84479,39
I02121,O00153,P0499,2,98528,27
I02122,O02764,P0429,1,11397,6
I02123,O01536,P0317,5,77421,14
I02124,O02791,P0357,3,2242,23
I02125,O01634,P0282,3,43872,23
I02126,O00353,P0145,3,28456,7
I02127,O00440,P0078,3,74987,13
I02128,O00195,P0151,3,75761,21
I02129,O04940,P0144,5,31220,16
I02130,O04259,P0205,2,21883,22
I02131,O01609,P0038,5,77414,9
I02132,O03676,P0236,1,24266,26
I02133,O03864,P0359,4,68712,32
I02134,O01188,P0105,4,79021,19
I02135,O00623,P0096,1,22531,9
I02136,O01427,P0056,4,89485,18
I02137,O02267,P0423,5,43752,32
I02138,O04293,P0355,2,86967,5
I02139,O03373,P0171,1,17143,38
I02140,O01131,P0041,3,97038,26
I02141,O00294,P0443,4,20403,15
I02142,O02373,P0152,1,6586,35
I02143,O00127,P0010,5,44760,35
I02144,O02496,P0390,5,55882,32
I02145,O01194,P0136,1,22304,25
I02146,O04109,P0372,-5,31524,16
I02147,O01541,P0320,3,26876,9
I02148,O02980,P0413,3,69348,26
I02149,O00303,P0162,1,84151,39
I02150,O01440,P0291,2,90481,13
I02151,O00153,P0298,-1,81087,24
I02152,O02905,P0282,3,68625,14
I02153,O04574,P0310,2,8899,27
I02154,O03011,P0079,1,21957,1
I02155,O03245,P0416,3,25123,37
I02156,O03921,P0353,5,16021,24
I02157,O01097,P0266,4,9843,5
I02158,O02285,P0148,3,23908,39
I02159,O02986,P0307,3,1245,23
I02160,O02893,P0231,3,36516,26
I02161,O03561,P0399,4,36823,10
I02162,O03442,P0064,1,60863,21
I02163,O03220,P0053,4,81842,29
I02164,O04860,P0101,2,24106,3
I02165,O00283,P0149,5,81644,11
I02166,O00339,P0079,4,85812,14
I02167,O01056,P0440,3,23432,12
I02168,O03045,P0057,3,83317,6
I02169,O02486,P0331,2,35862,12
I02170,O00487,P0248,1,21696,40
I02171,O03298,P0139,3,90664,16
I02172,O03086,P0417,4,25035,32
I02173,O04531,P0030,3,52959,6
I02174,O04024,P0072,5,38780,9
I02175,O01475,P0396,2,58641,32
I02176,O02033,P0171,2,2122,27
I02177,O00046,P0334,5,67158,15
I02178,O03066,P0314,1,63944,5
I02179,O01344,P0286,2,68945,4
I02180,O02282,P0304,5,41620,25
I02181,O04514,P0245,2,64990,39
I02182,O01048,P0061,5,8912,11
I02183,O00560,P0436,2,82805,8
I02184,O03166,P0091,2,37278,2
I02185,O01302,P0159,3,66471,8
I02186,O00320,P0039,5,79535,35
I02187,O02516,P0387,1,31490,17
I02188,O04669,P0260,3,50078,22
I02189,O01586,P0355,3,13165,10
I02190,O02914,P0100,5,40720,20
I02191,O01609,P0036,5,97180,26
I02192,O00670,P0254,2,97044,9
I02193,O02588,P0341,-4,87300,13
I02194,O02520,P0319,1,26474,31
I02195,O04450,P0067,2,60089,7
I02196,O02238,P0354,4,78300,27
I02197,O04712,P0214,5,95969,9
I02198,O02984,P0129,2,33297,26
I02199,O00939,P0061,4,7012,5
I02200,O04386,P0380,4,88756,20
I02201,O01753,P0057,5,57774,37
I02202,O04674,P0372,3,75947,0
I02203,O02027,P0281,2,79193,1
I02204,O01112,P0104,2,65544,32
I02205,O04478,P0312,4,1785,12
I02206,O03795,P0497,2,48348,0
I02207,O00226,P0319,5,91024,33
I02208,O00837,P0372,3,37666,20
I02209,O02023,P0382,1,30857,30
I02210,O01521,P0199,-4,73291,13
I02211,O01029,P0321,4,72537,22
I02212,O01177,P0005,5,64866,2
I02213,O04681,P0427,-2,2559,4
I02214,O01664,P0268,3,23124,21
I02215,O02438,P0274,5,17297,35
I02216,O04303,P0093,3,89315,38
I02217,O04018,P0414,-1,10663,12
I02218,O02929,P0221,2,4039,33
I02219,O02824,P0390,3,93061,5
I02220,O04231,P0012,4,67075,8
I02221,O04724,P0409,2,49896,28
I02222,O00274,P0194,4,34337,10
I02223,O04765,P0265,2,55359,0
I02224,O01363,P0172,5,25074,13
I02225,O00359,P0374,1,61949,30
I02226,O01576,P0322,4,28613,2
I02227,O00490,P0262,5,82993,8
I02228,O02154,P0241,2,50372,13
I02229,O01374,P0293,1,67403,4
I02230,O01941,P0297,-5,67973,24
I02231,O01584,P0045,1,87429,19
I02232,O02452,P0187,2,2822,20
I02233,O01868,P0291,2,7467,29
I02234,O03514,P0072,4,21448,6
I02235,O04630,P0124,3,95548,16
I02236,O00713,P0492,4,31934,40
I02237,O01151,P0140,1,37752,28
I02238,O04651,P0097,1,98615,2
I02239,O04874,P0364,4,35220,6
I02240,O00582,P0068,4,86173,40
I02241,O01346,P0266,5,85373,27
I02242,O01982,P0452,5,15659,29
I02243,O02945,P0129,4,52495,24
I02244,O02715,P0083,-4,52197,8
I02245,O01589,P0356,2,37267,0
I02246,O02810,P0252,3,24648,2
I02247,O03140,P0086,5,66984,0
I02248,O00241,P0305,4,58316,5
I02249,O04345,P0470,4,20363,14
I02250,O02293,P0357,3,34919,24
I02251,O03470,P0092,3,77331,16
I02252,O03429,P0290,5,75121,16
I02253,O04159,P0398,2,18791,39
I02254,O00680,P0146,5,58214,34
I02255,O00409,P0337,-1,14734,28
I02256,O03833,P0130,4,78552,25
I02257,O01806,P0058,2,46218,8
I02258,O03438,P0174,3,43602,6
I02259,O02831,P0385,1,11122,11
I02260,O00661,P0274,1,69648,23
I02261,O02910,P0312,4,48455,17
I02262,O04291,P0244,5,23067,40
I02263,O01655,P0136,1,45971,9
I02264,O03644,P0370,1,18028,23
I02265,O02744,P0328,3,96033,1
I02266,O01973,P0420,2,82203,29
I02267,O04911,P0377,2,56258,18
I02268,O04032,P0078,3,21756,5
I02269,O00082,P0335,3,93636,31
I02270,O02526,P0341,1,20492,26
I02271,O01680,P0235,2,54219,33
I02272,O04580,P0168,2,37379,23
I02273,O01390,P0045,4,21227,19
I02274,O03237,P0189,2,43193,34
I02275,O02654,P0033,2,49708,27
I02276,O04768,P0467,1,6905,24
I02277,O04415,P0038,1,74156,26
I02278,O03263,P0172,5,2534,4
I02279,O00975,P0079,2,86766,3
I02280,O01531,P0030,2,61080,8
I02281,O01385,P0283,-5,57864,14
I02282,O00762,P0458,5,59197,15
I02283,O01755,P0214,5,3365,4
I02284,O00829,P0462,1,80159,10
I02285,O00913,P0085,5,45460,28
I02286,O02431,P0021,2,57544,9
I02287,O01479,P0154,5,60184,32
I02288,O00181,P0398,4,92322,27
I02289,O03900,P0168,5,29009,9
I02290,O04808,P0104,2,72742,6
I02291,O02034,P0491,-3,82810,7
I02292,O01749,P0221,3,49761,29
I02293,O04608,P0372,2,41459,15
I02294,O03042,P0084,2,95533,24
I02295,O02209,P0052,3,88218,34
I02296,O02588,P0073,3,97305,25
I02297,O01846,P0326,5,9138,2
I02298,O00039,P0016,3,97211,17
I02299,O01807,P0132,1,10468,27
I02300,O01120,P0451,3,34264,5
I02301,O02217,P0231,3,23003,0
I02302,O01656,P0189,5,93323,24
I02303,O03717,P0340,4,38652,2
I02304,O01503,P0267,4,66660,24
I02305,O04933,P0423,5,18376,18
I02306,O02119,P0197,4,66233,7
I02307,O02486,P0050,1,76856,5
I02308,O04823,P0181,5,19055,30
I02309,O04381,P0297,3,30437,15
I02310,O00925,P0193,3,91781,38
I02311,O04614,P0232,5,19558,11
I02312,O03902,P0111,5,40497,15
I02313,O04894,P0047,3,78080,27
I02314,O03792,P0472,2,24890,26
I02315,O03088,P0048,3,6940,36
I02316,O04314,P0331,2,86805,24
I02317,O03361,P0375,5,55022,24
I02318,O02843,P0274,5,4388,11
I02319,O04556,P0331,1,90533,40
I02320,O00941,P0338,5,75361,40
I02321,O04166,P0408,4,27747,19
I02322,O00571,P0443,2,28954,13
I02323,O02773,P0107,2,77533,25
I02324,O02601,P0176,1,23441,13
I02325,O01810,P0041,3,27647,11
I02326,O01887,P0212,5,93654,18
I02327,O00733,P0135,4,28241,12
I02328,O02336,P0077,2,55158,24
I02329,O04740,P0050,3,72019,29
I02330,O00214,P0195,5,78655,0
I02331,O02820,P0461,1,69956,10
I02332,O00419,P0453,5,81805,38
I02333,O01691,P0299,5,21081,5
I02334,O02892,P0254,3,96853,29
I02335,O02297,P0104,2,14724,21
I02336,O03885,P0038,4,38120,14
I02337,O00222,P0033,3,27643,10
I02338,O00304,P0184,5,72276,20
I02339,O03674,P0108,2,16100,31
I02340,O02266,P0171,1,43525,22
I02341,O01785,P0098,2,597,25
I02342,O00069,P0256,5,66149,38
I02343,O04684,P0397,3,45261,29
I02344,O00710,P0245,4,20059,24
I02345,O01853,P0455,3,4899,20
I02346,O01130,P0225,2,18799,23
I02347,O04428,P0231,4,73392,31
I02348,O00873,P0314,3,81512,39
I02349,O00610,P0435,3,64751,39
I02350,O01562,P0380,5,58858,32
I02351,O01299,P0124,3,19709,6
I02352,O01018,P0267,5,10857,18
I02353,O00762,P0158,5,80980,32
I02354,O00796,P0277,3,93938,31
I02355,O04648,P0262,3,40259,14
I02356,O02523,P0295,3,87019,12
I02357,O03435,P0006,5,75402,22
I02358,O01146,P0342,4,16868,36
I02359,O04209,P0091,5,96124,38
I02360,O02097,P0332,2,11920,5
I02361,O02665,P0104,5,89129,1
I02362,O02495,P0141,4,78641,30
I02363,O00356,P0209,1,85946,18
I02364,O00017,P0423,1,27178,19
I02365,O02663,P0077,2,76557,19
I02366,O00678,P0483,3,5522,40
I02367,O01618,P0171,2,4904,25
I02368,O01265,P0128,4,25191,31
I02369,O02505,P0164,3,68235,31
I02370,O03444,P0038,3,27772,23
I02371,O01734,P0401,4,92948,28
I02372,O02543,P0288,3,12996,32
I02373,O01647,P0380,1,22803,19
I02374,O03845,P0433,2,12640,13
I02375,O02541,P0476,1,30588,13
I02376,O01846,P0070,3,92026,40
I02377,O01268,P0034,5,30051,18
I02378,O02180,P0465,1,64078,12
I02379,O01871,P0248,3,43843,4
I02380,O03055,P0038,2,53199,33
I02381,O00034,P0313,2,97142,18
I02382,O02396,P0287,1,6379,30
I02383,O03717,P0327,3,38019,39
I02384,O02525,P0189,2,78836,32
I02385,O02670,P0110,5,20483,9
I02386,O00964,P0024,3,46739,33
I02387,O00078,P0253,3,3991,2
I02388,O02021,P0281,1,86030,23
I02389,O01064,P0293,2,15202,40
I02390,O03321,P0247,5,84294,38
I02391,O00438,P0461,4,88310,13
I02392,O02482,P0475,4,47434,16
I02393,O01460,P0173,-5,43357,40
I02394,O03469,P0133,2,71621,30
I02395,O01585,P0287,5,32723,15
I02396,O03633,P0343,-1,54895,7
I02397,O02017,P0196,1,67601,32
I02398,O00994,P0314,2,66231,22
I02399,O04962,P0193,1,85085,14
I02400,O04207,P0029,2,17382,6
I02401,O02755,P0320,5,6395,6
I02402,O01025,P0169,5,90571,8
I02403,O00728,P0393,4,18261,10
I02404,O04020,P0111,1,75587,32
I02405,O01781,P0089,4,18136,7
I02406,O01448,P0276,2,52006,26
I02407,O03277,P0087,5,40119,21
I02408,O00805,P0360,5,90870,4
I02409,O01099,P0023,1,32654,40
I02410,O01158,P0006,4,89908,24
I02411,O03137,P0197,4,16163,26
I02412,O04167,P0090,2,36958,18
I02413,O00809,P0193,5,67306,25
I02414,O01160,P0035,2,73523,38
I02415,O00919,P0031,5,92757,10
I02416,O00381,P0080,5,68473,9
I02417,O03578,P0229,3,40610,9
I02418,O03955,P0125,5,57536,15
I02419,O04338,P0328,1,84529,26
I02420,O00527,P0151,1,61443,4
I02421,O01228,P0035,4,66250,2
I02422,O00825,P0239,1,38633,25
I02423,O03174,P0093,2,69262,12
I02424,O03475,P0469,1,65753,8
I02425,O03280,P0219,4,36441,20
I02426,O02379,P0307,5,46747,8
I02427,O01998,P0011,4,19198,4
I02428,O03154,P0131,3,37310,29
I02429,O03829,P0160,2,15002,37
I02430,O03401,P0437,5,7334,40
I02431,O02924,P0264,2,16675,29
I02432,O00055,P0314,4,38619,40
I02433,O04973,P0003,5,76832,1
I02434,O04461,P0419,3,93838,7
I02435,O01475,P0297,2,19535,38
I02436,O01079,P0486,5,65821,28
I02437,O04483,P0263,2,66771,40
I02438,O00227,P0385,3,25277,19
I02439,O02103,P0163,1,98994,1
I02440,O01437,P0426,2,37393,3
I02441,O00371,P0233,3,43260,39
I02442,O03625,P0142,3,47117,31
I02443,O03688,P0418,2,21133,7
I02444,O03674,P0398,3,27323,38
I02445,O03230,P0185,3,62725,31
I02446,O03187,P0278,3,6025,16
I02447,O03634,P0424,2,35721,26
I02448,O04487,P0155,5,9569,2
I02449,O03103,P0238,3,95370,36
I02450,O01285,P0423,3,28925,12
I02451,O00029,P0470,3,44857,12
I02452,O00455,P0247,5,7425,1
I02453,O04974,P0232,5,18547,38
I02454,O00120,P0280,-5,76407,11
I02455,O01564,P0122,5,5023,9
I02456,O01298,P0064,1,52801,24
I02457,O03063,P0243,4,58573,36
I02458,O02567,P0257,3,78145,7
I02459,O00420,P0014,3,95125,39
I02460,O01360,P0327,5,74806,17
I02461,O00248,P0295,5,66254,29
I02462,O04230,P0335,5,77973,11
I02463,O01221,P0210,3,7121,22
I02464,O04906,P0213,4,19148,25
I02465,O03589,P0073,1,34522,10
I02466,O03475,P0160,3,30064,28
I02467,O03605,P0229,1,86619,33
I02468,O02687,P0201,2,93655,14
I02469,O04141,P0296,2,48324,23
I02470,O04365,P0013,2,28752,0
I02471,O04435,P0231,1,10909,39
I02472,O04406,P0043,4,23038,25
I02473,O02493,P0167,4,41149,22
I02474,O03045,P0500,4,63717,35
I02475,O04036,P0224,1,56040,40
I02476,O00739,P0228,3,98704,22
I02477,O01863,P0373,4,26545,9
I02478,O03672,P0145,2,38514,23
I02479,O03263,P0162,3,84166,40
I02480,O03650,P0145,2,43681,20
I02481,O03175,P0373,2,66680,21
I02482,O00213,P0452,3,37249,14
I02483,O04768,P0334,3,40559,9
I02484,O02016,P0421,4,89061,30
I02485,O02273,P0394,5,64742,18
I02486,O03476,P0316,4,45039,34
I02487,O02692,P0147,2,95245,39
I02488,O01430,P0045,3,90087,31
I02489,O00901,P0284,-3,77146,6
I02490,O04601,P0103,4,41100,6
I02491,O02436,P0037,1,15588,7
I02492,O02166,P0014,5,23491,25
I02493,O03847,P0412,4,10726,18
I02494,O02527,P0210,3,21502,38
I02495,O01270,P0190,4,13083,20
I02496,O02299,P0034,5,96804,33
I02497,O03852,P0157,5,73596,22
I02498,O04930,P0153,4,89355,3
I02499,O04561,P0074,4,37854,11
I02500,O00126,P0179,3,29818,0
I02501,O04634,P0283,2,40005,27
I02502,O03616,P0392,5,30152,34
I02503,O02013,P0181,-3,30851,37
I02504,O02289,P0424,-4,60004,7
I02505,O01523,P0059,4,78983,18
I02506,O04835,P0397,2,43437,39
I02507,O00369,P0294,2,53233,9
I02508,O00072,P0456,1,14107,33
I02509,O02850,P0331,5,53826,5
I02510,O01543,P0275,5,94001,2
I02511,O04792,P0481,1,62886,5
I02512,O02693,P0188,4,96501,18
I02513,O03414,P0101,5,48759,26
I02514,O02396,P0289,3,42922,9
I02515,O02752,P0222,1,30635,26
I02516,O01888,P0213,4,98117,6
I02517,O04417,P0018,4,41982,34
I02518,O02829,P0241,1,91013,29
I02519,O00210,P0118,4,64325,35
I02520,O04265,P0127,4,9916,40
I02521,O04515,P0180,5,81199,18
I02522,O01580,P0480,3,58016,36
I02523,O03841,P0175,5,8437,37
I02524,O03955,P0115,5,97125,39
I02525,O02141,P0344,4,28816,7
I02526,O03318,P0295,1,68197,28
I02527,O04914,P0354,4,71460,32
I02528,O03185,P0351,1,23635,26
I02529,O04958,P0210,-4,93989,38
I02530,O03326,P0448,2,72291,16
I02531,O04919,P0426,4,82042,20
I02532,O01048,P0333,1,91640,36
I02533,O00474,P0189,4,36117,1
I02534,O00509,P0138,1,70311,32
I02535,O03832,P0386,4,29976,38
I02536,O01171,P0115,4,14449,27
I02537,O03838,P0006,4,22251,25
I02538,O00472,P0030,5,2959,29
I02539,O02510,P0154,2,62581,34
I02540,O01934,P0415,1,95635,8
I02541,O02033,P0291,2,53394,16
I02542,O00479,P0173,4,72957,1
I02543,O03493,P0182,5,57829,40
I02544,O03835,P0242,1,74997,39
I02545,O03293,P0433,4,18235,38
I02546,O00099,P0047,1,79377,38
I02547,O00376,P0118,5,77070,39
I02548,O00454,P0240,2,17816,23
I02549,O03099,P0275,4,68231,12
I02550,O03131,P0117,2,52593,19
I02551,O00077,P0301,-1,27956,33
I02552,O01716,P0238,4,95149,30
I02553,O02192,P0393,2,25578,26
I02554,O02987,P0207,2,10405,34
I02555,O01249,P0371,5,33991,2
I02556,O01131,P0111,5,74334,25
I02557,O00577,P0132,5,76299,30
I02558,O03301,P0484,2,18663,32
I02559,O00417,P0396,1,54613,21
I02560,O01173,P0299,5,81765,14
I02561,O04232,P0194,2,41968,8
I02562,O00392,P0149,2,76188,20
I02563,O02272,P0428,5,89642,37
I02564,O04367,P0196,5,90593,37
I02565,O01812,P0125,2,14563,16
I02566,O01247,P0340,5,98977,7
I02567,O00626,P0038,1,63057,29
I02568,O03491,P0378,2,65003,9
I02569,O03922,P0337,5,30669,13
I02570,O01203,P0397,3,27306,38
I02571,O02063,P0239,5,62692,26
I02572,O02945,P0068,4,78086,30
I02573,O01600,P0234,2,13732,27
I02574,O00083,P0269,2,13632,13
I02575,O00779,P0230,1,9778,11
I02576,O03046,P0325,1,41091,24
I02577,O01150,P0171,1,26356,20
I02578,O03150,P0151,1,33023,27
I02579,O04492,P0453,5,4729,0
I02580,O01341,P0034,5,74552,29
I02581,O03091,P0322,4,28684,10
I02582,O03325,P0188,1,91525,25
I02583,O02125,P0327,2,82645,22
I02584,O00032,P0295,2,9629,2
I02585,O02651,P0125,3,77565,3
I02586,O01041,P0329,4,9230,11
I02587,O03764,P0182,2,88254,32
I02588,O04598,P0400,2,91844,24
I02589,O04420,P0152,2,94448,11
I02590,O00485,P0089,1,64677,37
I02591,O00183,P0297,1,45201,15
I02592,O04118,P0199,5,39999,34
I02593,O01263,P0391,2,76411,26
I02594,O04995,P0102,1,2782,16
I02595,O04595,P0141,2,82015,40
I02596,O03317,P0368,3,95338,11
I02597,O04101,P0155,1,22926,36
I02598,O04049,P0279,5,63961,2
I02599,O01763,P0344,2,32890,19
I02600,O00049,P0404,2,61949,6
I02601,O00633,P0205,1,99203,4
I02602,O02427,P0118,3,59157,37
I02603,O01144,P0314,3,63147,35
I02604,O01471,P0217,3,53718,31
I02605,O01617,P0283,5,33985,30
I02606,O03492,P0345,3,8353,23
I02607,O04270,P0156,1,78964,31
I02608,O04326,P0500,3,34048,5
I02609,O00623,P0455,4,38617,20
I02610,O01689,P0241,1,96180,24
I02611,O00278,P0228,1,33146,18
I02612,O02871,P0204,2,93722,19
I02613,O01603,P0139,-3,7796,26
I02614,O00735,P0091,4,13919,23
I02615,O04919,P0268,4,70991,14
I02616,O00615,P0089,1,14434,36
I02617,O02835,P0454,1,27940,33
I02618,O03516,P0012,5,70388,16
I02619,O00948,P0303,2,45937,37
I02620,O03422,P0287,5,14172,29
I02621,O02531,P0019,2,2959,36
I02622,O04018,P0180,1,87933,28
I02623,O04853,P0220,1,13509,0
I02624,O01398,P0264,1,8767,35
I02625,O00824,P0047,4,27685,28
I02626,O01761,P0283,1,41712,7
I02627,O01577,P0294,3,13005,40
I02628,O01442,P0263,5,4424,15
I02629,O03768,P0475,2,48845,13
I02630,O02944,P0049,5,94317,2
I02631,O03597,P0014,3,58906,3
I02632,O02041,P0143,4,14113,29
I02633,O04353,P0437,2,11741,24
I02634,O01821,P0213,2,11665,11
I02635,O01391,P0328,2,47951,31
I02636,O03793,P0318,2,48407,20
I02637,O02878,P0459,2,561,4
I02638,O03958,P0119,3,35676,30
I02639,O00138,P0423,3,60156,19
I02640,O03559,P0326,3,77777,18
I02641,O03842,P0429,2,7569,6
I02642,O03104,P0205,-1,6524,21
I02643,O00388,P0342,3,53154,4
I02644,O03106,P0267,2,6988,10
I02645,O04004,P0465,4,60770,0
I02646,O01064,P0117,5,33243,5
I02647,O01869,P0064,5,6199,23
I02648,O00224,P0411,3,58035,21
I02649,O03743,P0047,4,14513,22
I02650,O00546,P0283,4,84107,7
I02651,O01739,P0500,1,89155,0
I02652,O01154,P0209,3,74896,38
I02653,O01243,P0064,-3,49973,9
I02654,O01099,P0027,4,14986,17
I02655,O02883,P0200,3,13469,38
I02656,O04582,P0056,4,70477,39
I02657,O04191,P0359,2,53156,18
I02658,O01101,P0173,2,17351,30
I02659,O01055,P0096,1,82609,29
I02660,O01589,P0462,4,38736,9
I02661,O01087,P0182,5,47293,32
I02662,O03356,P0084,1,92172,35
I02663,O01976,P0467,4,9720,30
I02664,O03695,P0071,3,85785,40
I02665,O04260,P0315,1,71541,9
I02666,O01726,P0062,4,34833,14
I02667,O01166,P0179,1,3287,6
I02668,O00140,P0349,2,49080,15
I02669,O01733,P0317,3,8105,37
I02670,O01253,P0025,2,1267,29
I02671,O02033,P0275,1,35371,14
I02672,O03534,P0137,5,74727,21
I02673,O02960,P0478,1,21372,11
I02674,O02514,P0134,5,65615,20
I02675,O04499,P0411,3,91206,8
I02676,O00427,P0037,2,49058,10
I02677,O04844,P0441,1,80708,10
I02678,O00918,P0407,4,12752,40
I02679,O03662,P0246,4,96664,34
I02680,O00487,P0155,5,60156,33
I02681,O00613,P0335,5,12846,18
I02682,O02094,P0288,1,30855,31
I02683,O01391,P0444,5,30361,5
I02684,O00385,P0280,2,66794,10
I02685,O03524,P0153,1,46412,9
I02686,O00133,P0336,2,30944,15
I02687,O02409,P0375,5,73848,16
I02688,O02817,P0341,4,64224,1
I02689,O04495,P0360,5,80146,8
I02690,O00402,P0334,3,84322,20
I02691,O02746,P0492,3,79921,5
I02692,O02548,P0196,2,62596,32
I02693,O01945,P0139,4,7176,5
I02694,O00090,P0406,2,72052,9
I02695,O04698,P0103,5,13041,21
I02696,O01309,P0384,1,29798,25
I02697,O04656,P0166,5,22965,6
I02698,O00745,P0376,2,66041,25
I02699,O04904,P0468,1,31351,12
I02700,O04842,P0092,4,26649,32
I02701,O01735,P0158,4,80408,5
I02702,O03537,P0341,3,37804,38
I02703,O03741,P0003,5,39941,36
I02704,O03731,P0433,2,88180,10
I02705,O00403,P0210,5,22770,37
I02706,O02316,P0451,2,38849,18
I02707,O03297,P0302,2,71856,12
I02708,O01411,P0360,1,15563,33
I02709,O03741,P0339,4,60795,1
I02710,O01478,P0427,2,30428,30
I02711,O00406,P0055,3,80210,15
I02712,O01498,P0340,5,41227,33
I02713,O01600,P0407,2,2398,37
I02714,O03991,P0162,2,91985,28
I02715,O01990,P0356,3,23190,15
I02716,O04687,P0148,5,41189,4
I02717,O01419,P0242,3,74553,23
I02718,O03758,P0449,2,70009,35
I02719,O00952,P0448,1,25248,20
I02720,O03343,P0420,1,65725,28
I02721,O04164,P0315,4,52031,39
I02722,O01012,P0027,5,53260,34
I02723,O04765,P0461,4,40798,17
I02724,O03934,P0321,1,80262,19
I02725,O03358,P0110,2,79343,31
I02726,O02577,P0418,4,85034,7
I02727,O02488,P0326,1,69712,13
I02728,O00519,P0464,4,34987,35
I02729,O00683,P0414,3,90456,4
I02730,O02407,P0325,1,52943,15
I02731,O04228,P0285,2,67723,32
I02732,O00534,P0205,4,60903,34
I02733,O01158,P0211,2,80870,30
I02734,O04345,P0328,5,74176,15
I02735,O00801,P0275,3,97441,6
I02736,O03381,P0187,5,97504,36
I02737,O03784,P0450,1,68365,29
I02738,O03687,P0264,1,68212,12
I02739,O00902,P0223,4,20928,0
I02740,O04831,P0290,1,8523,21
I02741,O00678,P0185,2,2486,37
I02742,O02579,P0151,3,57442,17
I02743,O01685,P0159,2,61037,3
I02744,O02899,P0242,1,92689,28
I02745,O03521,P0241,2,46567,2
I02746,O01210,P0221,1,38905,4
I02747,O02832,P0007,2,1763,39
I02748,O03181,P0394,5,38420,12
I02749,O04478,P0064,1,89532,17
I02750,O03337,P0436,3,96556,21
I02751,O02775,P0476,3,14591,38
I02752,O00075,P0059,2,82658,23
I02753,O04230,P0316,3,21484,4
I02754,O03059,P0130,5,59234,39
I02755,O00081,P0237,3,52600,19
I02756,O01456,P0155,4,15620,33
I02757,O00739,P0461,3,48389,23
I02758,O03931,P0272,2,11996,35
I02759,O04440,P0439,4,28037,26
I02760,O00404,P0110,5,16921,2
I02761,O00345,P0252,5,80143,22
I02762,O02362,P0169,2,93272,27
I02763,O01494,P0235,4,81200,16
I02764,O04262,P0123,-2,6389,38
I02765,O02517,P0259,2,3922,25
I02766,O02745,P0487,2,52764,32
I02767,O01415,P0445,-3,65264,36
I02768,O00325,P0045,4,44067,38
I02769,O01769,P0465,1,17343,36
I02770,O00519,P0128,5,9505,11
I02771,O03584,P0291,1,49580,2
I02772,O01216,P0415,2,4472,6
I02773,O00442,P0376,4,81959,36
I02774,O04939,P0397,-2,49343,40
I02775,O04797,P0497,-5,43518,20
I02776,O02709,P0281,1,73080,10
I02777,O01950,P0119,1,28846,31
I02778,O02064,P0204,1,74861,4
I02779,O04319,P0008,5,69693,0
I02780,O03928,P0253,4,53598,24
I02781,O04095,P0439,3,64030,36
I02782,O02842,P0020,3,84674,21
I02783,O00064,P0072,4,49472,37
I02784,O00509,P0163,5,83387,35
I02785,O00893,P0180,5,46811,13
I02786,O03907,P0491,4,8263,27
I02787,O00792,P0016,3,24099,29
I02788,O03237,P0254,1,98339,36
I02789,O03285,P0368,5,71600,6
I02790,O04827,P0379,3,64588,37
I02791,O03171,P0439,1,67094,7
I02792,O00513,P0314,3,72252,9
I02793,O02082,P0414,5,48296,19
I02794,O03108,P0099,1,45451,37
I02795,O00752,P0166,2,62688,33
I02796,O03806,P0225,4,48655,11
I02797,O00683,P0040,2,70663,2
I02798,O03803,P0161,1,76475,10
I02799,O01248,P0004,5,10773,1
I02800,O01818,P0213,1,38563,35
I02801,O03059,P0417,5,52854,11
I02802,O02794,P0340,3,57203,1
I02803,O02574,P0421,2,53027,16
I02804,O04148,P0304,3,26124,2
I02805,O04877,P0252,2,80274,20
I02806,O03926,P0035,1,54768,7
I02807,O00588,P0031,3,23613,26
I02808,O01886,P0072,2,77467,17
I02809,O04269,P0197,3,66946,21
I02810,O01145,P0101,5,68990,3
I02811,O02356,P0206,1,96167,18
I02812,O02421,P0295,3,14189,35
I02813,O02465,P0405,4,63607,12
I02814,O04543,P0378,3,82961,28
I02815,O02522,P0439,5,75198,39
I02816,O01810,P0032,3,69869,40
I02817,O04871,P0337,1,9377,1
I02818,O04000,P0165,5,40854,8
I02819,O00471,P0304,2,76382,21
I02820,O02867,P0145,1,98203,5
I02821,O01462,P0404,3,43447,9
I02822,O03201,P0382,4,29427,21
I02823,O02302,P0159,2,90578,27
I02824,O00348,P0254,1,74956,23
I02825,O02094,P0010,2,81019,18
I02826,O04108,P0482,3,49668,10
I02827,O03104,P0002,2,47298,22
I02828,O01565,P0267,1,59656,8
I02829,O02797,P0300,-1,94389,28
I02830,O03239,P0323,3,90954,26
I02831,O01548,P0041,2,10846,25
I02832,O01412,P0368,5,19396,4
I02833,O01900,P0239,3,38070,32
I02834,O04871,P0247,3,34373,33
I02835,O00645,P0010,5,93139,16
I02836,O00281,P0266,4,11938,36
I02837,O02583,P0331,4,61658,21
I02838,O02990,P0194,4,18981,38
I02839,O03856,P0231,1,16565,32
I02840,O02775,P0204,5,98262,6
I02841,O01451,P0441,5,80492,4
I02842,O03344,P0461,5,56281,5
I02843,O03360,P0308,-1,23371,40
I02844,O01669,P0069,4,33894,29
I02845,O03676,P0181,4,68396,17
I02846,O03607,P0233,1,30169,28
I02847,O00400,P0320,4,36942,27
I02848,O04962,P0049,5,87384,18
I02849,O01234,P0498,4,67807,5
I02850,O02194,P0099,3,34416,14
I02851,O02990,P0346,2,25051,17
I02852,O03943,P0008,3,64541,7
I02853,O03514,P0168,3,24855,25
I02854,O02836,P0022,1,81588,9
I02855,O01880,P0415,3,44256,1
I02856,O04641,P0370,1,43710,24
I02857,O03794,P0222,5,23533,9
I02858,O00431,P0027,1,99076,35
I02859,O03219,P0246,3,82874,27
I02860,O04225,P0415,-5,65854,12
I02861,O03728,P0285,2,13865,8
I02862,O00151,P0216,3,6542,25
I02863,O03445,P0470,4,80042,19
I02864,O00806,P0066,3,74971,18
I02865,O00593,P0445,5,53823,25
I02866,O03642,P0058,-5,70019,30
I02867,O04673,P0125,3,1387,5
I02868,O04527,P0122,4,79693,36
I02869,O00281,P0133,4,30870,40
I02870,O01849,P0145,1,27388,34
I02871,O00691,P0028,5,91235,34
I02872,O01152,P0163,2,76424,1
I02873,O03904,P0118,-2,93954,13
I02874,O01150,P0075,4,9868,18
I02875,O02557,P0146,4,96950,32
I02876,O03111,P0433,4,10206,22
I02877,O03095,P0296,3,93118,38
I02878,O02854,P0253,1,93474,9
I02879,O01533,P0025,3,38809,0
I02880,O00909,P0459,2,54061,34
I02881,O03355,P0469,2,69331,29
I02882,O02085,P0191,5,10120,20
I02883,O02304,P0308,4,16373,11
I02884,O03036,P0449,3,79334,1
I02885,O04538,P0261,1,28726,3
I02886,O04914,P0218,2,19320,37
I02887,O02371,P0096,5,46289,36
I02888,O04426,P0361,5,27204,10
I02889,O00176,P0017,2,34138,27
I02890,O01339,P0467,5,86761,23
I02891,O00832,P0173,2,73210,2
I02892,O04017,P0251,3,5290,0
I02893,O03227,P0283,4,38777,5
I02894,O02713,P0429,1,93924,12
I02895,O03998,P0176,2,17859,20
I02896,O02601,P0242,4,43178,11
I02897,O02177,P0017,3,68397,35
I02898,O00046,P0415,2,86994,37
I02899,O01042,P0054,5,32956,31
I02900,O03052,P0365,1,64047,6
I02901,O00499,P0437,1,57286,3
I02902,O04899,P0128,3,22129,7
I02903,O03792,P0390,2,11152,17
I02904,O02695,P0122,5,838,4
I02905,O01724,P0104,2,95409,27
I02906,O01602,P0306,3,8178,35
I02907,O02578,P0278,1,80362,13
I02908,O02243,P0481,3,64839,21
I02909,O02752,P0453,3,56114,24
I02910,O01736,P0313,1,8169,8
I02911,O00347,P0433,5,55285,40
I02912,O01901,P0398,5,31297,20
I02913,O00038,P0498,5,94782,19
I02914,O00268,P0318,-3,66518,24
I02915,O02205,P0123,3,18272,18
I02916,O02975,P0349,3,76577,37
I02917,O04914,P0014,5,39650,27
I02918,O04442,P0051,5,37741,25
I02919,O01404,P0026,5,63459,5
I02920,O01448,P0097,5,17438,31
I02921,O02044,P0463,2,29545,7
I02922,O04680,P0410,1,36757,34
I02923,O03666,P0171,-1,73618,31
I02924,O03303,P0019,2,2305,25
I02925,O01431,P0021,2,39816,7
I02926,O01159,P0421,1,10037,34
I02927,O00076,P0409,4,51277,9
I02928,O01827,P0274,5,51744,12
I02929,O04478,P0035,1,58240,36
I02930,O03083,P0334,-5,95923,30
I02931,O01514,P0397,2,27909,0
I02932,O02479,P0287,-2,73375,7
I02933,O04597,P0472,4,37217,6
I02934,O02657,P0384,3,65170,20
I02935,O04554,P0072,5,92377,39
I02936,O04829,P0008,3,86814,15
I02937,O01963,P0204,3,45669,21
I02938,O00501,P0206,-2,55547,25
I02939,O00807,P0099,4,14123,7
I02940,O03257,P0369,2,36140,31
I02941,O02924,P0353,4,76117,37
I02942,O04297,P0274,3,26075,17
I02943,O04536,P0184,2,64692,3
I02944,O01737,P0227,5,14097,1
I02945,O00303,P0189,3,940,29
I02946,O01213,P0453,1,25693,13
I02947,O04915,P0489,2,4748,33
I02948,O00700,P0102,3,71920,24
I02949,O04648,P0359,4,75217,25
I02950,O01130,P0073,3,84492,0
I02951,O02615,P0042,5,62002,38
I02952,O00310,P0330,1,1853,8
I02953,O01009,P0229,5,27498,24
I02954,O02913,P0466,3,73838,35
I02955,O04374,P0327,1,39579,29
I02956,O02033,P0303,3,83198,4
I02957,O01200,P0236,-1,55916,22
I02958,O01071,P0248,2,26116,12
I02959,O00193,P0478,2,22127,25
I02960,O03814,P0500,3,57024,3
I02961,O01192,P0486,2,20471,37
I02962,O02743,P0250,3,79429,2
I02963,O00794,P0361,4,11035,4
I02964,O01104,P0476,5,81591,15
I02965,O00715,P0265,5,20769,27
I02966,O00884,P0369,1,40956,19
I02967,O04828,P0146,4,57664,27
I02968,O00309,P0358,1,55634,31
I02969,O04740,P0305,1,95552,5
I02970,O00449,P0438,5,66251,31
I02971,O01004,P0015,5,83804,20
I02972,O01710,P0199,1,93041,7
I02973,O02360,P0047,5,31944,23
I02974,O02770,P0076,1,44286,12
I02975,O04892,P0034,1,22154,39
I02976,O01221,P0006,3,86188,17
I02977,O02087,P0492,5,21138,4
I02978,O04725,P0082,1,64143,1
I02979,O00110,P0219,1,5638,18
I02980,O02936,P0147,5,52579,6
I02981,O03027,P0002,3,98715,22
I02982,O00974,P0269,5,53510,27
I02983,O03633,P0188,1,71650,8
I02984,O01840,P0487,3,49076,11
I02985,O04250,P0356,4,35017,18
I02986,O04780,P0043,2,58873,38
I02987,O03979,P0230,4,94644,12
I02988,O01802,P0405,2,96327,37
I02989,O02944,P0266,4,59214,2
I02990,O00183,P0154,1,11191,24
I02991,O00955,P0158,4,41020,8
I02992,O04591,P0429,1,24325,26
I02993,O04443,P0394,3,73609,32
I02994,O01603,P0102,4,3449,37
I02995,O02397,P0447,5,90701,29
I02996,O00259,P0405,3,74615,27
I02997,O01415,P0135,1,82277,39
I02998,O01808,P0276,1,77455,17
I02999,O04538,P0450,2,78722,35
I03000,O04342,P0086,1,25891,13
I03001,O04196,P0319,5,34704,25
I03002,O03706,P0323,5,91693,9
I03003,O02974,P0344,1,44080,19
I03004,O04844,P0431,3,31410,27
I03005,O03519,P0269,2,73430,34
I03006,O02506,P0013,3,19847,2
I03007,O04977,P0036,1,35843,14
I03008,O00691,P0404,2,12356,19
I03009,O02611,P0431,4,545,15
I03010,O02442,P0211,4,55201,9
I03011,O03493,P0159,1,94036,12
I03012,O01525,P0178,3,87890,2
I03013,O04794,P0255,2,9616,8
I03014,O00786,P0294,5,99096,5
I03015,O04813,P0472,4,81428,29
I03016,O00682,P0288,5,85917,37
I03017,O01549,P0469,3,26887,22
I03018,O03316,P0273,1,39776,29
I03019,O04011,P0286,5,35001,24
I03020,O02187,P0074,1,13270,3
I03021,O01753,P0304,1,45852,1
I03022,O01233,P0367,5,17141,23
I03023,O02037,P0456,5,68984,27
I03024,O00108,P0167,2,36138,11
I03025,O02827,P0005,5,78555,17
I03026,O00550,P0112,4,35818,12
I03027,O00083,P0052,5,52704,31
I03028,O03485,P0264,1,50553,24
I03029,O04545,P0242,5,52418,16
I03030,O04384,P0050,1,31061,8
I03031,O01638,P0338,3,46856,23
I03032,O02989,P0473,3,41770,14
I03033,O04246,P0242,1,18281,40
I03034,O02660,P0119,3,74684,5
I03035,O01473,P0083,5,37418,9
I03036,O01474,P0252,3,8936,31
I03037,O04839,P0353,-1,53524,22
I03038,O03604,P0071,3,63553,27
I03039,O00705,P0240,1,88697,25
I03040,O01081,P0222,4,14302,37
I03041,O04499,P0280,1,57272,18
I03042,O04408,P0223,2,37492,21
I03043,O03231,P0048,5,65930,35
I03044,O04275,P0412,5,35444,9
I03045,O02514,P0161,5,13478,14
I03046,O02057,P0305,1,50066,40
I03047,O01955,P0110,1,37610,10
I03048,O03340,P0364,2,22077,18
I03049,O03703,P0176,5,7620,26
I03050,O02146,P0339,-4,16846,12
I03051,O01209,P0488,2,13574,28
I03052,O03845,P0035,3,48244,29
I03053,O03478,P0364,4,28782,20
I03054,O00715,P0299,3,44567,27
I03055,O00001,P0494,4,63840,19
I03056,O04581,P0224,1,38916,32
I03057,O02833,P0394,1,93544,29
I03058,O01282,P0236,1,76049,24
I03059,O01165,P0262,3,96870,6
I03060,O02306,P0259,2,19706,21
I03061,O00242,P0140,1,60552,1
I03062,O04999,P0136,3,40260,34
I03063,O01857,P0308,1,18728,1
I03064,O03194,P0496,3,75134,13
I03065,O03716,P0409,1,46760,33
I03066,O03223,P0026,1,65978,9
I03067,O02797,P0117,2,74776,26
I03068,O04175,P0057,2,66121,21
I03069,O00982,P0145,5,47926,26
I03070,O00414,P0207,5,54550,35
I03071,O00958,P0416,3,43809,8
I03072,O02868,P0267,1,94868,20
I03073,O04681,P0293,4,65876,18
I03074,O03492,P0050,4,89893,30
I03075,O00406,P0490,5,50027,1
I03076,O03662,P0042,3,3887,6
I03077,O02528,P0213,4,86420,17
I03078,O03543,P0041,5,94316,13
I03079,O01962,P0361,2,78623,39
I03080,O03013,P0284,4,8496,32
I03081,O03674,P0015,2,60916,22
I03082,O03396,P0184,1,75657,3
I03083,O00029,P0317,3,37188,9
I03084,O04750,P0178,2,14685,2
I03085,O03874,P0131,3,33231,0
I03086,O02844,P0195,4,76160,12
I03087,O01165,P0360,1,98175,9
I03088,O00633,P0071,2,11407,25
I03089,O00647,P0064,2,28488,31
I03090,O02466,P0281,2,83988,19
I03091,O00312,P0465,1,26224,4
I03092,O01662,P0312,4,8841,2
I03093,O00891,P0105,5,81839,29
I03094,O01444,P0052,2,32779,28
I03095,O03471,P0442,5,8176,26
I03096,O04096,P0153,5,65354,13
I03097,O00533,P0070,5,77637,1
I03098,O03662,P0176,3,59640,5
I03099,O01682,P0083,4,35463,15
I03100,O01110,P0220,3,94699,38
I03101,O03527,P0362,3,45124,35
I03102,O01728,P0355,-2,94453,23
I03103,O02722,P0470,1,63196,35
I03104,O01509,P0412,5,14950,24
I03105,O03136,P0485,1,22888,24
I03106,O00214,P0259,4,94777,39
I03107,O00941,P0298,1,8353,38
I03108,O00489,P0024,5,80722,2
I03109,O01506,P0131,1,35876,38
I03110,O01431,P0263,1,56040,16
I03111,O03636,P0407,1,68161,14
I03112,O00463,P0461,3,95836,23
I03113,O01762,P0226,1,39002,29
I03114,O04151,P0242,2,63062,6
I03115,O00980,P0182,5,25066,37
I03116,O04945,P0347,1,32505,8
I03117,O03714,P0351,1,2465,4
I03118,O02774,P0267,2,57172,31
I03119,O00115,P0128,4,56521,26
I03120,O01283,P0471,3,62986,39
I03121,O03247,P0238,5,20971,6
I03122,O04168,P0219,3,28077,23
I03123,O00458,P0374,4,80065,17
I03124,O04864,P0163,4,8998,3
I03125,O04987,P0145,5,65008,12
I03126,O03978,P0261,3,2027,1
I03127,O01269,P0412,1,1096,23
I03128,O01815,P0039,2,36972,30
I03129,O04371,P0500,4,60075,13
I03130,O04367,P0252,2,83943,31
I03131,O02851,P0466,4,75769,11
I03132,O02471,P0175,1,74143,33
I03133,O01894,P0056,1,22703,32
I03134,O00690,P0181,1,46675,27
I03135,O02061,P0114,5,88336,38
I03136,O00169,P0382,5,10518,33
I03137,O03412,P0213,5,24130,36
I03138,O01724,P0132,2,12697,4
I03139,O00467,P0067,4,54419,14
I03140,O04128,P0027,3,39468,29
I03141,O04013,P0234,4,75372,7
I03142,O02382,P0151,5,28172,17
I03143,O00463,P0124,3,47256,18
I03144,O00885,P0129,3,44483,37
I03145,O02691,P0137,4,42247,14
I03146,O02534,P0401,5,13644,40
I03147,O02099,P0073,3,29183,4
I03148,O04336,P0029,4,23114,37
I03149,O03541,P0263,2,3543,32
I03150,O00679,P0405,4,82292,11
I03151,O04779,P0333,2,33946,34
I03152,O00701,P0492,3,70236,31
I03153,O02804,P0129,1,57786,38
I03154,O02531,P0489,4,31154,12
I03155,O00229,P0419,5,2569,32
I03156,O00171,P0136,2,69655,8
I03157,O04220,P0339,-5,4983,3
I03158,O00402,P0372,2,87845,33
I03159,O01712,P0119,2,17331,3
I03160,O00230,P0216,5,76118,29
I03161,O03219,P0381,5,56599,23
I03162,O03036,P0253,5,53802,16
I03163,O04493,P0387,2,13262,7
I03164,O04419,P0181,3,94867,14
I03165,O01840,P0471,4,73189,30
I03166,O03121,P0381,4,63248,32
I03167,O04469,P0167,2,69671,4
I03168,O03683,P0319,5,40883,26
I03169,O03349,P0353,3,55607,5
I03170,O00315,P0361,3,86995,7
I03171,O02471,P0489,5,59300,30
I03172,O04703,P0027,5,32366,6
I03173,O00227,P0394,2,56685,26
I03174,O04243,P0052,5,49646,11
I03175,O00033,P0216,5,63053,24
I03176,O04882,P0306,1,60969,7
I03177,O03146,P0468,5,25538,0
I03178,O00844,P0304,1,65683,10
I03179,O01900,P0351,2,54907,11
I03180,O04989,P0441,5,31258,40
I03181,O04413,P0295,1,96058,2
I03182,O02460,P0100,2,99167,23
I03183,O01443,P0093,2,67869,32
I03184,O03712,P0353,4,7548,19
I03185,O04063,P0267,4,93361,30
I03186,O04424,P0038,4,95253,17
I03187,O04427,P0262,1,27722,20
I03188,O01454,P0136,3,96842,5
I03189,O03873,P0096,1,23106,24
I03190,O02096,P0059,4,66976,26
I03191,O04443,P0179,5,32854,3
I03192,O04833,P0464,5,44549,20
I03193,O00952,P0058,4,68259,15
I03194,O02173,P0300,2,92776,18
I03195,O02632,P0215,2,85937,37
I03196,O00811,P0239,5,96493,35
I03197,O04108,P0398,1,57342,6
I03198,O03198,P0027,5,67358,17
I03199,O04986,P0497,2,47660,2
I03200,O03311,P0222,1,9497,11
I03201,O01319,P0483,1,21695,19
I03202,O04476,P0035,5,38157,15
I03203,O03947,P0393,-2,86381,25
I03204,O02614,P0499,4,10931,10
I03205,O04817,P0336,2,25739,11
I03206,O03223,P0323,5,24930,1
I03207,O01763,P0465,5,41701,32
I03208,O02061,P0001,3,86585,40
I03209,O03421,P0423,3,1334,38
I03210,O04204,P0038,5,87242,16
I03211,O00667,P0078,-1,75176,19
I03212,O04092,P0003,4,31767,13
I03213,O02743,P0467,1,69493,3
I03214,O04001,P0475,5,97356,17
I03215,O03860,P0189,1,53874,8
I03216,O04765,P0044,3,88632,7
I03217,O03708,P0239,4,52276,13
I03218,O04423,P0484,1,81271,8
I03219,O03215,P0149,3,67028,21
I03220,O04679,P0073,4,16900,17
I03221,O01740,P0474,1,80132,26
I03222,O01281,P0174,4,76988,31
I03223,O00836,P0359,3,99450,6
I03224,O02055,P0090,5,33128,1
I03225,O02748,P0227,4,28383,22
I03226,O02179,P0067,1,81321,8
I03227,O03400,P0259,3,71936,21
I03228,O03351,P0431,4,99750,5
I03229,O03552,P0442,2,38213,18
I03230,O00216,P0234,2,51348,28
I03231,O02251,P0090,4,78020,4
I03232,O00712,P0375,1,1519,21
I03233,O03880,P0067,4,96651,9
I03234,O02247,P0020,5,21820,30
I03235,O04071,P0108,2,26753,21
I03236,O03139,P0099,4,59544,27
I03237,O02341,P0172,5,6097,15
I03238,O04782,P0136,5,25335,18
I03239,O00685,P0236,5,87172,19
I03240,O01633,P0477,5,87144,14
I03241,O02570,P0145,1,42284,1
I03242,O02856,P0329,2,39025,40
I03243,O02859,P0490,1,7158,16
I03244,O00738,P0083,1,64782,2
I03245,O00155,P0369,5,30271,10
I03246,O00509,P0152,3,55206,29
I03247,O02275,P0025,3,17257,32
I03248,O00715,P0201,4,30933,4
I03249,O04755,P0405,5,8702,12
I03250,O00461,P0298,5,31945,28
I03251,O03325,P0288,3,24747,9
I03252,O03622,P0406,2,98505,35
I03253,O01454,P0159,4,84543,38
I03254,O03193,P0396,3,16331,40
I03255,O03425,P0006,3,60916,1
I03256,O04269,P0326,5,68180,40
I03257,O04629,P0065,3,59089,23
I03258,O00656,P0348,5,2304,35
I03259,O01861,P0066,4,94390,20
I03260,O00455,P0016,4,9576,3
I03261,O02489,P0434,5,10026,1
I03262,O01559,P0301,3,88008,13
I03263,O03700,P0331,3,44115,7
I03264,O01327,P0115,2,86185,23
I03265,O00163,P0369,4,86650,2
I03266,O03277,P0428,3,35753,24
I03267,O02604,P0146,1,36173,40
I03268,O04608,P0275,5,17478,17
I03269,O01517,P0313,3,35100,38
I03270,O03612,P0464,2,78902,2
I03271,O00929,P0355,1,30148,4
I03272,O03327,P0271,3,66559,26
I03273,O01836,P0487,1,8717,18
I03274,O04386,P0235,4,14853,29
I03275,O03075,P0027,1,80673,28
I03276,O04147,P0478,3,66376,2
I03277,O01411,P0124,4,63066,38
I03278,O02128,P0313,1,36734,15
I03279,O01404,P0291,5,5895,31
I03280,O03428,P0431,3,4723,17
I03281,O01926,P0447,1,70380,29
I03282,O03915,P0046,1,91578,36
I03283,O02354,P0035,1,26855,18
I03284,O02934,P0293,4,48616,17
I03285,O01583,P0070,5,51685,39
I03286,O02619,P0300,4,920,39
I03287,O02669,P0373,1,33634,38
I03288,O04626,P0288,2,26922,35
I03289,O00622,P0185,1,54990,12
I03290,O03315,P0397,1,71089,37
I03291,O03601,P0226,2,57439,37
I03292,O01745,P0294,4,75721,7
I03293,O02386,P0335,2,10019,5
I03294,O01177,P0001,3,68088,20
I03295,O03238,P0116,4,83787,3
I03296,O00527,P0289,3,84079,32
I03297,O02738,P0081,4,54243,14
I03298,O01854,P0133,5,86306,17
I03299,O01444,P0225,2,33768,1
I03300,O03363,P0349,2,20852,28
I03301,O01981,P0240,4,4365,24
I03302,O04451,P0409,5,23690,40
I03303,O01256,P0469,3,40104,15
I03304,O00517,P0415,5,47031,14
I03305,O03254,P0066,1,3381,26
I03306,O01912,P0088,5,67186,22
I03307,O03203,P0480,4,17627,3
I03308,O03527,P0096,4,4569,13
I03309,O00997,P0147,1,83616,10
I03310,O03179,P0442,4,40412,1
I03311,O00048,P0308,1,84971,23
I03312,O04437,P0009,1,15196,18
I03313,O01073,P0145,3,81985,32
I03314,O02238,P0307,2,17373,35
I03315,O03970,P0399,5,41185,23
I03316,O03479,P0222,3,93353,24
I03317,O02114,P0155,4,18104,16
I03318,O00354,P0305,1,19047,17
I03319,O03863,P0031,2,62613,6
I03320,O03302,P0398,4,81107,1
I03321,O01726,P0030,1,53745,3
I03322,O02093,P0344,3,53301,17
I03323,O02670,P0355,5,34257,15
I03324,O03211,P0355,3,81286,24
I03325,O00825,P0125,2,7370,18
I03326,O02995,P0429,4,65983,28
I03327,O04911,P0074,1,75589,34
I03328,O01640,P0197,2,7849,15
I03329,O04418,P0152,1,83780,31
I03330,O01431,P0493,2,99590,13
I03331,O02395,P0347,2,67865,31
I03332,O02761,P0493,4,8199,9
I03333,O02250,P0416,4,37607,31
I03334,O00882,P0129,1,651,10
I03335,O02138,P0374,2,34663,25
I03336,O03057,P0322,4,70037,7
I03337,O04523,P0340,2,871,14
I03338,O02622,P0443,2,72901,25
I03339,O04781,P0028,4,25833,21
I03340,O00106,P0133,5,77321,35
I03341,O04130,P0368,4,91061,2
I03342,O03345,P0286,4,44461,29
I03343,O03473,P0128,2,10515,32
I03344,O00755,P0314,4,70226,28
I03345,O01224,P0483,-2,43142,24
I03346,O00082,P0045,4,81269,13
I03347,O02298,P0007,1,51142,27
I03348,O03313,P0156,1,83413,22
I03349,O00238,P0185,1,48246,29
I03350,O02225,P0228,2,47689,22
I03351,O02407,P0024,4,99581,0
I03352,O00242,P0496,4,36853,6
I03353,O01709,P0204,5,23412,28
I03354,O02694,P0013,-4,25858,40
I03355,O04460,P0443,2,70046,12
I03356,O04877,P0319,5,26356,36
I03357,O01000,P0015,2,48197,12
I03358,O04220,P0427,1,46483,17
I03359,O00792,P0231,2,40309,15
I03360,O04656,P0387,5,42292,16
I03361,O00128,P0388,1,87964,29
I03362,O01775,P0484,3,8367,35
I03363,O04832,P0292,5,58896,4
I03364,O04529,P0075,5,50512,24
I03365,O02077,P0321,4,59019,27
I03366,O01370,P0338,2,47356,22
I03367,O00278,P0252,5,84920,4
I03368,O04365,P0041,5,17026,11
I03369,O01974,P0491,2,1605,16
I03370,O04364,P0367,4,11223,30
I03371,O01502,P0238,5,88246,0
I03372,O04941,P0202,5,94426,30
I03373,O02184,P0394,2,18578,17
I03374,O02923,P0491,3,40402,39
I03375,O03744,P0170,2,86949,29
I03376,O00989,P0067,4,74457,9
I03377,O01976,P0245,-2,88235,34
I03378,O02166,P0158,5,49623,0
I03379,O04909,P0207,3,50595,35
I03380,O04131,P0161,4,49384,23
I03381,O00025,P0320,2,32403,36
I03382,O02582,P0186,3,64929,9
I03383,O01321,P0293,2,70896,17
I03384,O04411,P0346,2,40138,13
I03385,O01037,P0049,5,68719,20
I03386,O00149,P0104,-1,13058,39
I03387,O02482,P0186,3,71735,30
I03388,O00959,P0469,1,71873,1
I03389,O04302,P0012,1,35456,38
I03390,O03476,P0010,5,75369,18
I03391,O00834,P0045,1,86592,2
I03392,O04641,P0192,1,50119,10
I03393,O03257,P0205,3,44442,29
I03394,O03619,P0493,5,27485,10
I03395,O00068,P0472,5,65811,11
I03396,O02635,P0316,2,88500,22
I03397,O00034,P0302,2,89054,16
I03398,O02458,P0320,2,43938,12
I03399,O01073,P0383,3,23160,31
I03400,O00185,P0043,2,7228,9
I03401,O02574,P0294,2,73212,21
I03402,O02361,P0313,2,85200,18
I03403,O03444,P0066,5,95037,31
I03404,O03821,P0473,1,97683,12
I03405,O04084,P0474,2,88411,31
I03406,O00046,P0143,1,33104,35
I03407,O04374,P0424,4,57512,20
I03408,O03745,P0370,1,23332,9
I03409,O01460,P0158,2,39985,17
I03410,O02971,P0447,1,79772,38
I03411,O01732,P0406,4,99051,33
I03412,O02803,P0330,4,3246,39
I03413,O03979,P0275,3,88385,19
I03414,O03143,P0274,3,69346,11
I03415,O01531,P0065,1,74839,12
I03416,O00972,P0379,2,97266,25
I03417,O04812,P0194,5,77154,6
I03418,O03309,P0284,2,22118,17
I03419,O01310,P0020,1,78165,1
I03420,O02422,P0273,2,67815,10
I03421,O02208,P0010,4,81239,24
I03422,O02444,P0132,5,73950,32
I03423,O00087,P0273,2,77993,21
I03424,O03982,P0488,5,52743,18
I03425,O01438,P0384,3,751,29
I03426,O00259,P0139,1,6149,4
I03427,O00126,P0368,2,96297,9
I03428,O01172,P0459,5,83671,14
I03429,O04069,P0357,1,86778,24
I03430,O04862,P0373,4,32933,10
I03431,O03522,P0342,5,21260,37
I03432,O04343,P0055,4,38549,26
I03433,O01471,P0145,1,2465,8
I03434,O00771,P0305,3,38490,39
I03435,O04130,P0274,3,25727,9
I03436,O01144,P0180,1,81084,3
I03437,O00316,P0086,3,10339,7
I03438,O00749,P0304,4,48793,40
I03439,O03773,P0049,3,25175,17
I03440,O02713,P0310,-2,6748,35
I03441,O02139,P0198,3,55315,36
I03442,O02179,P0020,2,88078,11
I03443,O01659,P0295,1,81149,21
I03444,O04841,P0080,1,35180,9
I03445,O00597,P0493,1,84513,17
I03446,O04841,P0233,-2,55544,3
I03447,O01831,P0308,3,15237,36
I03448,O00664,P0356,1,83537,1
I03449,O03093,P0192,3,82673,31
I03450,O00822,P0429,1,41050,24
I03451,O00277,P0171,1,58808,35
I03452,O02672,P0105,4,2098,35
I03453,O01021,P0316,4,46261,6
I03454,O01375,P0374,3,70687,14
I03455,O01082,P0187,4,8439,27
I03456,O00291,P0324,1,99752,34
I03457,O04133,P0458,5,97593,35
I03458,O03914,P0262,2,12977,22
I03459,O01529,P0169,4,77767,23
I03460,O04008,P0418,5,96977,13
I03461,O04890,P0318,5,29913,2
I03462,O02516,P0023,2,99158,18
I03463,O03144,P0069,4,20301,4
I03464,O01821,P0329,5,11556,27
I03465,O02762,P0289,4,33223,37
I03466,O03657,P0056,5,8328,3
I03467,O02308,P0140,5,8429,4
I03468,O03431,P0412,2,66115,22
I03469,O02048,P0461,1,19673,12
I03470,O00439,P0162,2,14285,19
I03471,O03170,P0392,2,1047,21
I03472,O02418,P0413,3,30256,3
I03473,O01909,P0340,1,18366,31
I03474,O03504,P0123,3,34497,26
I03475,O03363,P0265,3,58155,37
I03476,O00141,P0399,4,40270,18
I03477,O02167,P0068,3,33830,11
I03478,O02618,P0287,4,26824,37
I03479,O01954,P0428,5,50191,35
I03480,O02858,P0396,5,41141,31
I03481,O01311,P0409,3,7551,26
I03482,O02129,P0481,4,59334,32
I03483,O01957,P0032,5,50058,20
I03484,O03858,P0052,3,19792,30
I03485,O00266,P0040,1,23149,9
I03486,O04496,P0322,1,65003,33
I03487,O04483,P0102,4,73139,22
I03488,O04583,P0488,3,44477,27
I03489,O03671,P0060,2,19586,24
I03490,O03425,P0266,2,47484,22
I03491,O02789,P0137,3,22565,32
I03492,O02001,P0011,5,90451,23
I03493,O03875,P0193,3,89906,7
I03494,O00053,P0315,1,24302,32
I03495,O02160,P0395,2,33687,26
I03496,O01307,P0038,1,4380,3
I03497,O00732,P0036,1,6646,24
I03498,O02787,P0039,1,22516,13
I03499,O02819,P0264,5,9845,26
I03500,O02501,P0152,3,81589,31
I03501,O04090,P0366,3,5824,18
I03502,O02922,P0043,5,25704,36
I03503,O02565,P0164,2,39304,9
I03504,O01274,P0212,5,1241,32
I03505,O03825,P0158,2,34450,0
I03506,O03246,P0497,-3,92588,2
I03507,O03707,P0115,1,29402,22
I03508,O04584,P0455,4,28548,33
I03509,O04560,P0450,5,34245,20
I03510,O03845,P0258,2,43787,23
I03511,O02086,P0355,1,80597,19
I03512,O00993,P0158,4,99966,32
I03513,O01953,P0297,2,2493,26
I03514,O04005,P0326,5,55239,13
I03515,O02687,P0486,2,12177,11
I03516,O00603,P0258,2,46118,10
I03517,O03832,P0089,3,69554,9
I03518,O02835,P0265,3,15792,10
I03519,O02811,P0009,3,1930,35
I03520,O02172,P0162,1,21039,12
I03521,O02747,P0228,3,80110,32
I03522,O01763,P0074,5,16917,16
I03523,O03088,P0376,4,25827,15
I03524,O00148,P0494,2,75524,40
I03525,O03885,P0302,2,37757,34
I03526,O00092,P0023,5,30380,25
I03527,O02912,P0284,5,53656,38
I03528,O01189,P0246,3,71948,17
I03529,O01991,P0337,3,34363,2
I03530,O04734,P0153,1,27018,35
I03531,O03652,P0395,5,45430,5
I03532,O00681,P0499,4,84700,11
I03533,O00610,P0069,2,71272,35
I03534,O01971,P0449,5,34827,19
I03535,O02666,P0249,3,88170,13
I03536,O01720,P0179,5,94719,24
I03537,O01428,P0124,3,80353,7
I03538,O00331,P0335,4,89947,19
I03539,O04702,P0170,4,38560,5
I03540,O04512,P0205,5,9675,21
I03541,O01124,P0242,1,15047,6
I03542,O00657,P0067,2,83706,2
I03543,O00379,P0356,2,18761,36
I03544,O03206,P0453,-5,93821,6
I03545,O01717,P0290,3,20723,27
I03546,O01583,P0273,5,95861,17
I03547,O03380,P0123,2,29746,29
I03548,O01595,P0351,5,53424,21
I03549,O03600,P0441,3,72306,16
I03550,O03632,P0054,2,58904,2
I03551,O03676,P0096,4,4605,22
I03552,O01328,P0389,5,92430,34
I03553,O01083,P0278,2,37268,1
I03554,O00349,P0152,2,62734,9
I03555,O04193,P0447,4,49273,23
I03556,O03899,P0202,2,51757,2
I03557,O04606,P0256,2,58588,3
I03558,O04045,P0203,3,66648,12
I03559,O02998,P0125,1,70293,28
I03560,O00156,P0066,3,43732,31
I03561,O03371,P0456,4,12196,34
I03562,O01081,P0359,5,80660,5
I03563,O03016,P0455,1,30522,19
I03564,O04984,P0329,4,42265,37
I03565,O03304,P0178,5,76878,7
I03566,O04818,P0452,3,25527,23
I03567,O04269,P0177,4,81870,17
I03568,O03871,P0212,3,18964,26
I03569,O03712,P0075,2,68442,11
I03570,O01343,P0149,3,1463,31
I03571,O00714,P0382,2,71075,9
I03572,O04322,P0214,1,20554,34
I03573,O01239,P0084,4,3662,24
I03574,O00683,P0010,1,76876,16
I03575,O04990,P0241,4,38562,39
I03576,O01217,P0056,2,50339,0
I03577,O02279,P0062,4,96991,28
I03578,O02686,P0029,3,86131,37
I03579,O00428,P0025,3,43692,27
I03580,O00914,P0425,5,22892,12
I03581,O04512,P0060,1,82075,13
I03582,O03634,P0249,1,15676,12
I03583,O00223,P0096,3,40131,6
I03584,O02189,P0274,4,35892,40
I03585,O03481,P0338,3,26150,3
I03586,O04231,P0134,2,50488,28
I03587,O03619,P0386,3,13521,15
I03588,O01930,P0073,4,71785,34
I03589,O00103,P0358,4,60354,38
I03590,O00824,P0360,4,38392,10
I03591,O01867,P0352,5,98396,34
I03592,O04984,P0290,5,26479,4
I03593,O04991,P0479,4,96162,19
I03594,O04712,P0271,4,26174,36
I03595,O04600,P0382,1,67369,4
I03596,O04787,P0455,1,93562,16
I03597,O00343,P0128,1,42812,5
I03598,O03027,P0109,4,67098,15
I03599,O04544,P0445,2,46870,37
I03600,O00909,P0143,3,33690,26
I03601,O03482,P0332,4,96766,24
I03602,O01621,P0175,4,31546,11
I03603,O00994,P0425,3,33733,21
I03604,O00787,P0354,4,16640,7
I03605,O01688,P0121,3,15179,20
I03606,O04159,P0208,2,95339,4
I03607,O02113,P0034,1,26824,37
I03608,O00839,P0153,4,39621,35
I03609,O02636,P0049,3,36800,30
I03610,O02107,P0176,4,89817,36
I03611,O00445,P0453,1,59702,17
I03612,O00688,P0260,2,38195,21
I03613,O02779,P0392,1,91886,22
I03614,O04889,P0056,1,50534,40
I03615,O00496,P0138,3,4584,38
I03616,O04937,P0349,3,64954,27
I03617,O01820,P0154,1,75503,5
I03618,O02592,P0423,-2,64654,17
I03619,O02314,P0002,4,72903,16
I03620,O01390,P0368,3,12527,24
I03621,O04411,P0062,-4,92227,22
I03622,O04834,P0176,1,30747,0
I03623,O01593,P0155,1,4768,21
I03624,O04657,P0436,1,15940,14
I03625,O00628,P0173,1,52320,2
I03626,O00256,P0432,1,93703,32
I03627,O01758,P0290,3,96395,11
I03628,O03850,P0394,4,54594,24
I03629,O01297,P0425,4,49767,8
I03630,O04300,P0430,2,666,5
I03631,O02206,P0101,4,82645,40
I03632,O03025,P0172,2,55248,38
I03633,O00183,P0234,1,44918,34
I03634,O00938,P0430,3,73396,1
I03635,O03506,P0421,1,92185,4
I03636,O04209,P0187,4,4430,32
I03637,O04233,P0297,3,92629,39
I03638,O02441,P0315,1,2494,22
I03639,O02878,P0078,3,11417,18
I03640,O04822,P0410,5,99633,26
I03641,O04357,P0209,2,28697,4
I03642,O02703,P0211,2,68366,0
I03643,O04334,P0384,2,97632,24
I03644,O04846,P0046,2,13019,11
I03645,O04630,P0305,1,31872,38
I03646,O02657,P0100,3,24729,21
I03647,O01223,P0016,3,72284,35
I03648,O01513,P0190,4,31439,18
I03649,O00242,P0055,2,11789,2
I03650,O01101,P0440,3,30276,4
I03651,O02855,P0455,1,29192,8
I03652,O03580,P0138,5,3300,31
I03653,O04509,P0453,-1,65965,11
I03654,O02451,P0170,1,66351,2
I03655,O04567,P0260,2,23002,21
I03656,O03282,P0419,1,74302,37
I03657,O00663,P0259,5,31788,23
I03658,O01226,P0435,2,82302,13
I03659,O04507,P0416,2,44915,1
I03660,O04763,P0087,5,27136,26
I03661,O00108,P0053,3,99794,27
I03662,O03970,P0063,1,4617,25
I03663,O00100,P0159,5,38442,9
I03664,O01911,P0174,2,89815,10
I03665,O01644,P0367,1,31880,14
I03666,O03314,P0025,5,1262,19
I03667,O04376,P0425,3,37250,9
I03668,O02634,P0184,4,92465,13
I03669,O03705,P0303,3,51176,38
I03670,O00835,P0163,1,97926,36
I03671,O03007,P0002,1,16914,34
I03672,O04405,P0123,4,96515,18
I03673,O01844,P0081,3,22903,32
I03674,O01040,P0042,5,75545,26
I03675,O00480,P0483,2,63490,35
I03676,O00244,P0163,4,32166,6
I03677,O00558,P0358,3,63326,37
I03678,O02864,P0263,4,61839,17
I03679,O02832,P0499,4,89054,23
I03680,O02778,P0094,1,79541,6
I03681,O04782,P0042,5,75759,15
I03682,O03228,P0423,3,41458,13
I03683,O01767,P0472,5,57746,27
I03684,O04231,P0180,5,96962,13
I03685,O00338,P0342,5,84335,20
I03686,O00824,P0123,2,80635,21
I03687,O04743,P0252,3,15723,23
I03688,O04556,P0463,1,35451,3
I03689,O00475,P0159,3,99130,7
I03690,O01986,P0192,3,15284,34
I03691,O04158,P0027,1,10714,8
I03692,O02070,P0450,2,80802,0
I03693,O00647,P0355,5,68749,29
I03694,O04243,P0211,2,1522,36
I03695,O04314,P0380,4,31601,6
I03696,O01531,P0164,1,35892,35
I03697,O02436,P0070,-2,6956,1
I03698,O02521,P0304,2,87288,24
I03699,O04996,P0141,1,10742,11
I03700,O00874,P0319,5,45977,40
I03701,O02038,P0329,3,74144,24
I03702,O03422,P0283,1,93690,22
I03703,O00608,P0437,5,6496,39
I03704,O01741,P0152,2,98285,0
I03705,O00622,P0230,5,46531,40
I03706,O02178,P0143,3,77027,39
I03707,O01928,P0418,1,26768,11
I03708,O04751,P0221,5,62213,20
I03709,O04111,P0009,-1,76146,4
I03710,O04834,P0096,1,27648,19
I03711,O04123,P0118,4,2899,40
I03712,O04056,P0400,5,76955,9
I03713,O02495,P0300,4,74993,26
I03714,O00328,P0130,2,29723,23
I03715,O02886,P0397,1,67752,7
I03716,O04224,P0382,2,20346,1
I03717,O01625,P0280,4,10278,39
I03718,O02679,P0474,4,51127,6
I03719,O03068,P0007,1,41307,15
I03720,O01433,P0351,2,75757,23
I03721,O00059,P0230,2,49962,12
I03722,O03615,P0383,1,22327,23
I03723,O02868,P0407,2,94892,2
I03724,O03419,P0044,2,62489,30
I03725,O01473,P0118,5,90785,28
I03726,O02487,P0318,5,64830,31
I03727,O03348,P0024,4,77695,4
I03728,O03566,P0496,3,79856,33
I03729,O00277,P0040,5,24016,17
I03730,O00778,P0256,3,81746,28
I03731,O00016,P0244,2,29248,40
I03732,O01110,P0102,2,22430,24
I03733,O04848,P0346,1,76820,25
I03734,O00357,P0038,1,93038,29
I03735,O00769,P0095,4,74880,11
I03736,O04321,P0026,5,80961,7
I03737,O00553,P0252,5,60812,30
I03738,O04694,P0041,2,27393,23
I03739,O01174,P0382,1,48551,21
I03740,O02386,P0089,1,9260,21
I03741,O03043,P0388,2,91069,13
I03742,O03632,P0414,2,87009,25
I03743,O01802,P0041,4,43439,6
I03744,O00469,P0207,-4,7487,23
I03745,O03563,P0076,1,44353,20
I03746,O04059,P0481,3,80094,16
I03747,O00601,P0291,1,99814,37
I03748,O01373,P0498,3,20237,29
I03749,O01546,P0204,3,55392,6
I03750,O01569,P0308,3,68815,12
I03751,O00219,P0016,5,7876,19
I03752,O04655,P0322,3,35695,6
I03753,O04706,P0016,4,76343,8
I03754,O00741,P0349,1,68622,28
I03755,O03557,P0191,4,35144,12
I03756,O02726,P0291,-3,69618,2
I03757,O04829,P0080,3,37481,11
I03758,O04877,P0262,2,60063,15
I03759,O02844,P0045,4,7850,34
I03760,O04654,P0412,5,12441,10
I03761,O00156,P0097,3,25936,11
I03762,O03046,P0336,4,87818,16
I03763,O04160,P0306,1,77393,39
I03764,O03795,P0352,3,30951,17
I03765,O02600,P0208,4,45388,5
I03766,O01633,P0375,5,21965,8
I03767,O04184,P0055,2,39488,14
I03768,O00679,P0131,4,35993,15
I03769,O02720,P0440,5,56191,39
I03770,O03920,P0444,5,54199,36
I03771,O01847,P0266,5,5046,33
I03772,O00204,P0076,1,30489,38
I03773,O03970,P0324,1,35992,39
I03774,O03117,P0082,1,61399,35
I03775,O02068,P0207,1,47786,25
I03776,O04262,P0412,2,16069,31
I03777,O04851,P0353,3,88144,36
I03778,O02199,P0131,4,63090,12
I03779,O04214,P0243,1,93352,18
I03780,O01145,P0483,3,18601,30
I03781,O01730,P0183,2,914,37
I03782,O03412,P0425,1,89930,3
I03783,O01992,P0244,2,6665,23
I03784,O03634,P0147,3,4054,27
I03785,O04529,P0399,2,974,19
I03786,O00242,P0073,4,42323,24
I03787,O04063,P0440,5,10029,18
I03788,O00090,P0043,3,55470,25
I03789,O03981,P0408,3,69220,4
I03790,O04928,P0474,5,64644,37
I03791,O03956,P0453,3,32026,19
I03792,O00082,P0293,5,42223,5
I03793,O02146,P0073,5,93595,25
I03794,O02632,P0357,3,9676,24
I03795,O03546,P0378,2,75220,33
I03796,O04100,P0171,2,47437,6
I03797,O04703,P0038,5,24087,27
I03798,O00852,P0329,5,30957,12
I03799,O00132,P0285,2,58856,10
I03800,O03185,P0410,5,18750,1
I03801,O01219,P0148,2,88245,21
I03802,O02217,P0128,1,10106,36
I03803,O02174,P0003,5,3105,15
I03804,O03751,P0048,3,11839,16
I03805,O04100,P0252,4,56846,3
I03806,O01722,P0190,3,73788,23
I03807,O04908,P0176,4,28296,27
I03808,O03350,P0374,3,83742,30
I03809,O01177,P0456,3,60637,5
I03810,O04335,P0408,5,89719,7
I03811,O01904,P0427,5,71475,32
I03812,O01414,P0098,3,23780,35
I03813,O02893,P0218,3,65261,16
I03814,O02714,P0271,5,27252,23
I03815,O00862,P0468,2,49268,16
I03816,O01908,P0492,2,55241,32
I03817,O00622,P0304,4,73125,36
I03818,O00815,P0402,-4,38124,26
I03819,O00340,P0315,4,96139,39
I03820,O00538,P0213,2,13357,26
I03821,O03253,P0102,5,50774,1
I03822,O02349,P0222,1,678,18
I03823,O00146,P0426,3,55415,12
I03824,O01057,P0215,3,57707,5
I03825,O01625,P0262,5,45543,11
I03826,O04404,P0461,1,13223,38
I03827,O04796,P0321,1,67660,28
I03828,O04988,P0449,4,18092,17
I03829,O01280,P0076,2,51643,18
I03830,O01079,P0406,3,14546,5
I03831,O02594,P0415,5,78217,2
I03832,O03353,P0476,4,31836,33
I03833,O01019,P0214,1,21148,17
I03834,O03074,P0136,1,44326,11
I03835,O01484,P0073,5,60669,20
I03836,O03128,P0358,3,3951,11
I03837,O02388,P0080,5,51302,7
I03838,O01562,P0395,4,86616,28
I03839,O02476,P0027,4,69368,35
I03840,O01876,P0038,1,1809,5
I03841,O00405,P0149,3,36238,25
I03842,O02753,P0049,1,4926,0
I03843,O03687,P0164,4,54846,6
I03844,O04096,P0478,5,55936,25
I03845,O02804,P0229,3,92214,27
I03846,O01805,P0139,4,92787,19
I03847,O01880,P0199,2,6475,26
I03848,O01462,P0270,1,20149,10
I03849,O03574,P0146,4,30308,13
I03850,O01912,P0293,3,68342,7
I03851,O04312,P0116,3,47837,15
I03852,O03841,P0267,4,47965,11
I03853,O01124,P0442,4,26483,28
I03854,O00947,P0423,2,69694,31
I03855,O04919,P0139,3,61876,26
I03856,O01628,P0053,2,609,29
I03857,O02209,P0408,5,80969,30
I03858,O02008,P0194,1,62462,31
I03859,O01525,P0464,3,46162,39
I03860,O00074,P0216,3,74123,0
I03861,O01472,P0329,5,12163,39
I03862,O04885,P0273,4,56025,34
I03863,O02581,P0462,5,46860,17
I03864,O02631,P0026,4,94753,14
I03865,O03625,P0308,-2,16584,10
I03866,O04302,P0486,4,37660,39
I03867,O01789,P0101,2,66529,16
I03868,O02782,P0067,4,71862,24
I03869,O01491,P0375,2,73650,40
I03870,O04501,P0327,1,46766,15
I03871,O01155,P0135,1,32784,13
I03872,O02867,P0316,4,99051,13
I03873,O01355,P0307,5,63430,36
I03874,O02181,P0146,1,46870,39
I03875,O04160,P0219,2,80800,13
I03876,O02900,P0086,2,21703,14
I03877,O02644,P0305,4,40750,13
I03878,O04677,P0116,5,97904,20
I03879,O02978,P0276,1,42894,18
I03880,O03801,P0164,1,10795,20
I03881,O01560,P0490,3,49175,16
I03882,O03531,P0111,1,21600,2
I03883,O03204,P0184,2,57695,35
I03884,O02516,P0378,4,20773,31
I03885,O00156,P0036,3,33231,25
I03886,O02388,P0386,2,40640,11
I03887,O01846,P0163,4,25638,36
I03888,O01298,P0359,2,53303,37
I03889,O02596,P0219,4,96878,0
I03890,O00824,P0260,5,9108,36
I03891,O02483,P0245,5,34901,17
I03892,O02923,P0312,2,33499,23
I03893,O02557,P0225,1,32456,3
I03894,O02963,P0114,3,25268,13
I03895,O03962,P0383,3,42386,17
I03896,O03076,P0428,1,46021,4
I03897,O00400,P0287,3,78704,34
I03898,O03531,P0116,4,63172,22
I03899,O03550,P0456,2,62045,17
I03900,O03962,P0476,1,66896,35
I03901,O02947,P0136,3,89291,34
I03902,O01157,P0030,1,98273,1
I03903,O00828,P0180,1,954,23
I03904,O00688,P0252,1,81293,8
I03905,O01039,P0114,2,22825,5
I03906,O01539,P0355,4,15554,18
I03907,O01665,P0359,3,81647,37
I03908,O03851,P0075,3,12370,10
I03909,O02832,P0235,-5,94729,17
I03910,O00694,P0211,5,6768,32
I03911,O00753,P0027,3,6578,16
I03912,O00510,P0099,5,93660,36
I03913,O01963,P0322,3,86115,34
I03914,O01397,P0167,5,16058,3
I03915,O03713,P0118,3,98335,37
I03916,O03569,P0009,5,55580,22
I03917,O02376,P0174,2,31348,1
I03918,O03576,P0182,4,55178,16
I03919,O01093,P0415,2,31115,34
I03920,O00997,P0060,3,57444,24
I03921,O04699,P0340,1,6929,5
I03922,O03277,P0025,3,26316,7
I03923,O03303,P0073,5,25725,12
I03924,O01746,P0395,2,21425,13
I03925,O03760,P0324,2,43441,21
I03926,O03706,P0310,5,81503,17
I03927,O02439,P0057,5,81709,33
I03928,O02772,P0113,4,87818,18
I03929,O02967,P0249,5,26680,3
I03930,O03795,P0134,3,79944,31
I03931,O00912,P0442,1,46860,27
I03932,O04379,P0271,3,76436,27
I03933,O01027,P0242,3,81759,26
I03934,O00496,P0369,1,96000,27
I03935,O02920,P0373,3,55017,24
I03936,O03604,P0172,5,9834,40
I03937,O04420,P0117,3,92932,31
I03938,O03592,P0332,3,4968,35
I03939,O04844,P0305,4,21189,37
I03940,O02506,P0053,5,60094,8
I03941,O02931,P0270,1,88754,34
I03942,O02511,P0471,4,83416,12
I03943,O02546,P0349,-2,65901,37
I03944,O04486,P0442,5,83313,32
I03945,O04698,P0308,3,84330,23
I03946,O01036,P0068,1,1475,25
I03947,O01996,P0012,1,36559,7
I03948,O00435,P0015,5,31418,25
I03949,O00258,P0162,1,1230,13
I03950,O03415,P0141,2,88202,13
I03951,O03923,P0311,5,88979,20
I03952,O01281,P0289,3,91767,22
I03953,O04981,P0025,-4,67075,27
I03954,O01507,P0271,1,45860,20
I03955,O02056,P0138,3,3085,30
I03956,O03861,P0007,4,52595,16
I03957,O02452,P0373,2,14477,26
I03958,O02255,P0362,2,69415,14
I03959,O04584,P0256,4,13339,0
I03960,O03958,P0275,2,30592,7
I03961,O00234,P0324,4,82963,32
I03962,O00753,P0388,2,59588,31
I03963,O02191,P0022,3,40171,32
I03964,O01700,P0269,3,15667,21
I03965,O02774,P0358,-5,39359,26
I03966,O03987,P0014,1,40780,34
I03967,O02081,P0278,5,84008,1
I03968,O03372,P0425,2,21953,40
I03969,O01220,P0221,3,11498,25
I03970,O03796,P0275,2,41519,33
I03971,O03101,P0007,3,83389,21
I03972,O01038,P0424,5,93636,13
I03973,O02835,P0473,2,50464,0
I03974,O01827,P0065,5,37350,39
I03975,O00355,P0243,2,89683,27
I03976,O00066,P0255,5,2958,15
I03977,O02918,P0053,1,65330,32
I03978,O02121,P0382,2,10209,35
I03979,O03775,P0368,4,58098,13
I03980,O03128,P0138,2,40382,11
I03981,O03477,P0101,4,26892,22
I03982,O03758,P0499,-3,66290,33
I03983,O04417,P0054,4,56162,11
I03984,O01833,P0285,4,13106,20
I03985,O01777,P0354,1,19455,32
I03986,O02554,P0174,1,23213,31
I03987,O02121,P0443,1,6948,35
I03988,O00872,P0137,1,38190,21
I03989,O03508,P0324,4,23632,19
I03990,O02841,P0017,3,43820,16
I03991,O03759,P0098,4,11187,3
I03992,O00967,P0193,2,85401,13
I03993,O03994,P0078,3,60473,18
I03994,O01832,P0050,1,81113,35
I03995,O04058,P0401,4,86511,29
I03996,O05000,P0255,5,16696,9
I03997,O02169,P0196,4,62454,3
I03998,O00257,P0207,3,3215,6
I03999,O01471,P0485,2,39011,31
I04000,O04233,P0349,2,72390,40
I04001,O04323,P0207,5,69719,21
I04002,O03145,P0087,5,2709,19
I04003,O03272,P0075,4,58893,22
I04004,O02442,P0124,5,55734,34
I04005,O01305,P0414,5,61016,14
I04006,O03229,P0154,4,44530,39
I04007,O01526,P0303,2,36463,33
I04008,O02911,P0390,3,41420,29
I04009,O03876,P0459,5,4209,33
I04010,O04982,P0435,5,78271,17
I04011,O02958,P0442,1,66999,6
I04012,O00230,P0365,-2,2055,9
I04013,O02873,P0138,2,91884,34
I04014,O01211,P0361,5,62552,38
I04015,O04821,P0281,5,25393,16
I04016,O01621,P0029,2,44954,15
I04017,O00771,P0212,3,68412,5
I04018,O02368,P0045,5,41825,38
I04019,O03795,P0479,5,51863,0
I04020,O03274,P0423,4,69281,32
I04021,O01498,P0099,5,97833,19
I04022,O00569,P0328,-3,98865,7
I04023,O04790,P0280,3,53495,17
I04024,O01355,P0472,2,93828,10
I04025,O03157,P0223,2,5764,24
I04026,O02061,P0113,1,38685,28
I04027,O02469,P0413,2,51978,40
I04028,O04887,P0373,2,26384,0
I04029,O03093,P0093,3,35221,2
I04030,O04382,P0101,3,4986,21
I04031,O04684,P0241,2,24586,1
I04032,O01870,P0114,1,40499,34
I04033,O00196,P0326,2,23390,19
I04034,O00253,P0045,5,17826,38
I04035,O03807,P0150,5,40542,17
I04036,O00878,P0257,2,71156,13
I04037,O04784,P0304,1,87603,6
I04038,O02665,P0292,-3,61000,21
I04039,O00684,P0282,3,21148,3
I04040,O02686,P0235,5,510,20
I04041,O02037,P0437,2,36780,13
I04042,O01783,P0147,5,65403,14
I04043,O02205,P0420,3,96268,7
I04044,O00816,P0075,5,47399,18
I04045,O01620,P0410,4,90375,39
I04046,O01482,P0222,2,22552,15
I04047,O01714,P0132,5,80294,22
I04048,O04008,P0006,5,55899,0
I04049,O04365,P0017,4,31853,17
I04050,O01362,P0070,4,74630,40
I04051,O02252,P0442,1,82254,25
I04052,O01356,P0492,1,14668,11
I04053,O02704,P0399,5,54123,21
I04054,O04722,P0318,4,97304,2
I04055,O00898,P0259,3,62198,3
I04056,O00153,P0445,5,46076,39
I04057,O03866,P0369,2,14414,14
I04058,O02529,P0327,3,69037,18
I04059,O00531,P0410,3,29309,17
I04060,O04573,P0129,4,46163,21
I04061,O00197,P0356,4,31296,15
I04062,O00466,P0164,3,61509,10
I04063,O00928,P0187,-5,56660,31
I04064,O03951,P0202,4,16163,8
I04065,O01162,P0475,5,99158,19
I04066,O02146,P0004,3,4720,7
I04067,O01991,P0199,4,44990,13
I04068,O03339,P0203,5,31280,35
I04069,O03240,P0442,4,40317,14
I04070,O02382,P0156,2,12523,23
I04071,O02717,P0098,3,56865,10
I04072,O03653,P0427,4,30816,22
I04073,O02729,P0440,4,62264,30
I04074,O02921,P0285,1,39992,16
I04075,O04009,P0057,3,93969,40
I04076,O01551,P0239,2,87544,23
I04077,O04613,P0361,4,62912,1
I04078,O01113,P0467,5,4983,35
I04079,O03127,P0173,5,93442,9
I04080,O02202,P0201,2,65254,37
I04081,O03859,P0281,1,40943,27
I04082,O01716,P0035,4,36971,17
I04083,O01125,P0225,2,59486,33
I04084,O03970,P0207,4,90155,21
I04085,O01325,P0367,1,68843,26
I04086,O02032,P0411,4,37194,14
I04087,O00939,P0086,1,92745,18
I04088,O00171,P0433,5,1001,15
I04089,O02292,P0424,1,50624,7
I04090,O04917,P0342,2,1490,12
I04091,O03942,P0401,5,92123,33
I04092,O03559,P0163,1,6712,10
I04093,O03782,P0327,5,13480,32
I04094,O03471,P0121,1,69563,27
I04095,O03784,P0255,2,76739,8
I04096,O00150,P0205,2,31077,17
I04097,O02845,P0007,4,31044,24
I04098,O01983,P0098,2,67101,0
I04099,O03112,P0133,5,88418,2
I04100,O04843,P0170,3,18316,11
I04101,O03669,P0315,1,8188,13
I04102,O01767,P0057,4,43219,22
I04103,O03099,P0111,4,9993,7
I04104,O01229,P0059,4,6577,19
I04105,O04945,P0484,5,96719,16
I04106,O04828,P0230,3,53565,12
I04107,O02475,P0077,1,68198,8
I04108,O00995,P0130,3,21492,4
I04109,O03018,P0085,4,46264,40
I04110,O04823,P0193,1,87688,37
I04111,O04296,P0067,4,87577,8
I04112,O01949,P0375,3,3039,27
I04113,O02408,P0241,4,36960,15
I04114,O02261,P0434,3,35392,20
I04115,O00166,P0269,4,11117,24
I04116,O02345,P0382,4,92977,21
I04117,O02038,P0303,4,48820,36
I04118,O04703,P0003,3,84643,30
I04119,O02430,P0328,2,19928,23
I04120,O00718,P0313,1,72334,4
I04121,O01529,P0268,4,14887,39
I04122,O01578,P0143,3,99953,12
I04123,O04348,P0341,1,12874,36
I04124,O00226,P0474,3,37838,2
I04125,O04696,P0308,1,93750,29
I04126,O03181,P0325,5,55111,5
I04127,O03053,P0332,4,75307,2
I04128,O02964,P0174,1,31185,20
I04129,O02241,P0094,1,43599,36
I04130,O01102,P0460,2,94377,15
I04131,O03628,P0172,5,59398,3
I04132,O01948,P0446,5,95142,24
I04133,O03138,P0088,3,22114,13
I04134,O04695,P0435,3,77615,8
I04135,O01906,P0272,3,30395,37
I04136,O00846,P0415,5,37379,27
I04137,O02745,P0111,4,37991,8
I04138,O03911,P0031,5,66852,20
I04139,O04037,P0297,3,44534,32
I04140,O01712,P0325,-1,12509,26
I04141,O04804,P0430,3,38526,20
I04142,O00613,P0103,2,67586,31
I04143,O04500,P0206,5,45413,13
I04144,O00764,P0215,3,72364,15
I04145,O01645,P0376,2,99153,23
I04146,O00472,P0059,3,41337,1
I04147,O03220,P0023,5,43670,20
I04148,O00322,P0400,1,28814,9
I04149,O02932,P0277,4,71558,22
I04150,O04742,P0478,4,96346,28
I04151,O01697,P0243,5,73128,32
I04152,O00618,P0456,1,71756,1
I04153,O03052,P0139,1,26389,3
I04154,O03619,P0269,1,27941,0
I04155,O03494,P0269,4,65088,20
I04156,O02731,P0070,3,83490,26
I04157,O02789,P0488,5,96813,27
I04158,O00027,P0220,2,19827,17
I04159,O01509,P0291,3,92526,20
I04160,O02183,P0344,2,9799,6
I04161,O04137,P0307,3,88752,31
I04162,O00921,P0132,3,74766,36
I04163,O00575,P0096,1,95329,10
I04164,O04256,P0042,3,72353,14
I04165,O00669,P0417,3,32478,40
I04166,O02404,P0198,1,47655,30
I04167,O03697,P0063,1,94539,11
I04168,O03278,P0336,5,76926,2
I04169,O00092,P0235,3,24248,16
I04170,O02303,P0216,3,18163,2
I04171,O03103,P0383,5,37323,6
I04172,O01775,P0195,4,36824,23
I04173,O04276,P0029,2,25318,16
I04174,O04753,P0410,2,97500,5
I04175,O00517,P0395,1,16285,9
I04176,O01507,P0250,4,62491,39
I04177,O02743,P0226,1,95457,2
I04178,O02886,P0196,2,59598,15
I04179,O04641,P0371,5,68638,9
I04180,O00714,P0261,2,53885,30
I04181,O04371,P0369,1,21713,2
I04182,O00447,P0097,5,37264,29
I04183,O02894,P0159,2,38421,39
I04184,O04887,P0158,1,15453,20
I04185,O00942,P0332,2,49388,40
I04186,O04407,P0364,2,30471,4
I04187,O03918,P0427,3,18923,0
I04188,O01650,P0218,-1,88386,15
I04189,O04017,P0237,4,16146,16
I04190,O01383,P0026,2,5091,20
I04191,O01959,P0419,4,15358,15
I04192,O00672,P0362,3,3990,3
I04193,O04654,P0211,3,43561,5
I04194,O01511,P0168,5,34841,1
I04195,O00129,P0441,3,32304,11
I04196,O01588,P0156,1,19443,15
I04197,O01679,P0127,4,18511,19
I04198,O00255,P0407,4,68028,37
I04199,O04445,P0377,3,12192,7
I04200,O02427,P0464,3,58051,30
I04201,O04151,P0478,4,4084,38
I04202,O03344,P0155,4,23973,40
I04203,O01150,P0478,5,35792,19
I04204,O02803,P0424,5,80223,8
I04205,O00881,P0191,1,9824,20
I04206,O03894,P0268,1,52148,40
I04207,O04473,P0207,4,22156,16
I04208,O03246,P0305,4,74869,27
I04209,O02772,P0133,3,86585,1
I04210,O03491,P0306,-3,81025,4
I04211,O01134,P0035,5,53052,32
I04212,O01471,P0349,3,66757,10
I04213,O03369,P0035,5,96511,38
I04214,O03876,P0390,1,5621,20
I04215,O01980,P0074,1,2210,7
I04216,O04869,P0040,2,89101,5
I04217,O00324,P0208,3,5512,26
I04218,O01097,P0315,2,504,18
I04219,O03004,P0337,3,43774,24
I04220,O00702,P0001,2,25207,39
I04221,O04291,P0247,1,27641,13
I04222,O00171,P0480,3,85007,0
I04223,O03094,P0470,5,26804,7
I04224,O02519,P0284,2,56754,13
I04225,O03190,P0415,-4,13514,39
I04226,O01970,P0103,2,55628,8
I04227,O02909,P0457,2,50717,10
I04228,O02740,P0340,2,3459,25
I04229,O00809,P0001,4,94463,31
I04230,O00395,P0378,4,33971,36
I04231,O02520,P0145,5,95993,21
I04232,O02412,P0102,4,62707,27
I04233,O02122,P0213,-2,76608,40
I04234,O01769,P0018,5,69874,1
I04235,O01186,P0280,2,3147,35
I04236,O03640,P0010,-3,41329,13
I04237,O01107,P0477,3,15209,4
I04238,O04706,P0290,2,23848,1
I04239,O00999,P0481,5,84634,36
I04240,O02286,P0335,4,3279,20
I04241,O03004,P0261,3,72357,20
I04242,O00094,P0447,3,66235,9
I04243,O03319,P0057,3,99331,37
I04244,O04031,P0166,4,90561,24
I04245,O00452,P0182,-2,10914,3
I04246,O03446,P0393,3,8630,10
I04247,O01644,P0140,4,47975,16
I04248,O00161,P0421,3,44128,34
I04249,O03246,P0015,4,41417,3
I04250,O03017,P0428,4,87408,27
I04251,O03692,P0325,1,72109,4
I04252,O00514,P0311,1,4664,27
I04253,O03914,P0175,4,82245,34
I04254,O03886,P0029,1,33503,4
I04255,O00588,P0297,5,89486,31
I04256,O01496,P0087,1,12457,7
I04257,O00968,P0175,3,6396,20
I04258,O01699,P0110,2,8443,28
I04259,O02201,P0267,3,66514,24
I04260,O04099,P0362,3,20203,3
I04261,O03687,P0102,5,34018,20
I04262,O02053,P0377,5,24162,30
I04263,O02519,P0096,3,91905,5
I04264,O03019,P0366,4,52276,22
I04265,O02132,P0225,4,44980,19
I04266,O02553,P0126,5,25833,20
I04267,O04097,P0160,4,42891,30
I04268,O03457,P0029,5,24241,24
I04269,O04198,P0388,4,55499,27
I04270,O00847,P0261,2,16952,5
I04271,O02054,P0289,1,37395,34
I04272,O02663,P0241,5,81566,16
I04273,O01264,P0071,3,69028,7
I04274,O01582,P0092,1,64101,0
I04275,O02917,P0026,4,18664,1
I04276,O00732,P0053,2,67835,18
I04277,O04363,P0452,5,7298,36
I04278,O01924,P0127,3,80745,1
I04279,O00309,P0215,1,20508,27
I04280,O04658,P0311,3,15447,36
I04281,O01488,P0366,3,71907,1
I04282,O03212,P0059,3,37368,16
I04283,O03474,P0487,2,61025,37
I04284,O02727,P0307,1,98824,38
I04285,O04402,P0345,1,62424,1
I04286,O01697,P0316,4,53461,34
I04287,O00531,P0478,1,23216,13
I04288,O01108,P0345,4,91718,24
I04289,O01527,P0062,3,38489,9
I04290,O02960,P0036,1,21023,7
I04291,O00226,P0118,3,45000,34
I04292,O02164,P0097,-2,30967,9
I04293,O02316,P0481,1,22339,2
I04294,O01063,P0354,2,28918,7
I04295,O00825,P0090,1,56277,25
I04296,O02357,P0392,1,40202,26
I04297,O01925,P0055,1,30656,9
I04298,O00693,P0471,4,41293,8
I04299,O00459,P0249,2,81080,33
I04300,O01166,P0407,2,2132,7
I04301,O00135,P0330,1,22643,19
I04302,O02938,P0246,4,67775,2
I04303,O00674,P0478,4,56501,25
I04304,O04256,P0202,2,20447,33
I04305,O04079,P0193,1,34276,0
I04306,O01854,P0299,2,29477,36
I04307,O01431,P0491,1,30107,6
I04308,O04209,P0367,1,78143,27
I04309,O01473,P0056,5,47081,40
I04310,O03370,P0203,5,57904,31
I04311,O00848,P0103,5,51854,30
I04312,O02057,P0020,3,21196,8
I04313,O01819,P0427,3,74458,0
I04314,O04887,P0035,3,63882,5
I04315,O01578,P0126,4,73607,31
I04316,O03313,P0296,2,15637,39
I04317,O00675,P0108,5,42882,36
I04318,O04730,P0327,4,19796,0
I04319,O02626,P0456,5,69883,5
I04320,O00341,P0450,4,74440,40
I04321,O01728,P0052,5,86611,23
I04322,O02313,P0162,5,94722,24
I04323,O02257,P0477,4,47923,12
I04324,O01237,P0254,2,34839,7
I04325,O02988,P0439,5,45424,4
I04326,O00937,P0498,-4,19829,22
I04327,O03256,P0393,2,28491,40
I04328,O04892,P0098,3,33361,5
I04329,O02860,P0480,5,60208,36
I04330,O01849,P0381,1,45645,36
I04331,O02517,P0429,2,31871,2
I04332,O01460,P0119,1,42057,0
I04333,O03556,P0015,1,50886,17
I04334,O02480,P0184,4,58962,2
I04335,O00414,P0422,4,29546,35
I04336,O01708,P0349,5,74254,15
I04337,O02994,P0253,1,63469,26
I04338,O04835,P0379,2,81555,18
I04339,O04632,P0496,5,3735,21
I04340,O00674,P0070,1,85886,38
I04341,O03765,P0100,1,67844,24
I04342,O04996,P0024,1,83967,1
I04343,O04446,P0054,5,16649,0
I04344,O03932,P0130,4,47672,28
I04345,O03568,P0165,2,71089,15
I04346,O00640,P0218,4,11636,21
I04347,O00083,P0171,3,91664,11
I04348,O03126,P0106,2,22450,28
I04349,O02272,P0309,5,12885,0
I04350,O03821,P0203,1,53115,38
I04351,O02469,P0295,2,51405,40
I04352,O01396,P0318,4,51797,1
I04353,O03082,P0058,3,64999,22
I04354,O00453,P0374,4,71560,8
I04355,O03302,P0450,4,66974,31
I04356,O04753,P0012,4,43787,6
I04357,O02473,P0484,3,5062,3
I04358,O04700,P0207,4,78653,7
I04359,O01462,P0485,1,57080,1
I04360,O01178,P0102,4,60200,18
I04361,O02610,P0167,2,76464,12
I04362,O02370,P0303,1,59510,32
I04363,O04752,P0094,4,83932,29
I04364,O04495,P0030,1,15622,22
I04365,O04321,P0178,1,69730,4
I04366,O02751,P0343,4,17768,8
I04367,O02005,P0389,5,38622,38
I04368,O03846,P0191,5,82231,36
I04369,O02633,P0108,2,60163,29
I04370,O04146,P0055,5,87027,3
I04371,O00230,P0144,5,32322,36
I04372,O00306,P0155,5,62304,40
I04373,O01857,P0206,2,96960,26
I04374,O01521,P0031,5,74330,4
I04375,O01218,P0196,4,33049,6
I04376,O02789,P0145,3,38946,22
I04377,O02351,P0303,4,37247,11
I04378,O00535,P0264,2,84344,28
I04379,O02417,P0132,4,51884,40
I04380,O02748,P0272,4,27086,17
I04381,O00359,P0079,1,2301,14
I04382,O00227,P0137,4,91100,13
I04383,O01188,P0345,3,45228,31
I04384,O01934,P0122,5,49067,12
I04385,O00565,P0054,1,68747,16
I04386,O04503,P0113,3,36074,2
I04387,O00446,P0335,1,63651,21
I04388,O04673,P0148,3,6432,35
I04389,O04295,P0381,4,63281,34
I04390,O02100,P0320,5,16267,21
I04391,O01166,P0038,3,23682,6
I04392,O02709,P0160,5,82807,36
I04393,O04521,P0413,4,51102,13
I04394,O03929,P0300,2,41314,2
I04395,O03106,P0049,1,70411,38
I04396,O03356,P0499,2,23253,0
I04397,O00557,P0204,3,89160,30
I04398,O02942,P0434,2,9720,2
I04399,O01305,P0187,5,45260,20
I04400,O00167,P0407,5,27890,16
I04401,O02860,P0049,5,14401,18
I04402,O00207,P0194,-1,78893,35
I04403,O01817,P0371,4,76165,3
I04404,O02083,P0325,2,68740,22
I04405,O01390,P0408,4,31624,19
I04406,O00609,P0060,2,93370,21
I04407,O00043,P0423,2,74496,5
I04408,O04944,P0111,1,65842,14
I04409,O02264,P0066,4,93841,7
I04410,O04063,P0097,1,81743,29
I04411,O03215,P0493,5,13417,26
I04412,O01752,P0145,1,10606,35
I04413,O01675,P0023,1,45862,36
I04414,O01921,P0448,3,6931,32
I04415,O02847,P0251,5,18869,33
I04416,O00935,P0376,1,41559,2
I04417,O03238,P0187,5,89437,11
I04418,O01518,P0060,2,73904,39
I04419,O00402,P0046,4,65644,5
I04420,O00716,P0291,1,96823,7
I04421,O01622,P0068,2,6794,2
I04422,O02136,P0007,5,30654,15
I04423,O00507,P0185,1,39992,2
I04424,O02824,P0361,1,67796,37
I04425,O00649,P0155,5,58185,35
I04426,O03187,P0022,2,21450,17
I04427,O02086,P0363,3,33022,17
I04428,O00569,P0223,2,76507,19
I04429,O00541,P0090,1,97253,17
I04430,O00273,P0206,3,60057,8
I04431,O02701,P0441,1,54605,40
I04432,O03394,P0192,1,45231,16
I04433,O03102,P0139,1,54938,20
I04434,O02972,P0167,3,97440,37
I04435,O02485,P0017,4,92105,0
I04436,O01043,P0371,2,88183,15
I04437,O04247,P0388,2,46060,27
I04438,O02496,P0195,4,85299,14
I04439,O03012,P0423,4,33948,22
I04440,O04844,P0468,5,12945,4
I04441,O04880,P0102,1,45464,14
I04442,O03281,P0083,4,8901,25
I04443,O03195,P0438,3,955,39
I04444,O00873,P0161,2,3723,27
I04445,O00071,P0325,2,87835,23
I04446,O01147,P0479,5,31011,1
I04447,O00420,P0308,1,50997,5
I04448,O00075,P0062,4,83103,29
I04449,O01403,P0428,4,72434,15
I04450,O00702,P0092,3,7436,39
I04451,O01670,P0020,2,58514,3
I04452,O02423,P0225,1,66223,2
I04453,O01986,P0320,5,98209,4
I04454,O01512,P0232,-2,48947,13
I04455,O01291,P0278,1,5419,3
I04456,O02465,P0340,5,40780,33
I04457,O04557,P0106,4,49447,21
I04458,O04856,P0209,3,23371,28
I04459,O02191,P0172,3,68654,0
I04460,O02389,P0206,5,73795,37
I04461,O01839,P0206,1,75540,38
I04462,O03732,P0400,1,81887,2
I04463,O03827,P0241,4,23218,14
I04464,O02248,P0236,2,20006,3
I04465,O01702,P0237,5,76734,14
I04466,O04555,P0242,4,66422,24
I04467,O01301,P0187,2,41563,24
I04468,O03542,P0292,1,6284,24
I04469,O01894,P0006,5,15152,22
I04470,O01237,P0131,5,33846,3
I04471,O03029,P0344,1,9849,20
I04472,O03893,P0279,4,65645,3
I04473,O00149,P0240,4,54117,29
I04474,O00041,P0347,3,20212,5
I04475,O01389,P0472,4,23968,2
I04476,O03446,P0291,1,51922,40
I04477,O04688,P0100,1,97799,19
I04478,O02165,P0361,3,72142,19
I04479,O03041,P0448,4,38948,24
I04480,O04664,P0021,4,96207,2
I04481,O04717,P0358,4,70120,5
I04482,O02657,P0231,5,62257,15
I04483,O02541,P0046,3,90452,2
I04484,O01644,P0301,4,79584,34
I04485,O02616,P0468,3,69631,9
I04486,O00599,P0292,5,90542,18
I04487,O00983,P0078,5,58218,2
I04488,O02015,P0013,3,68976,7
I04489,O03048,P0347,2,85981,1
I04490,O04522,P0105,1,14723,20
I04491,O01278,P0352,1,96443,11
I04492,O03977,P0370,5,47845,24
I04493,O04673,P0429,4,21416,39
I04494,O02664,P0371,2,97343,32
I04495,O04328,P0241,1,57955,14
I04496,O01766,P0168,3,70050,2
I04497,O00666,P0359,2,64164,6
I04498,O04148,P0453,1,94750,7
I04499,O02646,P0295,1,26785,17
I04500,O04916,P0069,3,40138,29
I04501,O04415,P0159,4,98601,27
I04502,O04982,P0292,3,83738,3
I04503,O04034,P0121,4,87150,20
I04504,O03033,P0076,2,38898,24
I04505,O02676,P0399,1,19571,4
I04506,O00500,P0129,2,14268,37
I04507,O02450,P0326,4,30722,16
I04508,O04261,P0331,3,44693,9
I04509,O02524,P0342,4,36904,2
I04510,O04662,P0157,4,24960,28
I04511,O03461,P0269,2,69133,27
I04512,O00848,P0036,3,61640,40
I04513,O04371,P0283,2,90254,33
I04514,O03063,P0407,4,63021,29
I04515,O00455,P0415,2,94284,6
I04516,O00812,P0303,2,743,13
I04517,O00998,P0371,3,92997,1
I04518,O00364,P0236,3,54281,26
I04519,O04818,P0153,3,557,16
I04520,O03952,P0425,4,47154,18
I04521,O02973,P0242,1,51730,7
I04522,O01004,P0485,2,81345,32
I04523,O01034,P0155,3,76658,28
I04524,O01730,P0157,3,53726,12
I04525,O02626,P0092,5,83210,0
I04526,O04094,P0369,5,57060,7
I04527,O00898,P0345,2,18256,1
I04528,O02823,P0041,5,45280,13
I04529,O01809,P0320,1,3685,25
I04530,O04508,P0178,3,2760,0
I04531,O02764,P0003,5,17612,16
I04532,O01250,P0334,5,46818,24
I04533,O01523,P0274,3,74456,31
I04534,O03403,P0438,5,49099,36
I04535,O04461,P0450,3,26881,39
I04536,O00563,P0296,5,36627,34
I04537,O01752,P0229,1,23017,12
I04538,O04134,P0149,4,86704,40
I04539,O01316,P0027,4,48328,28
I04540,O01440,P0190,3,94720,36
I04541,O01442,P0117,1,40443,32
I04542,O00788,P0449,1,77243,1
I04543,O01994,P0475,2,98130,4
I04544,O03547,P0231,5,82599,21
I04545,O02571,P0063,3,21135,1
I04546,O00232,P0037,5,6424,14
I04547,O04871,P0090,4,91707,14
I04548,O04909,P0177,4,41737,27
I04549,O01785,P0038,1,85607,15
I04550,O00272,P0140,3,77694,1
I04551,O01176,P0344,1,76331,33
I04552,O02201,P0287,3,43214,10
I04553,O03198,P0176,4,8197,22
I04554,O02367,P0448,5,12777,28
I04555,O04702,P0330,4,26304,27
I04556,O04588,P0347,-4,73689,29
I04557,O02025,P0229,1,70115,12
I04558,O04730,P0372,2,35866,17
I04559,O03744,P0205,5,79972,27
I04560,O02208,P0044,3,53535,40
I04561,O02907,P0334,1,93667,34
I04562,O01475,P0088,4,43493,2
I04563,O01007,P0063,5,60417,23
I04564,O01689,P0382,2,12525,2
I04565,O00537,P0260,1,91100,10
I04566,O00104,P0424,5,77747,3
I04567,O04554,P0027,1,24228,7
I04568,O02540,P0007,4,83713,14
I04569,O03564,P0203,3,92210,7
I04570,O02918,P0482,3,47732,25
I04571,O03123,P0025,-5,16663,39
I04572,O02020,P0084,5,79373,34
I04573,O04928,P0424,5,34001,5
I04574,O03226,P0463,1,77177,38
I04575,O02715,P0492,3,43731,9
I04576,O03767,P0174,3,2358,15
I04577,O03920,P0231,4,26772,13
I04578,O02761,P0341,4,44470,34
I04579,O01400,P0321,4,42626,25
I04580,O01007,P0339,3,35110,39
I04581,O03059,P0416,3,21315,16
I04582,O00026,P0494,2,72702,3
I04583,O02631,P0280,4,10992,2
I04584,O03664,P0020,3,16644,2
I04585,O04753,P0481,3,96669,30
I04586,O00826,P0011,2,23644,17
I04587,O03454,P0095,2,26669,15
I04588,O01352,P0034,5,18672,20
I04589,O04522,P0108,1,68823,15
I04590,O03620,P0400,4,28603,39
I04591,O00045,P0058,5,78295,34
I04592,O03740,P0419,4,69290,22
I04593,O02606,P0356,3,70422,18
I04594,O00795,P0309,2,30123,1
I04595,O03874,P0131,3,58692,5
I04596,O01212,P0213,3,12817,10
I04597,O00471,P0373,1,93165,5
I04598,O01594,P0145,3,7279,30
I04599,O01824,P0269,1,91186,7
I04600,O00720,P0335,2,30470,32
I04601,O02089,P0007,4,47270,39
I04602,O00616,P0403,1,19047,39
I04603,O03255,P0462,3,81058,21
I04604,O03899,P0274,5,90155,27
I04605,O03063,P0489,4,68553,0
I04606,O04577,P0166,5,64629,31
I04607,O03235,P0459,3,51409,29
I04608,O01939,P0439,-5,72720,6
I04609,O01521,P0128,2,79619,19
I04610,O04474,P0181,5,18919,23
I04611,O04931,P0406,4,54649,34
I04612,O01812,P0196,3,47556,21
I04613,O01375,P0307,5,86637,13
I04614,O03073,P0383,4,29366,21
I04615,O04671,P0148,2,49210,32
I04616,O00969,P0007,5,91741,37
I04617,O01579,P0024,1,53154,34
I04618,O04265,P0496,2,49601,32
I04619,O02853,P0399,1,32836,13
I04620,O00904,P0319,3,73929,14
I04621,O02327,P0337,2,42601,38
I04622,O02565,P0178,5,87708,32
I04623,O00903,P0358,1,76245,23
I04624,O04675,P0034,3,64328,5
I04625,O03437,P0367,3,93852,24
I04626,O03534,P0222,4,83072,9
I04627,O04722,P0402,5,97883,4
I04628,O03708,P0153,5,2929,10
I04629,O04470,P0465,3,93857,9
I04630,O04709,P0199,3,14549,40
I04631,O00502,P0194,4,19023,34
I04632,O04528,P0010,3,72553,32
I04633,O04246,P0166,3,51044,9
I04634,O04343,P0118,5,6598,31
I04635,O02129,P0257,1,39005,29
I04636,O03163,P0025,1,38414,21
I04637,O01613,P0119,5,24599,8
I04638,O03104,P0496,1,35856,30
I04639,O01697,P0051,2,85566,31
I04640,O00753,P0437,1,90095,31
I04641,O02618,P0171,2,92646,36
I04642,O00896,P0059,1,55105,29
I04643,O02355,P0036,4,58943,30
I04644,O00348,P0006,3,39583,16
I04645,O04897,P0387,2,80389,10
I04646,O01730,P0211,5,22546,7
I04647,O01396,P0140,2,50649,25
I04648,O03916,P0008,5,8571,21
I04649,O03949,P0107,1,91655,31
I04650,O02603,P0166,3,8692,39
I04651,O00248,P0137,3,43440,3
I04652,O03047,P0346,2,44291,17
I04653,O01103,P0170,5,28060,20
I04654,O03169,P0323,5,68641,35
I04655,O04764,P0371,3,33030,17
I04656,O04389,P0431,4,20157,26
I04657,O02206,P0257,4,22803,36
I04658,O02249,P0172,5,1778,15
I04659,O02022,P0303,2,9604,37
I04660,O03271,P0366,3,99857,33
I04661,O03494,P0063,3,41864,34
I04662,O04835,P0422,3,52540,22
I04663,O00998,P0322,3,21385,39
I04664,O03842,P0177,5,57556,18
I04665,O01410,P0039,5,68955,31
I04666,O01984,P0149,1,16864,21
I04667,O04847,P0418,3,38290,8
I04668,O02952,P0218,2,94964,21
I04669,O00386,P0130,5,61607,36
I04670,O01298,P0434,3,86700,15
I04671,O02570,P0367,2,14879,36
I04672,O04476,P0067,1,89097,30
I04673,O03083,P0057,1,37641,36
I04674,O01560,P0081,2,83737,27
I04675,O01856,P0068,2,61352,14
I04676,O01971,P0010,3,75511,4
I04677,O01721,P0105,4,38381,30
I04678,O00647,P0261,1,71253,7
I04679,O04061,P0119,5,827,40
I04680,O00954,P0488,2,99526,39
I04681,O02489,P0174,5,53817,38
I04682,O02192,P0449,1,33962,8
I04683,O01173,P0431,5,42958,40
I04684,O00099,P0214,3,46828,40
I04685,O04015,P0123,2,65141,26
I04686,O04176,P0298,3,25580,1
I04687,O04854,P0130,1,30496,3
I04688,O04821,P0452,1,21349,7
I04689,O03578,P0294,2,29212,37
I04690,O04461,P0071,4,98346,3
I04691,O03048,P0284,2,20303,13
I04692,O02447,P0002,5,42698,14
I04693,O00343,P0402,5,81308,32
I04694,O03051,P0015,4,80800,31
I04695,O03306,P0186,4,20231,2
I04696,O01700,P0344,3,81141,33
I04697,O04268,P0065,1,77987,29
I04698,O02765,P0170,3,31024,34
I04699,O03572,P0252,4,52653,15
I04700,O02839,P0236,-4,20552,36
I04701,O00230,P0487,5,85507,24
I04702,O04410,P0347,5,63127,7
I04703,O01592,P0409,5,4205,26
I04704,O01378,P0209,1,26080,7
I04705,O03312,P0484,1,32073,14
I04706,O03381,P0357,3,3098,30
I04707,O00723,P0074,1,12116,30
I04708,O02011,P0003,4,52373,33
I04709,O00295,P0436,1,99856,0
I04710,O02807,P0362,5,58683,34
I04711,O03020,P0138,5,10037,34
I04712,O01860,P0195,2,52114,38
I04713,O00088,P0324,2,12288,34
I04714,O02901,P0153,2,35348,33
I04715,O04802,P0320,1,36146,24
I04716,O04994,P0004,5,97853,28
I04717,O01855,P0143,3,16806,23
I04718,O00094,P0495,3,47251,10
I04719,O01525,P0120,3,33721,3
I04720,O01379,P0299,2,35075,39
I04721,O04366,P0161,4,27089,39
I04722,O03160,P0476,3,5925,15
I04723,O02398,P0128,4,92568,35
I04724,O02993,P0198,1,8734,26
I04725,O01315,P0286,1,26471,22
I04726,O03774,P0291,4,81505,21
I04727,O01980,P0163,3,82501,12
I04728,O01362,P0091,2,73672,34
I04729,O01328,P0048,3,55451,28
I04730,O00279,P0276,5,46564,36
I04731,O04742,P0497,1,71977,26
I04732,O00109,P0208,4,62182,1
I04733,O03282,P0173,4,8128,34
I04734,O04952,P0432,1,88087,9
I04735,O00064,P0428,4,39100,38
I04736,O03867,P0426,1,66588,4
I04737,O04878,P0028,2,90128,31
I04738,O03826,P0408,4,84365,13
I04739,O00514,P0109,1,12027,30
I04740,O02780,P0027,5,33295,25
I04741,O03296,P0175,5,84537,21
I04742,O03350,P0405,4,44032,25
I04743,O04798,P0340,1,80137,40
I04744,O02923,P0095,3,25060,16
I04745,O03796,P0272,2,59270,34
I04746,O04519,P0411,4,1803,16
I04747,O01578,P0331,3,56113,28
I04748,O01143,P0182,3,33813,36
I04749,O03845,P0029,4,53315,19
I04750,O01819,P0176,4,7494,13
I04751,O02685,P0279,1,36782,4
I04752,O02312,P0374,2,17973,29
I04753,O00261,P0132,-5,12231,28
I04754,O03722,P0178,4,30849,6
I04755,O00919,P0068,4,53601,36
I04756,O03202,P0012,2,797,12
I04757,O01402,P0341,-5,12062,27
I04758,O03550,P0453,1,83618,4
I04759,O02319,P0167,2,87830,26
I04760,O02494,P0392,2,52868,32
I04761,O03404,P0186,5,64210,19
I04762,O00411,P0162,2,72133,27
I04763,O04852,P0284,3,26137,21
I04764,O03321,P0361,3,34470,21
I04765,O02305,P0359,1,12237,11
I04766,O04151,P0237,5,35018,26
I04767,O02396,P0284,5,78819,12
I04768,O03695,P0018,4,89054,7
I04769,O03276,P0104,3,85334,30
I04770,O02048,P0137,3,66854,31
I04771,O01235,P0289,5,42831,36
I04772,O02223,P0420,4,12898,38
I04773,O04925,P0500,5,11327,20
I04774,O03308,P0469,1,68238,27
I04775,O00311,P0339,3,41987,23
I04776,O04114,P0183,3,31662,17
I04777,O04227,P0352,1,65517,23
I04778,O04519,P0371,1,32897,40
I04779,O04132,P0244,4,30985,38
I04780,O02973,P0322,1,94701,20
I04781,O01814,P0328,3,37984,13
I04782,O00412,P0048,3,25755,30
I04783,O03807,P0257,2,95410,12
I04784,O01812,P0198,2,97843,18
I04785,O00890,P0431,2,63187,22
I04786,O03482,P0068,3,643,37
I04787,O04831,P0489,2,7597,33
I04788,O03892,P0346,1,3959,18
I04789,O04581,P0070,4,71635,26
I04790,O00633,P0331,3,59429,7
I04791,O02042,P0144,3,95175,13
I04792,O04883,P0496,3,91254,36
I04793,O01400,P0270,2,42975,30
I04794,O02681,P0498,2,15234,40
I04795,O00735,P0397,4,58577,14
I04796,O03958,P0342,2,65507,24
I04797,O03039,P0250,2,61928,40
I04798,O02368,P0428,5,47780,29
I04799,O00097,P0061,5,17174,22
I04800,O04576,P0229,4,68554,27
I04801,O04255,P0212,4,50042,8
I04802,O01991,P0081,2,95364,12
I04803,O01800,P0118,2,13659,4
I04804,O02710,P0171,4,2337,8
I04805,O04095,P0075,2,28709,25
I04806,O03031,P0354,1,34010,28
I04807,O04067,P0397,1,66381,11
I04808,O04028,P0176,2,51875,39
I04809,O04183,P0052,1,62544,32
I04810,O03998,P0463,2,9070,23
I04811,O04745,P0152,1,70441,1
I04812,O00057,P0026,2,79646,20
I04813,O00250,P0455,3,71789,32
I04814,O01711,P0489,2,30629,11
I04815,O03284,P0490,4,60393,32
I04816,O02524,P0057,4,16000,4
I04817,O02985,P0372,4,61794,31
I04818,O04221,P0287,1,86842,34
I04819,O00079,P0315,4,69014,11
I04820,O04897,P0395,1,38330,17
I04821,O02394,P0055,5,87931,3
I04822,O04664,P0025,1,38164,19
I04823,O04075,P0412,2,50033,16
I04824,O02224,P0011,5,6214,2
I04825,O00371,P0193,1,10975,1
I04826,O03743,P0095,2,82483,30
I04827,O02840,P0475,1,82652,14
I04828,O01775,P0034,1,65016,26
I04829,O02166,P0153,2,74987,3
I04830,O03569,P0487,2,61842,5
I04831,O02584,P0437,5,94024,29
I04832,O03301,P0012,1,56804,22
I04833,O01028,P0105,2,82938,7
I04834,O02228,P0080,3,43497,26
I04835,O02095,P0477,4,9601,36
I04836,O04987,P0019,5,47995,16
I04837,O01063,P0103,5,21208,26
I04838,O02916,P0388,1,26344,27
I04839,O02468,P0370,3,41775,2
I04840,O01857,P0432,4,18485,4
I04841,O02910,P0153,1,75084,20
I04842,O01199,P0174,1,41074,3
I04843,O04690,P0385,2,66619,26
I04844,O02976,P0334,3,45880,24
I04845,O02235,P0459,4,83701,20
I04846,O00165,P0285,2,92161,22
I04847,O04512,P0124,-2,99168,37
I04848,O02122,P0480,3,47518,10
I04849,O03928,P0397,3,47070,26
I04850,O04869,P0325,3,563,7
I04851,O03672,P0043,4,30306,16
I04852,O04740,P0323,4,86070,31
I04853,O00092,P0186,3,4933,38
I04854,O00144,P0260,4,11099,1
I04855,O03636,P0318,3,39588,31
I04856,O04417,P0407,1,36046,21
I04857,O02833,P0012,2,60520,38
I04858,O04675,P0358,3,33100,13
I04859,O02619,P0262,2,10447,39
I04860,O03855,P0487,1,22250,20
I04861,O01390,P0462,2,27482,32
I04862,O00996,P0469,3,41903,28
I04863,O03050,P0007,5,18928,36
I04864,O02385,P0099,4,26587,33
I04865,O00726,P0400,1,18811,8
I04866,O00440,P0379,2,59261,26
I04867,O01771,P0187,2,18905,5
I04868,O03134,P0378,5,73684,28
I04869,O04977,P0079,2,87731,19
I04870,O01584,P0105,4,69648,17
I04871,O01530,P0417,4,57597,27
I04872,O03164,P0039,4,68666,17
I04873,O00061,P0450,4,83899,26
I04874,O04074,P0097,3,10399,17
I04875,O00148,P0349,3,49796,2
I04876,O04708,P0250,5,85188,31
I04877,O00815,P0240,5,2786,19
I04878,O02301,P0217,4,93275,10
I04879,O03739,P0425,1,72219,7
I04880,O01414,P0165,5,17697,6
I04881,O02501,P0457,3,5922,25
I04882,O00857,P0458,1,31156,23
I04883,O02788,P0093,-1,48071,8
I04884,O01080,P0417,2,77658,23
I04885,O03543,P0198,2,42225,38
I04886,O02701,P0393,1,96421,26
I04887,O01892,P0466,1,69966,6
I04888,O01944,P0247,3,53786,40
I04889,O02002,P0237,2,12840,3
I04890,O01511,P0487,5,93903,38
I04891,O00564,P0294,4,75723,5
I04892,O03653,P0417,4,37209,29
I04893,O03072,P0303,2,70831,14
I04894,O04809,P0013,4,16138,12
I04895,O01647,P0160,1,1639,26
I04896,O02935,P0298,1,36797,22
I04897,O03470,P0125,5,94660,6
I04898,O01320,P0256,4,67350,18
I04899,O00432,P0261,5,70213,36
I04900,O03923,P0362,5,2065,9
I04901,O01646,P0343,1,54203,9
I04902,O02790,P0461,5,57804,28
I04903,O03302,P0441,1,8223,10
I04904,O00246,P0067,3,80459,18
I04905,O02669,P0029,4,40373,23
I04906,O01879,P0440,3,71967,38
I04907,O01415,P0021,2,48570,13
I04908,O02696,P0332,1,12129,40
I04909,O03154,P0050,3,16263,22
I04910,O04945,P0336,4,55461,19
I04911,O04158,P0226,4,40488,16
I04912,O04718,P0360,3,54633,18
I04913,O00626,P0376,1,61365,6
I04914,O02729,P0212,3,58365,15
I04915,O00558,P0151,4,39666,15
I04916,O03956,P0028,1,26563,37
I04917,O00424,P0096,5,52398,31
I04918,O01244,P0337,3,45245,17
I04919,O04402,P0365,1,10411,8
I04920,O01130,P0059,4,74768,12
I04921,O03252,P0464,5,73661,25
I04922,O02186,P0231,3,19669,14
I04923,O03559,P0158,2,21601,40
I04924,O04424,P0034,5,52009,36
I04925,O01942,P0367,5,54000,5
I04926,O02714,P0446,4,59927,30
I04927,O02603,P0228,1,98413,39
I04928,O03859,P0043,5,47957,9
I04929,O01057,P0104,5,10823,25
I04930,O02237,P0258,1,80219,37
I04931,O04697,P0023,5,41802,25
I04932,O00597,P0345,1,72575,13
I04933,O02514,P0484,5,3009,1
I04934,O00219,P0442,4,72134,8
I04935,O00081,P0220,4,96667,29
I04936,O02978,P0204,3,17529,9
I04937,O04743,P0459,2,24827,40
I04938,O04602,P0154,3,68781,8
I04939,O03629,P0456,1,16587,17
I04940,O03189,P0317,3,17154,20
I04941,O00866,P0459,1,7179,2
I04942,O02687,P0163,5,20982,35
I04943,O04122,P0211,4,74343,40
I04944,O00565,P0366,1,58901,31
I04945,O00053,P0233,-4,10898,30
I04946,O01760,P0294,3,24161,29
I04947,O00513,P0451,3,64622,38
I04948,O01389,P0304,1,31842,37
I04949,O00470,P0455,2,33788,10
I04950,O01546,P0332,3,61986,40
I04951,O02928,P0290,1,7432,38
I04952,O00695,P0042,3,44708,3
I04953,O01411,P0086,4,12093,17
I04954,O02689,P0143,3,5304,21
I04955,O03150,P0119,4,64273,18
I04956,O00570,P0193,3,60585,26
I04957,O04879,P0006,5,53437,1
I04958,O00006,P0407,2,6720,30
I04959,O01523,P0074,3,84489,5
I04960,O04676,P0084,2,29074,38
I04961,O04307,P0118,3,89706,10
I04962,O02845,P0085,5,53412,3
I04963,O03273,P0288,2,78893,37
I04964,O03677,P0488,3,76434,29
I04965,O04208,P0106,2,35058,6
I04966,O00349,P0065,3,72137,8
I04967,O02817,P0335,1,19817,9
I04968,O00438,P0332,4,36076,0
I04969,O04625,P0018,4,79595,23
I04970,O04281,P0469,2,16224,17
I04971,O04645,P0446,5,44100,4
I04972,O02328,P0408,3,38591,1
I04973,O00437,P0199,1,44450,10
I04974,O02610,P0060,2,66743,1
I04975,O01526,P0212,5,16445,1
I04976,O04922,P0033,1,39835,3
I04977,O02288,P0468,1,31621,19
I04978,O02710,P0046,4,83201,31
I04979,O03899,P0364,-5,44374,8
I04980,O02006,P0120,1,77814,27
I04981,O03856,P0382,4,44653,16
I04982,O04308,P0078,1,22957,12
I04983,O03443,P0397,3,67890,6
I04984,O02826,P0074,4,90470,5
I04985,O04388,P0202,2,32009,20
I04986,O01992,P0038,3,78855,12
I04987,O01137,P0460,5,16321,9
I04988,O03559,P0483,3,45829,30
I04989,O04403,P0090,1,23449,11
I04990,O03662,P0041,1,79485,33
I04991,O04413,P0498,2,96139,29
I04992,O03633,P0448,3,94444,9
I04993,O04336,P0331,2,98147,7
I04994,O02612,P0147,1,44571,32
I04995,O04812,P0399,4,28952,28
I04996,O02800,P0294,4,98911,5
I04997,O02856,P0425,2,64682,10
I04998,O03117,P0466,4,28974,17
I04999,O04333,P0059,5,19562,10
I05000,O00489,P0382,1,89354,1
I05001,O04509,P0467,5,9277,22
I05002,O00375,P0126,5,56252,10
I05003,O02337,P0224,1,51251,31
I05004,O01483,P0088,3,53319,17
I05005,O03931,P0278,2,59678,14
I05006,O00090,P0307,4,32711,7
I05007,O01728,P0197,2,68443,27
I05008,O03169,P0090,5,20893,3
I05009,O00999,P0107,4,66290,14
I05010,O02744,P0238,2,41860,35
I05011,O03982,P0267,5,14112,8
I05012,O02390,P0462,4,92144,35
I05013,O04930,P0230,3,25344,16
I05014,O04048,P0228,2,15877,11
I05015,O03898,P0060,4,96427,7
I05016,O00539,P0434,5,77946,35
I05017,O03234,P0047,5,74594,37
I05018,O01929,P0231,4,32349,0
I05019,O00898,P0496,1,19033,5
I05020,O03814,P0161,5,67682,17
I05021,O03332,P0022,4,53003,40
I05022,O01906,P0312,3,56446,30
I05023,O03662,P0334,3,73089,2
I05024,O03890,P0383,3,11948,37
I05025,O02938,P0448,4,70221,0
I05026,O02019,P0060,5,79400,31
I05027,O02774,P0467,5,94978,38
I05028,O03620,P0093,3,95089,4
I05029,O03084,P0395,4,86291,25
I05030,O03480,P0312,1,84474,38
I05031,O01563,P0486,4,90429,9
I05032,O01392,P0367,4,94159,0
I05033,O04581,P0068,3,46362,39
I05034,O03150,P0040,1,80232,15
I05035,O02415,P0091,4,86006,18
I05036,O03480,P0144,2,14365,21
I05037,O02595,P0097,2,20722,22
I05038,O03998,P0135,-4,40014,5
I05039,O04692,P0364,4,63940,24
I05040,O04003,P0167,5,41383,37
I05041,O01445,P0334,4,71878,19
I05042,O00926,P0325,4,33216,30
I05043,O01245,P0098,1,25272,35
I05044,O02579,P0171,4,6673,19
I05045,O00220,P0294,1,79917,20
I05046,O03863,P0400,4,73679,23
I05047,O03545,P0213,1,70516,39
I05048,O04738,P0082,2,42821,39
I05049,O01485,P0004,-1,83750,0
I05050,O01773,P0213,4,26659,31
I05051,O02583,P0093,4,12257,12
I05052,O03758,P0181,1,98189,2
I05053,O01376,P0242,1,80836,11
I05054,O02254,P0040,5,20728,14
I05055,O03382,P0445,2,9084,1
I05056,O02532,P0264,4,20706,20
I05057,O02581,P0263,2,16192,39
I05058,O03263,P0058,2,21940,17
I05059,O00170,P0313,1,96995,12
I05060,O01835,P0234,3,99094,18
I05061,O01873,P0405,2,74162,14
I05062,O02582,P0198,3,92408,3
I05063,O04983,P0372,2,41857,10
I05064,O01291,P0313,3,61406,31
I05065,O00669,P0269,3,81315,19
I05066,O02445,P0216,4,36723,15
I05067,O01675,P0021,-2,37785,12
I05068,O02678,P0474,3,27995,13
I05069,O01693,P0267,1,36211,40
I05070,O04045,P0257,5,4384,8
I05071,O01837,P0360,5,47066,25
I05072,O04078,P0435,2,9825,32
I05073,O02564,P0018,3,15668,0
I05074,O00954,P0384,1,88423,32
I05075,O03099,P0294,2,50836,27
I05076,O01396,P0155,3,24590,23
I05077,O04920,P0462,5,70715,31
I05078,O00127,P0010,2,30586,18
I05079,O04779,P0179,2,94861,35
I05080,O04890,P0039,1,89114,21
I05081,O03731,P0335,3,38527,22
I05082,O00363,P0333,4,57125,24
I05083,O00031,P0469,5,2027,1
I05084,O01983,P0426,3,36521,33
I05085,O03669,P0431,2,22579,31
I05086,O02104,P0400,3,10371,13
I05087,O04551,P0285,3,41988,28
I05088,O00906,P0341,1,75977,1
I05089,O00395,P0139,3,26533,36
I05090,O01098,P0238,1,44673,6
I05091,O01234,P0077,2,6071,13
I05092,O04452,P0139,1,43144,31
I05093,O01917,P0086,3,34209,13
I05094,O02535,P0456,3,49284,13
I05095,O04371,P0498,5,74458,18
I05096,O02138,P0266,1,45496,29
I05097,O00342,P0428,5,32085,34
I05098,O04660,P0192,3,9786,18
I05099,O03282,P0121,3,72264,11
I05100,O04474,P0237,1,74858,29
I05101,O01356,P0403,1,50241,2
I05102,O01110,P0294,5,38757,24
I05103,O01327,P0459,3,71413,0
I05104,O02586,P0233,1,57539,30
I05105,O04795,P0477,1,23549,27
I05106,O02382,P0456,1,95669,14
I05107,O00972,P0016,3,27982,1
I05108,O00566,P0187,2,75631,5
I05109,O03110,P0208,5,91513,2
I05110,O04526,P0058,4,60946,26
I05111,O01756,P0073,4,72145,32
I05112,O01057,P0300,4,36789,27
I05113,O04035,P0116,2,39021,4
I05114,O04775,P0259,1,80987,17
I05115,O00602,P0378,1,42548,18
I05116,O00114,P0475,2,96948,17
I05117,O04957,P0106,1,67380,39
I05118,O01984,P0127,-5,87996,11
I05119,O04164,P0430,2,56463,22
I05120,O04493,P0450,5,54391,35
I05121,O01900,P0231,4,16840,2
I05122,O01068,P0066,2,46456,31
I05123,O00526,P0281,2,39323,1
I05124,O02789,P0028,4,73844,10
I05125,O03198,P0325,1,78262,38
I05126,O00891,P0013,3,65445,24
I05127,O01173,P0411,4,95658,39
I05128,O02835,P0358,2,57305,35
I05129,O04957,P0179,5,42758,10
I05130,O03696,P0131,3,38769,26
I05131,O04894,P0304,1,52691,21
I05132,O04861,P0244,3,12710,0
I05133,O02458,P0419,1,93032,17
I05134,O02942,P0366,3,91824,14
I05135,O01777,P0321,-1,54652,7
I05136,O02189,P0351,1,1228,34
I05137,O03403,P0141,4,27199,24
I05138,O00251,P0278,5,39445,36
I05139,O02783,P0395,4,67089,8
I05140,O03448,P0092,2,58137,22
I05141,O03571,P0037,4,7488,23
I05142,O01056,P0262,4,79763,35
I05143,O02667,P0022,4,73005,32
I05144,O04803,P0146,2,51141,6
I05145,O03605,P0366,3,54945,14
I05146,O04969,P0201,3,99302,27
I05147,O03146,P0247,2,57586,9
I05148,O01579,P0005,4,57216,1
I05149,O02744,P0175,4,82566,31
I05150,O04882,P0471,2,54391,20
I05151,O02735,P0455,1,57637,9
I05152,O04036,P0406,2,93304,14
I05153,O00934,P0193,1,73664,16
I05154,O00159,P0032,5,21009,2
I05155,O01139,P0101,5,67806,27
I05156,O01347,P0082,2,96138,15
I05157,O02504,P0039,4,87763,39
I05158,O02951,P0059,1,94748,13
I05159,O04319,P0494,1,67608,10
I05160,O04492,P0288,5,27579,0
I05161,O01515,P0084,4,39251,1
I05162,O00561,P0476,4,6857,8
I05163,O04482,P0457,1,14851,36
I05164,O03873,P0230,4,91460,38
I05165,O00908,P0233,1,91590,31
I05166,O01719,P0315,1,57411,37
I05167,O03034,P0092,5,88976,8
I05168,O02035,P0444,3,13989,4
I05169,O02925,P0295,4,95296,31
I05170,O00550,P0164,4,63137,16
I05171,O04245,P0497,4,95411,33
I05172,O01498,P0018,4,71824,10
I05173,O01809,P0207,4,85636,33
I05174,O00268,P0281,3,66931,29
I05175,O03864,P0273,2,24283,38
I05176,O01853,P0477,3,62327,2
I05177,O01905,P0416,2,94809,37
I05178,O04854,P0459,2,61194,24
I05179,O00132,P0060,1,62180,24
I05180,O02798,P0360,2,31802,29
I05181,O01921,P0394,1,24154,13
I05182,O01328,P0160,3,36053,15
I05183,O00725,P0352,-5,2431,0
I05184,O04836,P0274,1,70762,33
I05185,O02350,P0408,3,97373,30
I05186,O01038,P0016,3,48866,25
I05187,O00770,P0212,1,94145,34
I05188,O02043,P0197,1,73388,24
I05189,O00142,P0351,5,86826,40
I05190,O00041,P0126,5,89645,30
I05191,O03949,P0095,4,41990,32
I05192,O01651,P0094,2,35445,26
I05193,O01268,P0478,5,95375,25
I05194,O04859,P0051,3,70077,39
I05195,O04287,P0249,1,40428,0
I05196,O04083,P0075,3,71727,14
I05197,O02899,P0265,5,26784,33
I05198,O00083,P0096,2,36205,37
I05199,O02886,P0141,3,40554,1
I05200,O03489,P0097,4,12030,11
I05201,O02992,P0269,2,76502,19
I05202,O00220,P0398,3,88179,27
I05203,O00138,P0072,5,81307,31
I05204,O04031,P0414,2,62533,29
I05205,O01987,P0310,3,55769,39
I05206,O01048,P0246,2,3680,7
I05207,O04827,P0244,2,37559,36
I05208,O02914,P0144,3,49066,30
I05209,O01551,P0151,3,18830,5
I05210,O01126,P0408,5,14457,2
I05211,O00364,P0379,3,45491,2
I05212,O02138,P0122,3,15379,17
I05213,O00609,P0398,5,18327,25
I05214,O03742,P0021,4,74940,9
I05215,O00752,P0032,4,75053,33
I05216,O02044,P0474,4,98771,12
I05217,O01107,P0019,2,51448,26
I05218,O01647,P0157,1,87149,35
I05219,O00980,P0316,1,70676,36
I05220,O01742,P0283,3,23389,26
I05221,O02544,P0368,1,47105,39
I05222,O00056,P0384,3,34237,21
I05223,O03851,P0221,4,22903,29
I05224,O04329,P0349,2,69625,20
I05225,O02317,P0473,2,32618,21
I05226,O02700,P0124,5,72232,39
I05227,O02237,P0475,5,22117,4
I05228,O02665,P0281,2,40744,30
I05229,O00302,P0473,5,18468,19
I05230,O00560,P0438,3,14020,29
I05231,O00623,P0156,4,38184,5
I05232,O04909,P0244,4,70102,4
I05233,O01875,P0298,5,45168,31
I05234,O02088,P0242,3,81032,30
I05235,O04979,P0031,1,16431,16
I05236,O03508,P0063,3,9057,10
I05237,O02118,P0021,3,32280,29
I05238,O03281,P0123,4,20140,19
I05239,O00324,P0300,4,19679,24
I05240,O04015,P0252,3,21057,26
I05241,O00162,P0343,2,78414,18
I05242,O04935,P0271,1,57180,19
I05243,O02406,P0138,2,45221,10
I05244,O04891,P0467,4,86668,15
I05245,O01086,P0150,4,34111,18
I05246,O03875,P0370,1,65500,3
I05247,O04049,P0246,2,86982,39
I05248,O02526,P0253,1,67393,1
I05249,O00922,P0055,1,90182,35
I05250,O02998,P0398,-2,51920,36
I05251,O02912,P0045,4,6968,19
I05252,O00744,P0115,5,99735,36
I05253,O01009,P0254,-3,892,10
I05254,O04404,P0106,5,93837,36
I05255,O03209,P0391,3,28445,13
I05256,O03698,P0357,4,81499,36
I05257,O03804,P0064,2,84942,5
I05258,O03961,P0072,3,98905,35
I05259,O04906,P0168,2,91118,23
I05260,O02039,P0402,5,70761,12
I05261,O00713,P0328,3,27032,1
I05262,O01337,P0185,1,11409,24
I05263,O04320,P0143,3,71353,16
I05264,O00373,P0485,1,27061,11
I05265,O02027,P0301,4,56782,20
I05266,O01550,P0397,2,40005,40
I05267,O01044,P0220,1,640,17
I05268,O02771,P0350,2,18478,21
I05269,O01138,P0258,2,83971,31
I05270,O01555,P0366,4,76073,22
I05271,O00347,P0471,4,59837,1
I05272,O04153,P0040,5,14171,21
I05273,O04707,P0469,4,20587,24
I05274,O01220,P0220,2,3555,32
I05275,O03750,P0450,3,87119,24
I05276,O00074,P0426,5,60938,34
I05277,O01425,P0381,2,18335,13
I05278,O02556,P0241,5,95337,38
I05279,O04820,P0266,4,59232,0
I05280,O04237,P0180,1,69090,18
I05281,O04913,P0075,1,18520,33
I05282,O00574,P0345,-4,22451,26
I05283,O04128,P0431,5,36270,32
I05284,O01909,P0151,3,17039,22
I05285,O01652,P0210,4,93777,22
I05286,O02747,P0191,3,71356,22
I05287,O03139,P0151,1,24336,34
I05288,O03966,P0259,4,75988,27
I05289,O03978,P0477,4,84799,7
I05290,O03694,P0496,2,96342,29
I05291,O01019,P0356,2,16185,37
I05292,O03104,P0047,5,93028,27
I05293,O03869,P0044,3,52509,11
I05294,O04902,P0150,2,95488,10
I05295,O03464,P0007,2,38813,31
I05296,O04848,P0131,2,31455,34
I05297,O00992,P0337,3,76210,39
I05298,O02579,P0271,5,30444,16
I05299,O04276,P0095,1,59897,24
I05300,O01959,P0129,4,47956,29
I05301,O01673,P0125,2,54675,27
I05302,O03458,P0187,1,17727,4
I05303,O00156,P0133,3,21277,7
I05304,O00666,P0170,5,39235,22
I05305,O00137,P0335,1,27543,11
I05306,O00411,P0280,2,88290,20
I05307,O04269,P0074,5,28962,25
I05308,O03196,P0498,2,8261,9
I05309,O04805,P0472,3,64765,35
I05310,O04325,P0119,4,77830,26
I05311,O02987,P0452,4,89411,33
I05312,O00590,P0438,4,92807,4
I05313,O02161,P0468,1,64696,2
I05314,O02639,P0073,5,16665,13
I05315,O01432,P0334,4,50873,30
I05316,O03762,P0228,5,24440,24
I05317,O03752,P0390,3,53293,36
I05318,O02559,P0300,3,73674,11
I05319,O02831,P0240,4,86715,32
I05320,O01043,P0351,5,10946,10
I05321,O04860,P0412,4,50761,3
I05322,O04613,P0205,2,2562,31
I05323,O02080,P0004,2,79136,1
I05324,O01410,P0026,4,48477,0
I05325,O00527,P0494,5,93092,12
I05326,O01919,P0463,4,86650,22
I05327,O02560,P0335,4,71788,11
I05328,O00186,P0158,1,84415,2
I05329,O02336,P0360,4,71912,30
I05330,O01434,P0463,1,9349,0
I05331,O01752,P0486,1,32687,39
I05332,O04965,P0497,4,16971,8
I05333,O02947,P0007,2,86065,37
I05334,O04719,P0466,5,15695,38
I05335,O01843,P0192,4,20948,17
I05336,O04866,P0037,2,77004,2
I05337,O02345,P0412,2,81164,8
I05338,O02012,P0475,1,43526,26
I05339,O03654,P0461,2,2319,31
I05340,O04614,P0131,-3,2020,32
I05341,O00896,P0449,5,16698,36
I05342,O00137,P0274,4,92012,35
I05343,O00721,P0440,4,42776,25
I05344,O04059,P0372,4,49614,7
I05345,O03071,P0336,2,50633,3
I05346,O03307,P0432,3,71004,25
I05347,O00640,P0079,5,49516,13
I05348,O02190,P0430,5,42846,30
I05349,O03751,P0154,3,83824,24
I05350,O04961,P0324,5,77446,13
I05351,O03624,P0067,5,65126,14
I05352,O00185,P0138,5,67738,7
I05353,O02225,P0078,4,84449,33
I05354,O01742,P0066,3,58973,9
I05355,O00100,P0145,2,51806,16
I05356,O04700,P0003,4,77926,0
I05357,O03173,P0055,5,81902,19
I05358,O03861,P0331,1,66862,18
I05359,O00737,P0036,3,63310,7
I05360,O01471,P0168,2,50497,11
I05361,O02443,P0243,5,76627,4
I05362,O00304,P0116,5,96611,13
I05363,O02203,P0239,-4,45027,9
I05364,O01879,P0393,3,33398,14
I05365,O04862,P0028,3,5975,35
I05366,O04054,P0316,1,69183,17
I05367,O03126,P0210,5,53238,25
I05368,O04443,P0297,1,26396,33
I05369,O01027,P0151,3,27211,29
I05370,O02807,P0010,1,5586,31
I05371,O01690,P0457,1,20512,30
I05372,O03667,P0456,4,46274,12
I05373,O04552,P0477,3,26761,33
I05374,O02360,P0210,2,55015,40
I05375,O00748,P0198,1,15782,0
I05376,O01586,P0370,5,89752,0
I05377,O02377,P0007,2,60071,29
I05378,O01936,P0201,3,51056,5
I05379,O02522,P0493,4,5708,3
I05380,O01489,P0286,5,78523,39
I05381,O02935,P0207,1,7399,2
I05382,O00769,P0351,1,3124,13
I05383,O00685,P0498,4,5887,37
I05384,O01801,P0302,2,12472,28
I05385,O04505,P0029,5,33813,28
I05386,O02652,P0098,4,99599,9
I05387,O04898,P0200,-5,74300,0
I05388,O02322,P0121,5,20235,2
I05389,O00011,P0032,1,92641,30
I05390,O04923,P0022,1,87613,37
I05391,O01501,P0134,4,29268,22
I05392,O00006,P0112,5,20502,15
I05393,O01747,P0487,2,6584,18
I05394,O03738,P0250,4,67226,28
I05395,O00640,P0320,2,9331,27
I05396,O00743,P0454,2,32551,0
I05397,O00076,P0377,5,91778,28
I05398,O02777,P0060,5,10663,23
I05399,O04303,P0248,3,56175,3
I05400,O02936,P0226,1,61518,33
I05401,O01159,P0358,1,15788,26
I05402,O04709,P0425,2,87735,13
I05403,O01511,P0425,3,93566,1
I05404,O02732,P0101,2,65863,26
I05405,O02112,P0330,2,22426,25
I05406,O03112,P0433,2,82954,9
I05407,O00736,P0030,3,79067,38
I05408,O00517,P0310,1,89067,7
I05409,O01323,P0066,5,7233,13
I05410,O03949,P0185,4,56817,17
I05411,O02491,P0471,1,25554,22
I05412,O04669,P0185,2,62564,10
I05413,O02606,P0041,2,89642,3
I05414,O04176,P0304,4,8989,7
I05415,O03948,P0266,4,76626,24
I05416,O02225,P0184,-4,32957,9
I05417,O04325,P0138,1,70390,17
I05418,O00772,P0325,4,42593,5
I05419,O04098,P0019,3,67412,25
I05420,O00421,P0292,3,83222,5
I05421,O02758,P0397,2,57981,39
I05422,O03951,P0331,1,67276,5
I05423,O00796,P0434,1,42306,37
I05424,O04726,P0362,1,64713,4
I05425,O02281,P0259,5,50436,34
I05426,O00664,P0034,1,27247,13
I05427,O01199,P0333,2,53917,23
I05428,O02639,P0120,3,12477,3
I05429,O01288,P0431,4,8203,6
I05430,O00933,P0285,3,50247,1
I05431,O02658,P0306,5,63436,0
I05432,O04441,P0106,5,88865,3
I05433,O04763,P0135,4,87850,32
I05434,O02981,P0178,1,12884,12
I05435,O00372,P0401,2,65484,4
I05436,O02142,P0019,1,52826,11
I05437,O01168,P0341,4,2049,10
I05438,O03959,P0448,2,86003,6
I05439,O00784,P0112,2,59399,39
I05440,O03191,P0203,4,20792,36
I05441,O03239,P0304,5,77462,5
I05442,O00409,P0219,2,4579,33
I05443,O01119,P0353,4,91044,22
I05444,O01927,P0325,1,60643,4
I05445,O00752,P0366,3,46554,14
I05446,O00372,P0071,3,78649,25
I05447,O00168,P0459,5,75504,37
I05448,O03183,P0246,3,49140,5
I05449,O02843,P0171,4,82362,23
I05450,O01552,P0045,5,48217,10
I05451,O03968,P0205,-2,97731,21
I05452,O00676,P0057,4,31864,33
I05453,O00048,P0229,1,27180,13
I05454,O01056,P0191,2,46894,33
I05455,O01201,P0417,3,84064,31
I05456,O01942,P0004,2,8811,35
I05457,O04199,P0161,5,65375,19
I05458,O01304,P0346,3,70734,14
I05459,O00596,P0360,4,22826,37
I05460,O04093,P0432,4,98558,28
I05461,O02507,P0159,1,32549,21
I05462,O01755,P0139,2,54110,31
I05463,O00040,P0274,1,79173,33
I05464,O04512,P0490,5,48391,31
I05465,O03354,P0039,2,79605,28
I05466,O00445,P0119,5,96291,3
I05467,O01875,P0466,5,62536,8
I05468,O04716,P0043,1,43528,35
I05469,O01147,P0057,3,77852,12
I05470,O00152,P0162,2,3385,39
I05471,O03792,P0477,3,80079,22
I05472,O02326,P0385,5,88983,22
I05473,O00100,P0158,1,54466,37
I05474,O03066,P0340,4,37073,6
I05475,O03763,P0479,2,62831,4
I05476,O01053,P0052,5,36446,19
I05477,O00458,P0451,2,24140,37
I05478,O04825,P0386,3,80497,40
I05479,O03673,P0050,3,10592,9
I05480,O00025,P0429,-3,35314,14
I05481,O04685,P0157,-2,2103,36
I05482,O01817,P0250,4,85702,16
I05483,O02870,P0101,3,98592,34
I05484,O03974,P0003,2,7521,40
I05485,O03752,P0393,2,54910,7
I05486,O00964,P0234,5,25469,24
I05487,O01087,P0255,-2,51643,13
I05488,O03481,P0252,3,34825,13
I05489,O02099,P0150,2,22224,25
I05490,O04671,P0145,1,94956,29
I05491,O02928,P0318,2,37162,9
I05492,O02868,P0381,5,32885,4
I05493,O03772,P0426,5,74780,28
I05494,O01755,P0059,3,46650,26
I05495,O01219,P0387,-2,78508,22
I05496,O04311,P0200,3,79629,39
I05497,O04909,P0423,1,15431,26
I05498,O02459,P0344,3,89915,35
I05499,O02264,P0458,2,37643,25
I05500,O02162,P0040,4,58693,37
I05501,O01780,P0341,5,52365,30
I05502,O02609,P0295,4,25468,40
I05503,O00789,P0321,2,47106,3
I05504,O00160,P0325,5,23925,0
I05505,O03955,P0312,5,34495,16
I05506,O02650,P0448,2,31351,32
I05507,O03282,P0144,5,11944,12
I05508,O02883,P0361,3,48267,36
I05509,O02429,P0394,5,70949,9
I05510,O02725,P0374,5,49602,21
I05511,O00203,P0490,-4,54630,22
I05512,O02197,P0384,2,14516,7
I05513,O04850,P0469,2,4500,30
I05514,O02370,P0324,3,14045,13
I05515,O01385,P0426,1,90069,22
I05516,O01298,P0379,1,89681,32
I05517,O02034,P0177,2,18229,17
I05518,O00013,P0070,4,69273,5
I05519,O04515,P0257,4,65079,7
I05520,O04163,P0369,2,46082,26
I05521,O04518,P0459,1,89909,12
I05522,O02651,P0433,1,20890,31
I05523,O04636,P0406,1,58560,0
I05524,O02925,P0106,4,65162,0
I05525,O01365,P0162,4,65011,2
I05526,O01569,P0471,1,36577,26
I05527,O03450,P0229,4,26232,15
I05528,O01670,P0159,3,33430,5
I05529,O03081,P0407,3,51723,6
I05530,O03566,P0084,3,17553,8
I05531,O01486,P0088,1,4789,9
I05532,O01679,P0364,2,12768,19
I05533,O03833,P0036,3,72432,25
I05534,O01986,P0336,2,21466,18
I05535,O04199,P0331,1,49697,23
I05536,O01236,P0388,2,55112,18
I05537,O01296,P0110,1,77079,28
I05538,O01527,P0292,4,64113,4
I05539,O04123,P0344,1,80890,2
I05540,O03388,P0404,5,24914,31
I05541,O02737,P0213,4,21947,6
I05542,O00755,P0224,2,77572,35
I05543,O03216,P0092,3,39199,26
I05544,O02828,P0338,2,94328,19
I05545,O03352,P0372,3,50852,13
I05546,O02046,P0340,3,36703,19
I05547,O03250,P0130,1,46135,4
I05548,O02559,P0146,4,5697,30
I05549,O00327,P0364,4,87217,23
I05550,O04165,P0158,5,7641,34
I05551,O04690,P0389,2,54681,34
I05552,O02645,P0018,5,74646,10
I05553,O03529,P0256,4,61478,6
I05554,O03656,P0445,5,78485,18
I05555,O00653,P0055,5,32288,27
I05556,O00626,P0308,4,97015,27
I05557,O03600,P0124,5,5287,12
I05558,O03461,P0316,4,41556,18
I05559,O02621,P0278,1,13424,35
I05560,O00886,P0060,2,72164,36
I05561,O02043,P0051,-1,17613,24
I05562,O01006,P0004,4,27808,11
I05563,O02357,P0325,-2,76825,16
I05564,O00974,P0232,2,29101,25
I05565,O02949,P0073,3,1671,14
I05566,O01033,P0028,1,70765,23
I05567,O00484,P0159,2,28646,10
I05568,O01102,P0213,5,88049,28
I05569,O04773,P0099,5,37815,34
I05570,O03011,P0460,1,41356,15
I05571,O04485,P0262,2,38365,35
I05572,O03909,P0464,1,92410,24
I05573,O01879,P0178,4,686,1
I05574,O00234,P0232,2,92782,24
I05575,O01828,P0237,3,22457,7
I05576,O00528,P0131,1,4730,20
I05577,O01158,P0499,2,21153,38
I05578,O04376,P0005,1,23060,0
I05579,O03508,P0048,1,63028,13
I05580,O00343,P0425,1,20761,2
I05581,O01036,P0500,-3,27402,35
I05582,O04771,P0341,-1,20855,10
I05583,O02299,P0425,1,39058,29
I05584,O02689,P0221,5,94518,38
I05585,O01803,P0094,1,871,39
I05586,O03769,P0394,2,64982,37
I05587,O02547,P0375,1,93674,25
I05588,O03686,P0283,4,73472,8
I05589,O02443,P0064,4,80826,29
I05590,O00932,P0369,4,53478,6
I05591,O04359,P0305,2,32903,4
I05592,O03400,P0087,1,43962,2
I05593,O04362,P0221,2,53263,11
I05594,O02994,P0123,4,4441,8
I05595,O03096,P0147,3,27322,30
I05596,O04376,P0452,2,31855,9
I05597,O01929,P0281,5,16705,1
I05598,O02640,P0483,2,33342,21
I05599,O03793,P0492,4,21638,39
I05600,O00844,P0313,3,87348,3
I05601,O04683,P0260,3,77728,8
I05602,O04308,P0366,3,37898,5
I05603,O03192,P0081,1,76050,38
I05604,O03896,P0203,2,64974,37
I05605,O00883,P0205,5,71709,34
I05606,O01526,P0171,-2,86826,39
I05607,O03431,P0059,5,4178,34
I05608,O02810,P0467,5,28264,32
I05609,O02245,P0384,3,27174,20
I05610,O02623,P0049,5,79145,37
I05611,O03093,P0374,5,14437,33
I05612,O04033,P0073,3,16570,9
I05613,O02937,P0078,3,30702,24
I05614,O04410,P0066,5,39915,10
I05615,O04207,P0433,4,69456,23
I05616,O01753,P0400,4,25571,14
I05617,O04992,P0352,-2,20550,35
I05618,O04384,P0148,5,6079,33
I05619,O02313,P0198,4,29469,21
I05620,O03187,P0498,2,75006,15
I05621,O01996,P0087,3,31042,28
I05622,O01352,P0286,4,79793,36
I05623,O01542,P0489,4,81129,16
I05624,O03786,P0038,5,56900,17
I05625,O04005,P0049,1,40964,30
I05626,O00960,P0396,1,51926,32
I05627,O01914,P0213,5,39716,31
I05628,O01636,P0013,2,67585,39
I05629,O01459,P0240,5,94105,18
I05630,O00850,P0387,3,29033,23
I05631,O04880,P0439,1,83323,31
I05632,O03293,P0113,4,60907,11
I05633,O04485,P0351,4,4483,1
I05634,O04331,P0154,1,23322,18
I05635,O00171,P0356,2,67176,15
I05636,O04827,P0156,3,68552,17
I05637,O04530,P0482,1,47910,39
I05638,O00022,P0173,3,43895,31
I05639,O02711,P0110,5,4317,35
I05640,O04861,P0061,5,25531,8
I05641,O03447,P0241,5,21950,35
I05642,O04011,P0387,5,68069,28
I05643,O02036,P0057,5,63495,3
I05644,O02550,P0296,2,14726,40
I05645,O03860,P0484,4,25502,2
I05646,O03045,P0429,3,56142,11
I05647,O02755,P0385,5,4367,8
I05648,O01998,P0048,3,3465,31
I05649,O02575,P0082,4,29154,21
I05650,O02448,P0018,3,31619,28
I05651,O02324,P0497,2,87930,7
I05652,O03729,P0150,4,61579,39
I05653,O02354,P0091,1,97284,19
I05654,O00616,P0100,3,65607,5
I05655,O03319,P0006,4,24625,27
I05656,O03029,P0041,4,99475,13
I05657,O00022,P0161,1,24339,16
I05658,O00190,P0053,3,64347,2
I05659,O04448,P0498,5,87562,24
I05660,O03851,P0464,4,79867,11
I05661,O02046,P0439,4,79259,30
I05662,O02347,P0150,4,45387,23
I05663,O01638,P0493,2,60417,1
I05664,O02257,P0387,3,52479,4
I05665,O01349,P0153,4,58338,15
I05666,O03889,P0418,4,74034,25
I05667,O00013,P0021,3,53469,13
I05668,O02708,P0234,1,39061,14
I05669,O00160,P0119,5,26169,11
I05670,O01954,P0397,1,40626,31
I05671,O03623,P0142,1,36531,40
I05672,O02401,P0368,2,64698,39
I05673,O03587,P0485,2,5687,19
I05674,O00027,P0351,3,92403,0
I05675,O02876,P0196,2,8264,35
I05676,O01116,P0010,2,89399,2
I05677,O00727,P0206,4,20896,9
I05678,O04295,P0119,4,57374,1
I05679,O04060,P0042,3,78540,36
I05680,O02021,P0129,3,18135,1
I05681,O03279,P0366,3,52672,0
I05682,O02260,P0252,5,7940,3
I05683,O03205,P0070,1,8399,15
I05684,O00496,P0494,2,9086,13
I05685,O03162,P0473,2,47085,22
I05686,O01920,P0346,4,11830,6
I05687,O00600,P0395,3,37729,15
I05688,O04235,P0411,1,14104,17
I05689,O00448,P0067,4,12245,14
I05690,O03513,P0066,2,54936,19
I05691,O00567,P0131,4,13038,6
I05692,O00389,P0274,5,34350,16
I05693,O03202,P0405,4,70095,34
I05694,O01650,P0305,3,80313,3
I05695,O03202,P0277,1,75528,14
I05696,O04942,P0160,3,19443,15
I05697,O03959,P0386,-5,28981,34
I05698,O04304,P0397,2,16221,36
I05699,O04201,P0021,1,42659,7
I05700,O02262,P0375,2,97726,8
I05701,O04498,P0001,1,99437,36
I05702,O02181,P0244,1,27941,25
I05703,O02959,P0032,5,77941,3
I05704,O04830,P0228,-4,90802,31
I05705,O04846,P0023,1,33038,19
I05706,O02226,P0091,2,28457,12
I05707,O02471,P0317,5,49054,26
I05708,O00415,P0124,3,9349,15
I05709,O04867,P0488,1,89290,6
I05710,O00376,P0150,2,65353,17
I05711,O03392,P0476,2,93517,9
I05712,O02251,P0113,3,74854,24
I05713,O00546,P0229,1,56471,5
I05714,O00871,P0433,3,69729,13
I05715,O03442,P0056,4,30948,31
I05716,O01861,P0048,2,20627,15
I05717,O04640,P0447,3,4310,8
I05718,O03160,P0308,2,3679,9
I05719,O04345,P0377,5,98523,22
I05720,O03333,P0029,4,78325,4
I05721,O03033,P0455,3,30688,20
I05722,O04880,P0191,3,61659,34
I05723,O00300,P0298,5,35834,31
I05724,O01067,P0419,3,6995,16
I05725,O01357,P0479,3,13090,12
I05726,O03241,P0333,3,99909,40
I05727,O02583,P0049,3,9231,1
I05728,O03503,P0448,3,26542,0
I05729,O02725,P0183,3,79231,27
I05730,O01319,P0126,5,86206,40
I05731,O04433,P0039,5,60300,14
I05732,O03567,P0113,5,97947,16
I05733,O01743,P0379,3,49228,24
I05734,O00345,P0146,2,58528,23
I05735,O01362,P0229,2,69470,17
I05736,O00447,P0403,1,43633,23
I05737,O02399,P0297,3,1604,7
I05738,O03302,P0366,1,97835,23
I05739,O01068,P0232,1,67966,14
I05740,O03099,P0343,2,68404,23
I05741,O03417,P0413,4,25433,31
I05742,O03216,P0432,3,42181,19
I05743,O00977,P0347,4,740,38
I05744,O03207,P0471,2,97709,1
I05745,O02856,P0263,4,85105,4
I05746,O03293,P0092,3,62176,6
I05747,O03222,P0082,4,42351,27
I05748,O04102,P0005,5,15676,4
I05749,O00148,P0364,1,90626,1
I05750,O01200,P0360,1,91907,2
I05751,O02142,P0459,3,60790,17
I05752,O02440,P0223,3,6521,13
I05753,O03406,P0028,2,95722,18
I05754,O03803,P0340,4,47518,36
I05755,O01503,P0089,5,77754,24
I05756,O02809,P0359,1,1056,5
I05757,O02618,P0072,5,14536,10
I05758,O03090,P0024,1,89556,6
I05759,O01683,P0247,3,75099,23
I05760,O00614,P0494,2,38476,28
I05761,O02612,P0434,1,46425,18
I05762,O01801,P0344,1,45485,8
I05763,O02870,P0004,5,22513,31
I05764,O02820,P0085,4,3628,19
I05765,O00728,P0326,-3,56695,40
I05766,O04342,P0434,1,30539,10
I05767,O01937,P0065,2,31728,32
I05768,O00801,P0158,5,15051,31
I05769,O02022,P0100,1,52302,23
I05770,O01254,P0344,4,35400,37
I05771,O03956,P0007,3,51506,12
I05772,O00961,P0231,1,20645,35
I05773,O01384,P0289,4,46600,3
I05774,O01777,P0221,-1,20141,3
I05775,O01305,P0386,4,69809,19
I05776,O01037,P0328,5,43148,15
I05777,O02641,P0440,5,19519,23
I05778,O03408,P0093,1,59207,33
I05779,O00437,P0057,2,23489,27
I05780,O02157,P0493,2,68821,16
I05781,O03703,P0142,5,2549,38
I05782,O04656,P0491,4,94113,17
I05783,O03757,P0337,3,66699,29
I05784,O00976,P0338,1,82393,33
I05785,O02828,P0152,2,2670,11
I05786,O04508,P0126,-1,62676,3
I05787,O04473,P0169,2,20859,22
I05788,O00006,P0318,1,18448,9
I05789,O01944,P0237,4,59569,40
I05790,O04682,P0065,4,28046,8
I05791,O04360,P0295,3,2552,13
I05792,O00921,P0097,1,5456,33
I05793,O00160,P0139,4,47035,23
I05794,O02884,P0498,1,69950,17
I05795,O03882,P0011,4,68649,17
I05796,O01641,P0387,4,11496,18
I05797,O01995,P0161,2,66124,5
I05798,O01480,P0232,4,68630,24
I05799,O04736,P0073,2,11600,33
I05800,O04560,P0066,3,85381,14
I05801,O02385,P0245,1,87113,2
I05802,O03305,P0015,-4,81520,26
I05803,O04027,P0466,5,52288,1
I05804,O01386,P0140,5,24972,37
I05805,O02720,P0260,3,99676,32
I05806,O01782,P0322,1,91016,40
I05807,O03141,P0074,3,86960,28
I05808,O00889,P0188,4,35194,27
I05809,O03264,P0440,2,68146,27
I05810,O03769,P0262,2,50343,8
I05811,O03414,P0183,3,3423,31
I05812,O01275,P0495,5,25161,23
I05813,O02637,P0146,4,48603,26
I05814,O00754,P0150,5,69644,36
I05815,O01348,P0080,4,7027,7
I05816,O03804,P0281,5,27585,16
I05817,O01312,P0030,4,98829,7
I05818,O02088,P0487,2,20254,0
I05819,O00297,P0082,2,40939,19
I05820,O00332,P0341,2,61959,38
I05821,O01786,P0088,2,25544,24
I05822,O02139,P0396,2,87098,5
I05823,O04985,P0080,2,87472,14
I05824,O01826,P0246,1,74578,27
I05825,O03068,P0313,3,42965,8
I05826,O02490,P0038,1,27658,11
I05827,O00531,P0093,2,72054,7
I05828,O03201,P0049,4,31276,37
I05829,O04034,P0364,3,56719,34
I05830,O02158,P0288,1,34979,1
I05831,O01024,P0028,2,78519,36
I05832,O03902,P0176,2,41433,16
I05833,O04571,P0179,3,80735,12
I05834,O04538,P0125,2,3362,38
I05835,O01417,P0363,4,50371,14
I05836,O02518,P0281,4,2093,17
I05837,O02010,P0360,1,54951,10
I05838,O04560,P0227,3,30807,20
I05839,O03213,P0358,1,2250,4
I05840,O03030,P0430,4,26451,3
I05841,O03418,P0426,1,12879,0
I05842,O03552,P0244,3,11121,12
I05843,O03666,P0358,-4,12288,3
I05844,O04267,P0101,4,7870,24
I05845,O04051,P0215,1,2181,38
I05846,O00667,P0341,4,27446,17
I05847,O02568,P0464,5,32341,20
I05848,O02706,P0465,1,12703,33
I05849,O01675,P0208,2,22620,19
I05850,O03901,P0111,3,39793,25
I05851,O00734,P0237,2,39469,14
I05852,O01665,P0147,4,20289,33
I05853,O03350,P0107,3,82462,27
I05854,O03615,P0116,4,93690,18
I05855,O02097,P0101,2,9368,38
I05856,O04727,P0360,2,32199,2
I05857,O03374,P0238,3,29800,8
I05858,O03926,P0273,4,34212,12
I05859,O02256,P0488,4,76914,27
I05860,O03690,P0007,5,52773,4
I05861,O00842,P0498,2,96343,39
I05862,O00596,P0289,4,15409,29
I05863,O00840,P0070,5,56064,15
I05864,O01753,P0323,1,34180,23
I05865,O00952,P0471,3,63353,4
I05866,O03647,P0170,3,74036,26
I05867,O00594,P0142,3,93511,24
I05868,O04756,P0475,4,26410,11
I05869,O00906,P0181,1,23106,14
I05870,O00473,P0175,4,54285,20
I05871,O04875,P0424,4,23293,22
I05872,O02508,P0362,2,92182,18
I05873,O01381,P0447,3,94278,38
I05874,O04877,P0440,4,31063,21
I05875,O02998,P0493,2,29594,6
I05876,O01734,P0063,3,56536,8
I05877,O00685,P0246,5,48125,31
I05878,O01744,P0045,3,34879,10
I05879,O02287,P0436,4,2228,12
I05880,O01579,P0357,3,86176,8
I05881,O02149,P0381,3,76863,4
I05882,O04850,P0168,5,57579,33
I05883,O03281,P0377,4,42048,33
I05884,O03540,P0360,5,3614,26
I05885,O03311,P0040,5,61482,7
I05886,O04483,P0096,2,8632,24
I05887,O04307,P0271,5,74676,36
I05888,O03211,P0300,5,56585,29
I05889,O04261,P0183,2,70193,35
I05890,O00368,P0344,1,14541,38
I05891,O01834,P0411,4,78654,31
I05892,O01961,P0495,4,60801,20
I05893,O03295,P0104,2,97695,9
I05894,O01033,P0248,5,99461,6
I05895,O03218,P0383,3,28913,30
I05896,O04161,P0200,2,61721,32
I05897,O02969,P0196,3,72291,31
I05898,O03867,P0447,1,32648,7
I05899,O01395,P0457,2,48822,11
I05900,O01042,P0385,2,66603,23
I05901,O02143,P0296,3,99751,15
I05902,O04534,P0126,3,74717,13
I05903,O00296,P0167,1,53435,37
I05904,O00164,P0030,5,33476,6
I05905,O03503,P0467,4,90408,40
I05906,O04276,P0151,5,59933,8
I05907,O03986,P0167,4,77888,26
I05908,O00925,P0496,2,94102,9
I05909,O03011,P0428,4,68956,22
I05910,O04742,P0160,3,67483,15
I05911,O02824,P0050,3,19713,20
I05912,O00902,P0070,1,52496,20
I05913,O02639,P0374,1,94865,0
I05914,O02846,P0118,1,99243,4
I05915,O04946,P0307,3,30219,27
I05916,O04545,P0240,3,29901,3
I05917,O00312,P0202,5,64891,19
I05918,O00064,P0345,2,16568,22
I05919,O02691,P0339,2,86901,24
I05920,O02515,P0014,5,84217,17
I05921,O02988,P0325,5,18343,39
I05922,O02949,P0254,4,64866,2
I05923,O04451,P0282,1,92651,35
I05924,O01213,P0411,1,93343,37
I05925,O03954,P0039,4,18483,25
I05926,O02185,P0217,5,92743,5
I05927,O00959,P0256,1,86282,24
I05928,O01774,P0077,3,15047,14
I05929,O00781,P0353,-3,72462,15
I05930,O02391,P0445,3,93159,26
I05931,O02053,P0380,2,46944,34
I05932,O04328,P0227,5,89521,40
I05933,O03433,P0125,3,37836,27
I05934,O02081,P0142,3,44131,25
I05935,O04250,P0108,2,97358,28
I05936,O00547,P0323,5,88410,17
I05937,O01552,P0310,5,47616,10
I05938,O00903,P0126,1,69582,16
I05939,O02146,P0074,3,29046,9
I05940,O00784,P0155,5,25978,38
I05941,O01958,P0377,1,59735,27
I05942,O01358,P0494,-5,98394,27
I05943,O04617,P0166,2,82023,9
I05944,O04952,P0070,1,94674,24
I05945,O02664,P0497,4,83826,18
I05946,O03196,P0461,2,729,5
I05947,O00188,P0214,1,9322,24
I05948,O03574,P0097,2,44191,33
I05949,O01265,P0359,4,17428,3
I05950,O02925,P0212,5,90882,18
I05951,O03351,P0023,5,88565,40
I05952,O01342,P0440,4,48599,13
I05953,O03440,P0123,2,99865,24
I05954,O00410,P0421,-5,52001,24
I05955,O04475,P0064,2,20548,0
I05956,O03676,P0005,1,88834,21
I05957,O03025,P0275,2,39973,2
I05958,O00359,P0388,5,37915,29
I05959,O04071,P0390,5,67567,29
I05960,O00497,P0412,1,39243,33
I05961,O04296,P0291,5,52813,19
I05962,O04172,P0319,3,31039,18
I05963,O04105,P0135,2,12493,19
I05964,O04115,P0454,5,23128,3
I05965,O04250,P0111,1,5576,6
I05966,O00357,P0456,4,14039,7
I05967,O00666,P0039,5,49790,32
I05968,O04938,P0431,3,84188,35
I05969,O00058,P0365,1,43002,6
I05970,O00956,P0360,4,50495,27
I05971,O02499,P0428,1,24641,21
I05972,O02144,P0130,3,98859,0
I05973,O03128,P0189,3,25645,12
I05974,O01713,P0499,2,32240,18
I05975,O01152,P0003,4,86734,6
I05976,O01274,P0087,3,74946,33
I05977,O01668,P0209,3,42187,24
I05978,O04612,P0262,3,20397,5
I05979,O04695,P0156,4,83144,24
I05980,O02108,P0308,3,74587,30
I05981,O03853,P0360,5,99732,24
I05982,O00298,P0376,5,87137,35
I05983,O01949,P0480,1,28120,23
I05984,O02342,P0154,1,57056,32
I05985,O02275,P0385,3,3794,15
I05986,O00211,P0484,2,26522,22
I05987,O04876,P0452,3,98271,4
I05988,O02446,P0070,2,30192,21
I05989,O04711,P0436,1,40000,25
I05990,O02041,P0064,5,8132,26
I05991,O03709,P0389,4,38571,33
I05992,O01587,P0359,4,39539,35
I05993,O04124,P0311,1,2610,10
I05994,O03236,P0174,1,26988,7
I05995,O03600,P0113,4,93957,40
I05996,O03191,P0442,2,71396,8
I05997,O02130,P0392,4,15177,2
I05998,O04378,P0210,4,38011,38
I05999,O04283,P0064,1,59779,38
I06000,O02237,P0462,4,66041,4
I06001,O01594,P0391,3,5828,27
I06002,O03280,P0262,5,21189,32
I06003,O04312,P0002,2,18578,3
I06004,O01201,P0474,1,32969,22
I06005,O03775,P0460,4,85219,27
I06006,O04160,P0022,5,49457,38
I06007,O01546,P0254,2,61218,11
I06008,O02591,P0315,4,82664,15
I06009,O00779,P0049,3,76004,21
I06010,O03630,P0080,3,76368,12
I06011,O01140,P0155,2,10159,36
I06012,O00602,P0315,5,3981,14
I06013,O04429,P0384,4,1791,16
I06014,O04781,P0261,4,12655,10
I06015,O03736,P0104,1,74533,20
I06016,O03167,P0444,5,33886,16
I06017,O04756,P0378,3,12871,8
I06018,O04592,P0438,5,4254,1
I06019,O00531,P0043,2,42771,4
I06020,O02298,P0458,5,43842,10
I06021,O01750,P0119,-5,61278,31
I06022,O00975,P0373,2,6419,25
I06023,O00424,P0029,2,73808,13
I06024,O03392,P0128,2,31081,40
I06025,O00856,P0273,3,23133,6
I06026,O00670,P0186,3,9010,19
I06027,O04284,P0212,4,7362,31
I06028,O02347,P0437,1,80781,9
I06029,O04593,P0154,4,13603,0
I06030,O00814,P0050,4,50703,38
I06031,O00432,P0254,3,3786,17
I06032,O02352,P0137,3,74991,24
I06033,O00242,P0133,3,25533,1
I06034,O04756,P0068,3,77549,35
I06035,O01664,P0070,1,54968,3
I06036,O00551,P0348,5,21509,24
I06037,O04049,P0139,2,17850,38
I06038,O01080,P0482,4,63727,40
I06039,O04887,P0118,3,46771,3
I06040,O01878,P0436,5,7719,15
I06041,O00335,P0211,4,82970,18
I06042,O00862,P0019,4,79089,15
I06043,O04030,P0063,3,19351,21
I06044,O02841,P0453,5,80389,1
I06045,O03753,P0379,1,45150,20
I06046,O03532,P0293,2,85962,33
I06047,O04460,P0093,2,81363,20
I06048,O03948,P0437,1,89212,11
I06049,O04252,P0414,1,39064,39
I06050,O03332,P0296,2,16705,40
I06051,O02173,P0375,2,31247,7
I06052,O04654,P0174,4,93111,24
I06053,O04197,P0029,2,15657,11
I06054,O03953,P0134,-5,96329,15
I06055,O02874,P0233,4,41919,5
I06056,O00767,P0134,4,97219,33
I06057,O04498,P0295,1,39849,30
I06058,O00494,P0101,1,55143,9
I06059,O04525,P0248,1,9842,7
I06060,O04011,P0412,2,30053,31
I06061,O03614,P0019,5,63953,19
I06062,O03981,P0163,2,74507,36
I06063,O00790,P0053,2,1498,9
I06064,O03497,P0171,3,45709,34
I06065,O04931,P0184,3,52682,5
I06066,O00971,P0236,4,88689,13
I06067,O02539,P0355,2,45108,9
I06068,O03828,P0067,5,58037,29
I06069,O03758,P0202,4,51555,26
I06070,O01144,P0389,3,73976,33
I06071,O02015,P0382,3,54259,34
I06072,O00208,P0423,3,3232,16
I06073,O04041,P0249,5,73311,11
I06074,O03354,P0297,3,49561,34
I06075,O00305,P0361,1,73467,37
I06076,O02491,P0211,5,97015,15
I06077,O02335,P0376,5,93685,13
I06078,O03612,P0381,1,17309,37
I06079,O04924,P0439,5,90753,33
I06080,O01953,P0148,2,72286,35
I06081,O01701,P0120,2,36431,39
I06082,O00578,P0066,5,92913,9
I06083,O01430,P0326,1,81940,33
I06084,O00615,P0156,5,5532,1
I06085,O00167,P0424,5,606,6
I06086,O01263,P0382,1,14125,25
I06087,O00845,P0313,2,30484,28
I06088,O04367,P0394,2,56293,29
I06089,O04819,P0160,5,9369,37
I06090,O03765,P0477,1,73362,26
I06091,O04877,P0475,3,20024,8
I06092,O00214,P0355,5,66137,32
I06093,O00085,P0434,3,93636,30
I06094,O03015,P0464,2,45758,36
I06095,O01424,P0389,5,26495,17
I06096,O04016,P0119,4,20456,28
I06097,O00071,P0100,1,20887,25
I06098,O02008,P0136,1,10817,21
I06099,O02291,P0108,1,28845,15
I06100,O03261,P0025,4,83551,32
I06101,O01424,P0209,3,80050,26
I06102,O03436,P0278,1,23778,36
I06103,O00618,P0372,5,14898,16
I06104,O01502,P0158,2,26847,30
I06105,O04172,P0397,2,15042,0
I06106,O03270,P0482,1,41266,20
I06107,O02964,P0294,1,28486,29
I06108,O01768,P0477,1,11479,6
I06109,O02240,P0043,4,18265,5
I06110,O01851,P0292,3,41501,38
I06111,O01881,P0060,1,58227,15
I06112,O01644,P0084,4,80021,13
I06113,O03968,P0459,2,13211,3
I06114,O03732,P0033,1,3747,8
I06115,O04440,P0464,5,88402,24
I06116,O02276,P0269,4,62106,11
I06117,O03501,P0122,1,11121,36
I06118,O02229,P0217,5,20446,10
I06119,O01290,P0216,2,33560,29
I06120,O00847,P0257,1,49924,34
I06121,O03253,P0150,5,90595,39
I06122,O04078,P0383,5,72216,8
I06123,O03338,P0355,3,55381,38
I06124,O04750,P0219,5,84537,28
I06125,O00281,P0070,4,70672,15
I06126,O02475,P0432,3,15379,39
I06127,O04202,P0362,4,29635,11
I06128,O03880,P0476,4,65581,30
I06129,O04980,P0336,2,7342,1
I06130,O04338,P0113,5,7627,29
I06131,O00112,P0254,-5,56914,38
I06132,O03869,P0245,5,58125,32
I06133,O02826,P0403,1,61453,27
I06134,O03242,P0127,5,76758,37
I06135,O04198,P0425,2,98073,17
I06136,O03351,P0001,4,12429,25
I06137,O03915,P0179,5,70723,23
I06138,O00295,P0239,3,20139,32
I06139,O04580,P0110,-5,1138,15
I06140,O00097,P0190,5,3484,32
I06141,O00467,P0480,5,91281,14
I06142,O00895,P0061,-2,96896,18
I06143,O03764,P0170,2,5924,23
I06144,O01824,P0004,1,28527,11
I06145,O00792,P0251,5,72176,10
I06146,O04329,P0315,-4,81874,32
I06147,O03105,P0067,5,55905,4
I06148,O02775,P0189,2,66290,33
I06149,O04752,P0373,4,75894,39
I06150,O03344,P0050,1,31179,36
I06151,O03598,P0243,3,96173,17
I06152,O04642,P0468,2,18942,28
I06153,O01647,P0368,5,84880,39
I06154,O02758,P0497,2,50525,13
I06155,O02441,P0362,5,15611,2
I06156,O01322,P0024,3,85116,40
I06157,O00155,P0499,1,40060,35
I06158,O04031,P0148,5,42759,21
I06159,O00145,P0307,1,26986,10
I06160,O02377,P0193,3,99879,5
I06161,O00205,P0373,5,82628,30
I06162,O01143,P0355,2,93210,22
I06163,O02039,P0299,1,35748,2
I06164,O03644,P0009,5,71639,23
I06165,O04121,P0402,2,91753,39
I06166,O03148,P0253,5,6289,27
I06167,O00498,P0316,1,61205,4
I06168,O01688,P0392,3,32396,3
I06169,O04061,P0165,2,92815,29
I06170,O00731,P0232,1,51224,34
I06171,O03155,P0406,5,37633,7
I06172,O03880,P0474,4,41233,18
I06173,O03040,P0496,1,92675,30
I06174,O04400,P0326,4,55264,13
I06175,O03851,P0230,1,98845,28
I06176,O04438,P0322,1,58088,40
I06177,O01347,P0398,1,93636,39
I06178,O00856,P0291,4,50783,9
I06179,O02831,P0166,3,43996,12
I06180,O04747,P0078,2,91683,3
I06181,O03785,P0466,4,16696,21
I06182,O02524,P0369,2,41182,35
I06183,O01113,P0410,5,57903,26
I06184,O00270,P0017,5,59109,23
I06185,O00875,P0191,5,69820,12
I06186,O01117,P0379,4,54577,32
I06187,O04427,P0426,1,63713,13
I06188,O01062,P0148,5,23839,2
I06189,O00405,P0082,5,7998,8
I06190,O00424,P0190,1,63850,8
I06191,O00198,P0188,2,89881,4
I06192,O02314,P0339,5,89435,16
I06193,O01337,P0297,1,30941,12
I06194,O04165,P0137,3,32635,38
I06195,O01824,P0342,1,79203,18
I06196,O02599,P0214,5,34298,15
I06197,O04026,P0478,-4,96864,23
I06198,O00063,P0261,3,52059,15
I06199,O01081,P0116,1,73359,2
I06200,O04820,P0394,1,46469,1
I06201,O01679,P0089,4,37685,4
I06202,O03993,P0460,2,14705,0
I06203,O00104,P0247,3,44382,38
I06204,O02127,P0285,3,57386,20
I06205,O04553,P0127,4,16862,27
I06206,O03217,P0438,5,14965,0
I06207,O03420,P0337,5,61806,9
I06208,O02819,P0055,1,99861,2
I06209,O00325,P0050,2,7550,16
I06210,O00895,P0434,2,67141,5
I06211,O02997,P0081,5,85567,2
I06212,O01058,P0059,1,31801,9
I06213,O01813,P0234,4,37437,17
I06214,O01845,P0179,4,90172,7
I06215,O04680,P0002,2,47754,31
I06216,O04965,P0059,3,58673,16
I06217,O00604,P0178,1,10312,38
I06218,O02505,P0038,1,74577,7
I06219,O02591,P0250,2,2369,13
I06220,O04036,P0314,4,14841,25
I06221,O04347,P0186,2,11512,10
I06222,O00659,P0093,3,24517,11
I06223,O01321,P0175,2,62443,16
I06224,O03290,P0325,5,9938,37
I06225,O01182,P0476,5,46510,15
I06226,O03841,P0429,1,96125,15
I06227,O04065,P0064,3,72722,20
I06228,O01203,P0197,3,74705,28
I06229,O02467,P0202,4,17349,36
I06230,O02781,P0122,2,22327,18
I06231,O01556,P0129,5,59045,40
I06232,O04073,P0489,3,59692,17
I06233,O00050,P0266,3,14402,4
I06234,O04313,P0186,4,75481,0
I06235,O01634,P0126,2,45214,24
I06236,O03365,P0324,2,77427,40
I06237,O01668,P0418,1,25259,17
I06238,O04966,P0493,3,95291,16
I06239,O03328,P0174,3,59298,2
I06240,O03435,P0376,4,44101,30
I06241,O00946,P0423,4,61618,1
I06242,O01245,P0250,2,17134,2
I06243,O01740,P0123,4,12523,27
I06244,O02045,P0465,2,35931,16
I06245,O02123,P0269,5,47240,25
I06246,O03826,P0121,3,28697,4
I06247,O04544,P0255,3,34312,20
I06248,O03618,P0397,4,18597,25
I06249,O00566,P0429,5,26338,25
I06250,O00842,P0331,-5,21637,7
I06251,O01243,P0435,4,90603,22
I06252,O04831,P0471,3,54526,1
I06253,O01014,P0339,1,7402,16
I06254,O03170,P0247,1,75998,19
I06255,O01395,P0048,2,43424,4
I06256,O01607,P0476,-2,95921,29
I06257,O03877,P0186,4,22827,33
I06258,O00853,P0498,5,92888,21
I06259,O02772,P0087,1,20654,29
I06260,O01828,P0353,2,78771,28
I06261,O04995,P0416,5,78586,35
I06262,O02106,P0026,1,38785,39
I06263,O03021,P0399,5,75128,8
I06264,O02255,P0410,1,27894,28
I06265,O02249,P0273,1,93706,22
I06266,O01154,P0145,2,90512,25
I06267,O04649,P0442,3,36859,4
I06268,O04653,P0139,3,54117,13
I06269,O04112,P0399,1,70821,27
I06270,O04960,P0341,5,77144,10
I06271,O00784,P0310,1,8769,11
I06272,O00384,P0482,1,26448,34
I06273,O00920,P0277,2,17567,3
I06274,O03554,P0246,2,5209,19
I06275,O03919,P0149,4,70680,23
I06276,O03243,P0082,4,73161,16
I06277,O02045,P0313,4,51220,15
I06278,O03248,P0475,5,12553,22
I06279,O04238,P0004,1,77051,30
I06280,O00280,P0100,5,94529,16
I06281,O02581,P0015,1,58568,1
I06282,O03181,P0249,2,45372,35
I06283,O03291,P0388,3,27521,25
I06284,O04977,P0500,3,22525,27
I06285,O00067,P0321,4,71651,33
I06286,O00257,P0494,4,52687,12
I06287,O02775,P0228,3,15461,16
I06288,O00408,P0270,4,86087,36
I06289,O00799,P0062,4,84534,30
I06290,O04595,P0091,3,97889,25
I06291,O00966,P0093,1,48995,26
I06292,O00820,P0166,5,99232,1
I06293,O01766,P0430,2,63157,20
I06294,O00563,P0022,5,79437,17
I06295,O00854,P0412,4,28240,40
I06296,O04304,P0165,5,79909,8
I06297,O01510,P0494,3,56720,23
I06298,O00703,P0149,3,58658,5
I06299,O03633,P0332,4,71019,35
I06300,O04200,P0142,4,16009,22
I06301,O00450,P0133,1,63280,29
I06302,O02908,P0480,5,84164,19
I06303,O02524,P0360,5,90706,2
I06304,O00883,P0369,3,15989,19
I06305,O03518,P0413,1,40726,5
I06306,O04287,P0336,2,51617,34
I06307,O03997,P0499,4,97513,30
I06308,O00557,P0129,2,76895,31
I06309,O02002,P0261,3,38687,31
I06310,O02108,P0199,1,81161,32
I06311,O02198,P0037,3,36588,30
I06312,O00765,P0478,2,4012,40
I06313,O03784,P0289,4,97308,18
I06314,O03129,P0332,2,16974,20
I06315,O04839,P0068,5,53403,25
I06316,O01818,P0471,5,27856,12
I06317,O02428,P0267,5,56893,15
I06318,O01468,P0336,3,95617,30
I06319,O02422,P0044,3,12480,36
I06320,O00560,P0262,5,50672,8
I06321,O04860,P0137,1,77949,38
I06322,O01072,P0251,4,10885,16
I06323,O05000,P0323,5,51935,17
I06324,O02758,P0078,3,5183,17
I06325,O01498,P0338,3,65424,10
I06326,O03919,P0407,4,44475,6
I06327,O00429,P0063,2,4478,32
I06328,O02281,P0226,1,3782,6
I06329,O04713,P0393,1,3030,11
I06330,O01732,P0466,5,71604,40
I06331,O04003,P0497,3,88715,14
I06332,O00993,P0227,4,66829,6
I06333,O03580,P0256,3,11156,32
I06334,O03128,P0134,5,85608,29
I06335,O04157,P0298,1,72264,37
I06336,O04626,P0275,4,94057,0
I06337,O04954,P0343,4,73716,28
I06338,O04530,P0249,5,85029,25
I06339,O01884,P0203,5,46721,8
I06340,O00028,P0462,3,60762,26
I06341,O03789,P0225,2,61877,1
I06342,O03777,P0265,3,70856,10
I06343,O04628,P0292,1,69634,20
I06344,O01751,P0292,3,6112,24
I06345,O02600,P0302,4,96936,32
I06346,O02533,P0228,4,39650,30
I06347,O02620,P0382,1,89223,7
I06348,O04429,P0099,3,94249,0
I06349,O03089,P0259,5,13552,39
I06350,O03351,P0374,1,13583,10
I06351,O00714,P0050,3,88406,6
I06352,O00771,P0161,5,32985,25
I06353,O00996,P0220,2,91049,24
I06354,O04341,P0328,3,62608,16
I06355,O00933,P0067,5,63371,35
I06356,O00448,P0430,4,7290,22
I06357,O03871,P0472,1,29902,4
I06358,O00552,P0278,5,50834,39
I06359,O00607,P0500,2,36630,21
I06360,O00915,P0184,5,52912,14
I06361,O01811,P0335,5,86867,5
I06362,O02647,P0224,4,17136,30
I06363,O00826,P0456,5,19075,2
I06364,O00246,P0020,4,24745,21
I06365,O01563,P0067,3,95072,9
I06366,O03559,P0469,1,8163,35
I06367,O04586,P0317,3,44958,17
I06368,O00097,P0468,3,25871,22
I06369,O03462,P0279,1,85936,4
I06370,O04582,P0050,5,54771,27
I06371,O04816,P0386,2,70520,2
I06372,O01525,P0076,3,38811,23
I06373,O01920,P0008,3,87601,36
I06374,O02996,P0423,5,61286,6
I06375,O00474,P0394,4,13135,26
I06376,O03543,P0400,4,35784,39
I06377,O01754,P0451,5,91494,22
I06378,O04083,P0243,4,20930,4
I06379,O04105,P0165,2,65245,35
I06380,O04905,P0156,4,91974,9
I06381,O04561,P0155,2,15037,19
I06382,O03849,P0437,5,10013,19
I06383,O03551,P0310,4,79033,40
I06384,O00837,P0402,4,67289,38
I06385,O00047,P0156,1,6301,11
I06386,O01188,P0123,5,59322,3
I06387,O03017,P0332,4,4449,13
I06388,O01090,P0042,3,11707,24
I06389,O00986,P0071,1,56312,16
I06390,O03942,P0442,3,96921,17
I06391,O02577,P0002,4,47111,4
I06392,O01702,P0147,3,32472,21
I06393,O01483,P0245,3,80910,37
I06394,O02996,P0478,3,3712,9
I06395,O02027,P0027,4,37443,14
I06396,O04130,P0404,1,16295,32
I06397,O00266,P0463,2,12277,32
I06398,O04606,P0181,1,43789,3
I06399,O02944,P0256,1,54444,27
I06400,O03858,P0021,4,16846,11
I06401,O03850,P0481,1,98326,1
I06402,O02200,P0077,5,28741,5
I06403,O00558,P0399,2,95632,14
I06404,O04195,P0382,1,3830,4
I06405,O03498,P0401,5,87448,17
I06406,O00408,P0339,4,64951,36
I06407,O03830,P0090,3,22270,16
I06408,O03680,P0480,2,44772,4
I06409,O02411,P0215,1,1078,38
I06410,O01351,P0317,4,15575,20
I06411,O01496,P0120,2,64485,9
I06412,O00871,P0338,2,47074,27
I06413,O03027,P0109,2,11660,5
I06414,O01979,P0294,4,40180,3
I06415,O00737,P0236,3,94815,3
I06416,O04679,P0093,3,11134,27
I06417,O01838,P0023,-2,60798,3
I06418,O01949,P0219,1,41517,10
I06419,O00965,P0174,5,55232,12
I06420,O01326,P0343,4,62252,16
I06421,O04918,P0412,1,7038,6
I06422,O03045,P0268,4,93047,17
I06423,O02195,P0195,4,45466,38
I06424,O02981,P0166,3,47488,40
I06425,O02461,P0108,3,85419,1
I06426,O04906,P0329,5,31278,22
I06427,O04708,P0107,1,42746,36
I06428,O00385,P0496,1,78096,2
I06429,O00638,P0018,4,67976,35
I06430,O04361,P0334,5,54378,8
I06431,O04980,P0115,5,36056,30
I06432,O02046,P0121,3,60465,29
I06433,O04473,P0187,1,75916,0
I06434,O03243,P0049,2,65729,9
I06435,O00911,P0210,3,71627,33
I06436,O00519,P0322,4,33639,14
I06437,O01648,P0004,1,35521,20
I06438,O03312,P0409,4,89654,11
I06439,O01595,P0288,4,71574,6
I06440,O01520,P0451,2,73025,30
I06441,O01350,P0004,2,88056,24
I06442,O03991,P0441,2,75820,39
I06443,O04442,P0272,1,38999,25
I06444,O01943,P0306,1,8292,15
I06445,O03455,P0049,5,40037,10
I06446,O00414,P0030,1,62901,34
I06447,O00585,P0312,1,25522,33
I06448,O01351,P0125,2,16804,11
I06449,O01379,P0251,3,80168,12
I06450,O00969,P0419,3,9381,32
I06451,O01004,P0418,2,41731,37
I06452,O04770,P0264,3,38816,17
I06453,O03518,P0373,3,2510,18
I06454,O04327,P0118,3,67855,1
I06455,O03899,P0263,2,82030,12
I06456,O00737,P0170,2,7803,19
I06457,O04849,P0150,2,20351,38
I06458,O02439,P0029,1,21779,5
I06459,O02253,P0049,5,15023,38
I06460,O01325,P0132,2,42854,20
I06461,O04391,P0157,4,34110,3
I06462,O03877,P0399,3,94148,13
I06463,O04609,P0124,3,23469,36
I06464,O04526,P0407,1,29409,22
I06465,O02681,P0332,2,97307,4
I06466,O03714,P0084,5,37395,27
I06467,O03577,P0017,4,63688,14
I06468,O01308,P0051,2,20256,23
I06469,O02935,P0261,4,30353,21
I06470,O04492,P0064,5,8335,12
I06471,O00310,P0450,3,37912,26
I06472,O03161,P0261,3,89208,15
I06473,O03582,P0467,5,31534,12
I06474,O02428,P0479,1,72689,23
I06475,O03256,P0300,1,97587,6
I06476,O02824,P0369,1,46634,18
I06477,O04230,P0450,4,14131,10
I06478,O03204,P0376,3,96920,31
I06479,O02478,P0326,5,32495,10
I06480,O01904,P0034,-1,72654,1
I06481,O04769,P0278,4,61396,36
I06482,O02732,P0384,1,94797,7
I06483,O00096,P0452,1,65866,0
I06484,O01696,P0352,2,24818,26
I06485,O03406,P0294,5,46413,40
I06486,O03667,P0067,2,84957,40
I06487,O02613,P0270,4,7865,36
I06488,O00255,P0249,2,83193,25
I06489,O02126,P0416,1,57428,4
I06490,O04280,P0312,1,83042,30
I06491,O00659,P0011,5,48160,5
I06492,O03696,P0234,4,42441,6
I06493,O02600,P0358,1,50174,12
I06494,O03007,P0246,1,75608,32
I06495,O00136,P0057,1,77944,38
I06496,O03285,P0461,4,67926,40
I06497,O01132,P0477,5,88975,31
I06498,O04922,P0356,3,61822,39
I06499,O00071,P0097,4,93914,25
I06500,O02081,P0268,4,52203,27
I06501,O01258,P0080,5,89214,13
I06502,O01299,P0208,-2,55866,7
I06503,O03136,P0310,3,12123,19
I06504,O01335,P0406,4,71789,13
I06505,O04183,P0495,2,24748,3
I06506,O02329,P0406,1,76722,32
I06507,O04323,P0318,1,34531,36
I06508,O01015,P0029,-2,64990,0
I06509,O01379,P0443,4,29999,13
I06510,O02988,P0444,1,97938,15
I06511,O04743,P0061,1,76766,22
I06512,O00718,P0158,4,84991,25
I06513,O02426,P0120,5,96270,0
I06514,O00684,P0190,3,39776,36
I06515,O00575,P0126,1,73145,30
I06516,O03270,P0384,4,67314,0
I06517,O04024,P0453,2,53507,0
I06518,O00081,P0070,5,24289,21
I06519,O01783,P0404,2,39712,5
I06520,O02806,P0237,5,21439,5
I06521,O02393,P0411,2,24957,21
I06522,O04872,P0236,2,43154,8
I06523,O02233,P0498,-3,34900,32
I06524,O01386,P0286,2,93847,31
I06525,O03275,P0157,1,47368,12
I06526,O00343,P0039,5,19609,17
I06527,O04437,P0187,4,94997,0
I06528,O03017,P0196,3,11260,7
I06529,O04103,P0092,5,37506,13
I06530,O01581,P0111,3,64347,17
I06531,O00587,P0068,4,98834,10
I06532,O02292,P0019,5,66787,10
I06533,O02414,P0318,5,45845,19
I06534,O03083,P0447,4,35274,6
I06535,O04236,P0483,1,65710,19
I06536,O03636,P0394,4,87714,38
I06537,O02792,P0370,1,77267,14
I06538,O00026,P0209,4,65760,35
I06539,O03789,P0180,5,96287,31
I06540,O01156,P0300,3,91088,1
I06541,O03447,P0223,5,96408,0
I06542,O03923,P0252,1,90771,26
I06543,O00710,P0357,1,9483,28
I06544,O02486,P0094,5,14891,22
I06545,O01590,P0309,4,18857,18
I06546,O00256,P0116,4,98070,25
I06547,O02245,P0474,3,77909,17
I06548,O04898,P0122,5,1275,39
I06549,O03776,P0132,4,63941,30
I06550,O03855,P0487,5,48283,9
I06551,O02580,P0377,1,58252,17
I06552,O03410,P0360,2,53522,7
I06553,O02892,P0259,4,15072,20
I06554,O01216,P0244,4,23471,17
I06555,O03519,P0109,5,98438,15
I06556,O03300,P0145,3,16561,16
I06557,O03030,P0295,4,26555,24
I06558,O04441,P0456,3,80893,38
I06559,O01131,P0031,5,66942,13
I06560,O01478,P0296,1,2179,36
I06561,O03370,P0099,3,41243,20
I06562,O02302,P0059,1,32398,13
I06563,O04650,P0078,4,72636,38
I06564,O02764,P0111,3,28518,17
I06565,O00907,P0224,3,71609,37
I06566,O01449,P0190,5,12039,22
I06567,O04543,P0153,5,24703,12
I06568,O00818,P0258,1,27315,36
I06569,O01907,P0173,-1,50653,4
I06570,O00098,P0143,-4,93683,3
I06571,O03935,P0469,4,51770,30
I06572,O03790,P0206,2,57933,19
I06573,O02200,P0495,4,88636,24
I06574,O00388,P0271,5,69998,7
I06575,O01528,P0030,1,34427,11
I06576,O04337,P0129,4,17474,28
I06577,O00120,P0016,1,76713,24
I06578,O04859,P0461,1,44107,29
I06579,O00449,P0034,1,90721,6
I06580,O02697,P0259,3,44516,10
I06581,O02776,P0366,2,29589,34
I06582,O02434,P0168,5,11891,29
I06583,O03357,P0353,4,23885,7
I06584,O04670,P0327,1,7873,11
I06585,O00904,P0012,1,86342,29
I06586,O03963,P0238,2,82439,6
I06587,O04309,P0401,3,12529,1
I06588,O00660,P0457,4,55210,4
I06589,O01480,P0498,5,959,4
I06590,O00314,P0035,4,42700,22
I06591,O00552,P0247,3,87373,20
I06592,O01708,P0398,4,1490,19
I06593,O00820,P0406,4,12764,5
I06594,O03913,P0235,4,81689,19
I06595,O03725,P0188,1,88245,31
I06596,O01379,P0338,3,97120,23
I06597,O00464,P0352,-5,20478,20
I06598,O00810,P0392,3,97172,30
I06599,O03542,P0261,2,67189,25
I06600,O01328,P0110,1,8414,22
I06601,O02180,P0477,4,2763,35
I06602,O03599,P0237,4,30695,32
I06603,O02357,P0243,4,18641,29
I06604,O04530,P0161,1,13769,0
I06605,O04789,P0319,3,62012,35
I06606,O01736,P0459,5,34638,28
I06607,O01819,P0125,4,62103,23
I06608,O02924,P0058,2,69951,31
I06609,O01234,P0118,1,4893,37
I06610,O04119,P0209,-1,53209,13
I06611,O00758,P0347,2,27628,28
I06612,O01899,P0472,3,93769,19
I06613,O01059,P0355,2,3155,5
I06614,O03966,P0079,5,13228,32
I06615,O02807,P0030,2,70285,29
I06616,O00079,P0473,3,30666,5
I06617,O01055,P0497,2,73931,23
I06618,O01708,P0362,4,16513,13
I06619,O04805,P0278,3,14646,30
I06620,O01919,P0077,3,24692,34
I06621,O03866,P0416,2,25635,24
I06622,O01921,P0234,1,82773,8
I06623,O00624,P0219,2,34633,8
I06624,O02061,P0227,4,49903,21
I06625,O02847,P0264,2,64870,30
I06626,O03609,P0019,1,66997,35
I06627,O00536,P0071,4,58885,0
I06628,O00063,P0178,3,26628,28
I06629,O00575,P0153,1,4649,27
I06630,O02247,P0493,5,14338,15
I06631,O03496,P0183,-5,39988,26
I06632,O03856,P0406,3,56849,33
I06633,O02471,P0436,-1,3186,2
I06634,O01900,P0393,1,99564,6
I06635,O04835,P0459,5,64261,14
I06636,O04738,P0333,4,93038,26
I06637,O01704,P0010,5,7559,39
I06638,O00318,P0343,1,61121,1
I06639,O02440,P0274,5,25039,20
I06640,O03184,P0104,5,73022,22
I06641,O01343,P0372,1,10088,5
I06642,O00316,P0219,3,26118,14
I06643,O04696,P0012,2,94443,22
I06644,O04415,P0015,2,64909,19
I06645,O01736,P0032,2,82757,22
I06646,O02047,P0449,2,65656,0
I06647,O04721,P0296,4,23053,6
I06648,O00345,P0322,2,80399,14
I06649,O01561,P0169,1,23030,16
I06650,O01547,P0479,1,75244,3
I06651,O04374,P0224,2,52325,14
I06652,O03557,P0471,1,65472,26
I06653,O02346,P0392,1,50299,40
I06654,O04030,P0308,4,78624,17
I06655,O03875,P0174,1,27175,16
I06656,O04145,P0010,2,44187,17
I06657,O01378,P0473,3,8569,12
I06658,O01038,P0218,2,11052,33
I06659,O00726,P0076,5,83381,4
I06660,O03392,P0127,1,53756,0
I06661,O02926,P0458,2,75555,1
I06662,O01693,P0301,2,62176,1
I06663,O00248,P0310,5,68903,23
I06664,O01094,P0364,5,10966,34
I06665,O00913,P0269,3,38968,2
I06666,O04265,P0425,3,5591,16
I06667,O00012,P0054,1,57033,16
I06668,O04954,P0218,2,80666,20
I06669,O04470,P0352,5,13673,28
I06670,O00049,P0384,4,30017,31
I06671,O03278,P0144,4,56482,13
I06672,O02177,P0070,2,9810,20
I06673,O01293,P0332,4,58451,28
I06674,O02547,P0497,1,33839,25
I06675,O03019,P0469,2,44997,39
I06676,O00875,P0219,5,52908,11
I06677,O03042,P0213,4,32967,24
I06678,O04644,P0032,1,66295,34
I06679,O02327,P0253,1,57851,39
I06680,O02482,P0051,5,29720,32
I06681,O04496,P0149,5,16239,5
I06682,O01975,P0014,2,71398,38
I06683,O04449,P0377,2,69993,26
I06684,O03746,P0240,4,80963,34
I06685,O02376,P0158,5,87889,36
I06686,O04495,P0100,2,94809,24
I06687,O04186,P0399,3,62242,35
I06688,O02571,P0200,2,34072,22
I06689,O01996,P0152,5,76704,18
I06690,O04649,P0103,5,11406,31
I06691,O00241,P0368,5,86716,1
I06692,O01500,P0399,4,75786,20
I06693,O02240,P0207,1,36337,30
I06694,O04155,P0055,2,2455,40
I06695,O02541,P0328,4,53565,25
I06696,O04191,P0143,5,49111,6
I06697,O04997,P0300,2,49135,28
I06698,O01000,P0479,5,22383,4
I06699,O00504,P0191,3,32427,37
I06700,O04036,P0256,4,67044,25
I06701,O03817,P0437,3,87270,32
I06702,O01900,P0326,1,6134,26
I06703,O03293,P0196,2,79268,24
I06704,O03875,P0169,2,67853,18
I06705,O02545,P0279,4,58684,2
I06706,O00287,P0076,5,54571,27
I06707,O03412,P0197,5,59107,6
I06708,O02038,P0013,4,17070,35
I06709,O01312,P0279,1,95196,21
I06710,O00561,P0368,5,34262,31
I06711,O01067,P0451,3,42950,21
I06712,O03507,P0180,5,51981,26
I06713,O01884,P0056,3,74479,32
I06714,O03269,P0173,2,11023,15
I06715,O00641,P0334,4,6873,18
I06716,O00250,P0137,5,19910,9
I06717,O04928,P0376,-5,4038,32
I06718,O03026,P0056,5,73558,8
I06719,O00619,P0471,1,11649,9
I06720,O03711,P0349,5,71813,27
I06721,O02179,P0232,3,69285,20
I06722,O04907,P0221,2,7493,1
I06723,O00437,P0325,1,90452,37
I06724,O01193,P0109,2,8791,21
I06725,O01965,P0219,3,60253,21
I06726,O02765,P0153,2,7392,30
I06727,O01455,P0115,2,16088,10
I06728,O03797,P0434,3,68976,24
I06729,O00415,P0057,4,18750,34
I06730,O01132,P0486,5,3226,11
I06731,O00845,P0048,2,21990,10
I06732,O02453,P0046,5,88510,19
I06733,O04281,P0396,1,22278,32
I06734,O03069,P0458,2,68828,10
I06735,O02594,P0461,5,11405,8
I06736,O04711,P0326,-4,56431,39
I06737,O02022,P0039,5,61789,5
I06738,O00808,P0084,1,92968,37
I06739,O03763,P0484,1,98780,39
I06740,O04789,P0112,2,13548,13
I06741,O03571,P0447,5,38695,7
I06742,O02038,P0077,3,79378,8
I06743,O02394,P0399,3,97644,6
I06744,O00412,P0218,5,18995,31
I06745,O02855,P0197,5,70757,15
I06746,O01973,P0399,-2,89071,11
I06747,O04702,P0267,3,71300,1
I06748,O01765,P0210,2,75239,10
I06749,O00082,P0323,1,98424,29
I06750,O02550,P0451,2,64889,23
I06751,O03820,P0177,4,57803,8
I06752,O02078,P0418,5,87943,33
I06753,O03902,P0219,1,52399,39
I06754,O03772,P0081,4,28748,34
I06755,O01271,P0186,1,69579,25
I06756,O04952,P0253,1,95988,4
I06757,O00901,P0007,5,53162,7
I06758,O00617,P0281,5,22794,19
I06759,O01933,P0115,5,44366,19
I06760,O04877,P0184,1,15948,6
I06761,O01682,P0328,1,26854,38
I06762,O02139,P0297,3,10678,30
I06763,O01945,P0254,4,34729,16
I06764,O04157,P0102,5,38981,21
I06765,O02007,P0331,2,98562,34
I06766,O00592,P0417,5,17622,9
I06767,O02929,P0423,4,1794,13
I06768,O00375,P0117,3,24929,10
I06769,O02816,P0445,2,35655,20
I06770,O02040,P0194,4,56883,33
I06771,O01868,P0130,3,46974,11
I06772,O00697,P0141,3,98901,0
I06773,O02536,P0075,5,94787,23
I06774,O04073,P0125,2,81228,3
I06775,O03198,P0472,5,32427,31
I06776,O03131,P0117,5,35606,35
I06777,O03919,P0185,2,14820,13
I06778,O03381,P0238,1,96002,11
I06779,O00899,P0356,5,25695,17
I06780,O04111,P0078,3,78099,8
I06781,O02118,P0077,2,79039,39
I06782,O00081,P0354,1,3435,13
I06783,O04774,P0450,4,55497,34
I06784,O04872,P0483,3,9543,6
I06785,O01187,P0211,3,92232,10
I06786,O00627,P0272,4,30900,24
I06787,O01652,P0269,4,74466,6
I06788,O00455,P0444,5,21581,38
I06789,O03368,P0366,4,75038,12
I06790,O03176,P0036,3,50081,35
I06791,O03870,P0328,1,95291,29
I06792,O01608,P0489,2,54571,23
I06793,O01925,P0297,1,71075,29
I06794,O01235,P0482,5,36641,29
I06795,O04671,P0120,2,70535,10
I06796,O03984,P0418,3,1514,16
I06797,O00815,P0363,3,93000,38
I06798,O04145,P0121,3,32408,7
I06799,O00850,P0059,5,7465,9
I06800,O04868,P0381,5,94258,4
I06801,O02884,P0439,-3,53633,22
I06802,O00972,P0328,1,8856,16
I06803,O00856,P0407,2,82607,39
I06804,O04476,P0488,3,40829,9
I06805,O00585,P0392,2,26497,1
I06806,O03087,P0234,2,7649,28
I06807,O01869,P0388,5,37089,23
I06808,O00967,P0043,2,22073,20
I06809,O03759,P0186,3,78585,14
I06810,O00018,P0459,4,60550,10
I06811,O04172,P0066,3,72139,26
I06812,O04057,P0341,5,74752,38
I06813,O04753,P0265,4,92535,0
I06814,O00580,P0171,1,35849,14
I06815,O04504,P0154,2,97644,37
I06816,O01821,P0358,2,26049,32
I06817,O00483,P0194,5,68749,38
I06818,O02243,P0314,3,2291,15
I06819,O04482,P0457,4,72452,18
I06820,O02103,P0090,3,27533,39
I06821,O04232,P0038,2,91372,0
I06822,O03688,P0352,4,86749,4
I06823,O00486,P0187,3,14746,28
I06824,O01036,P0262,2,23301,26
I06825,O01894,P0023,3,8228,7
I06826,O00126,P0401,3,691,2
I06827,O00218,P0437,1,36024,16
I06828,O04783,P0064,5,84395,15
I06829,O03973,P0435,3,60095,39
I06830,O03178,P0342,2,49902,24
I06831,O03980,P0217,2,31980,11
I06832,O03971,P0204,4,32775,23
I06833,O01366,P0277,3,11866,13
I06834,O04238,P0215,4,53187,10
I06835,O01901,P0113,3,33322,12
I06836,O03887,P0440,1,71964,21
I06837,O01217,P0404,3,17025,13
I06838,O00580,P0257,4,59123,28
I06839,O02641,P0490,4,95501,18
I06840,O04917,P0175,1,27766,22
I06841,O00590,P0069,1,36976,3
I06842,O00541,P0301,1,79312,6
I06843,O03718,P0163,4,90152,21
I06844,O03803,P0125,2,29797,31
I06845,O01329,P0100,2,30952,9
I06846,O01328,P0159,4,63474,37
I06847,O04139,P0125,3,71348,34
I06848,O00583,P0345,2,965,13
I06849,O03865,P0304,-1,67932,39
I06850,O01664,P0203,2,75911,8
I06851,O01766,P0307,4,53486,30
I06852,O01222,P0412,3,99464,20
I06853,O02730,P0140,4,1804,22
I06854,O01701,P0462,1,47593,13
I06855,O01432,P0427,-4,65166,24
I06856,O00193,P0209,5,44044,1
I06857,O03785,P0060,1,18154,5
I06858,O00562,P0321,4,1231,32
I06859,O04003,P0215,1,34235,37
I06860,O03755,P0132,1,85238,21
I06861,O04522,P0075,2,72164,5
I06862,O02050,P0383,1,19272,15
I06863,O04235,P0429,1,30437,18
I06864,O03963,P0182,3,34624,13
I06865,O04221,P0345,5,54431,38
I06866,O04534,P0366,1,50680,29
I06867,O01580,P0391,3,99303,14
I06868,O02627,P0379,4,31263,6
I06869,O01613,P0375,4,66592,30
I06870,O03148,P0110,3,83129,37
I06871,O03085,P0137,2,63722,28
I06872,O01504,P0045,4,2211,29
I06873,O01354,P0405,1,74023,15
I06874,O01119,P0265,1,8109,11
I06875,O00159,P0474,5,81353,16
I06876,O03918,P0253,-5,71366,0
I06877,O01633,P0122,5,42318,30
I06878,O00085,P0051,3,51850,4
I06879,O04385,P0432,5,80249,14
I06880,O03169,P0035,3,10708,23
I06881,O01427,P0098,2,5328,25
I06882,O02331,P0372,5,49861,4
I06883,O03944,P0478,5,87339,3
I06884,O00523,P0478,4,26464,15
I06885,O01030,P0066,3,22704,15
I06886,O02028,P0400,4,52056,28
I06887,O04125,P0112,3,5796,27
I06888,O00879,P0492,2,50443,37
I06889,O01350,P0342,4,16797,12
I06890,O00861,P0281,2,91525,35
I06891,O00864,P0186,4,86092,4
I06892,O04690,P0038,4,57880,3
I06893,O02005,P0320,2,67116,40
I06894,O03229,P0483,2,30409,28
I06895,O01836,P0362,4,33075,16
I06896,O01250,P0144,4,95005,28
I06897,O01711,P0207,1,53902,35
I06898,O02230,P0305,5,60611,8
I06899,O00510,P0128,2,11868,15
I06900,O03716,P0212,5,36051,12
I06901,O02539,P0210,4,25928,15
I06902,O00647,P0057,4,72346,35
I06903,O02953,P0372,2,2512,25
I06904,O02691,P0421,-2,10538,13
I06905,O00742,P0325,2,70524,6
I06906,O00907,P0119,2,97696,13
I06907,O03712,P0176,2,73776,38
I06908,O03107,P0465,3,28310,5
I06909,O01973,P0188,5,39249,15
I06910,O00052,P0067,2,89566,24
I06911,O00056,P0315,3,4509,19
I06912,O01119,P0052,4,38148,8
I06913,O01899,P0234,5,46911,1
I06914,O04396,P0495,3,83325,35
I06915,O01358,P0323,1,25585,36
I06916,O03425,P0044,1,74617,40
I06917,O02039,P0161,4,68108,0
I06918,O04945,P0480,2,81353,2
I06919,O04649,P0238,4,93011,32
I06920,O03798,P0321,1,20178,16
I06921,O03054,P0362,3,42973,7
I06922,O03590,P0001,4,46034,15
I06923,O04964,P0301,4,63085,38
I06924,O02076,P0058,5,31753,26
I06925,O01236,P0339,4,82951,34
I06926,O03080,P0494,2,81093,37
I06927,O03971,P0177,4,67120,27
I06928,O03015,P0466,3,74781,22
I06929,O04112,P0331,2,30902,7
I06930,O02709,P0191,1,73992,26
I06931,O01683,P0128,5,69829,17
I06932,O00944,P0371,3,35448,12
I06933,O04337,P0238,-3,79806,12
I06934,O03220,P0292,1,27996,2
I06935,O00961,P0063,5,39106,18
I06936,O02456,P0100,1,23216,20
I06937,O04348,P0038,1,64885,39
I06938,O03878,P0486,3,9793,18
I06939,O03866,P0082,1,63009,25
I06940,O02385,P0397,3,96934,4
I06941,O00754,P0020,1,30261,22
I06942,O01160,P0187,5,11774,9
I06943,O02912,P0381,4,83763,38
I06944,O01393,P0461,5,84201,8
I06945,O01399,P0172,4,88227,14
I06946,O04801,P0364,4,2799,17
I06947,O02920,P0013,1,89625,25
I06948,O04088,P0077,4,21612,25
I06949,O04419,P0117,4,45910,12
I06950,O03340,P0124,5,2076,11
I06951,O03136,P0131,3,90878,32
I06952,O03995,P0160,4,73511,32
I06953,O04252,P0285,1,15859,12
I06954,O00434,P0055,1,49489,2
I06955,O02921,P0450,5,17394,38
I06956,O03192,P0366,2,92259,31
I06957,O00871,P0413,5,65759,27
I06958,O01655,P0160,1,61684,8
I06959,O00192,P0057,1,36327,27
I06960,O04742,P0335,1,92515,3
I06961,O03413,P0197,1,34814,3
I06962,O01803,P0221,4,67802,40
I06963,O04958,P0185,5,35248,10
I06964,O02763,P0333,1,97324,2
I06965,O04800,P0446,3,63885,31
I06966,O00135,P0186,4,75672,40
I06967,O02593,P0159,3,45229,24
I06968,O04505,P0450,3,33285,27
I06969,O03383,P0456,2,36714,6
I06970,O04853,P0019,1,74163,30
I06971,O02292,P0040,5,30331,40
I06972,O03951,P0370,-1,76755,15
I06973,O01616,P0293,4,26281,15
I06974,O04489,P0440,1,95573,0
I06975,O01146,P0398,1,33449,40
I06976,O04631,P0352,2,42849,4
I06977,O00871,P0264,5,75075,10
I06978,O01544,P0382,5,6675,33
I06979,O01856,P0426,3,86944,7
I06980,O04551,P0330,2,89779,40
I06981,O02723,P0294,3,96132,5
I06982,O02307,P0299,2,75234,16
I06983,O03694,P0354,3,16729,19
I06984,O01911,P0194,5,19438,38
I06985,O02208,P0013,5,29391,11
I06986,O03280,P0235,2,87276,11
I06987,O02980,P0171,3,25217,40
I06988,O00010,P0442,2,72844,16
I06989,O02218,P0035,3,50782,36
I06990,O01257,P0097,2,76933,28
I06991,O04908,P0255,5,62312,18
I06992,O01775,P0191,1,14846,21
I06993,O04276,P0453,4,75395,34
I06994,O00713,P0201,5,1390,40
I06995,O01213,P0475,3,66105,38
I06996,O01984,P0024,2,68855,30
I06997,O03766,P0346,4,94805,30
I06998,O03456,P0175,3,69695,12
I06999,O00126,P0499,2,65301,38
I07000,O01444,P0111,1,67971,13
I07001,O03206,P0176,-5,92062,27
I07002,O02122,P0483,1,84427,22
I07003,O01672,P0160,1,43871,11
I07004,O00241,P0386,2,31178,9
I07005,O02541,P0425,4,34417,21
I07006,O00019,P0413,2,33585,37
I07007,O02723,P0382,5,52307,40
I07008,O01889,P0353,5,56502,2
I07009,O02844,P0289,4,84711,5
I07010,O03294,P0313,5,41824,12
I07011,O00485,P0253,1,17173,10
I07012,O03699,P0112,4,94423,27
I07013,O02104,P0220,2,58277,8
I07014,O00384,P0280,4,80122,40
I07015,O03222,P0265,-5,88295,0
I07016,O02546,P0097,4,77685,32
I07017,O04157,P0010,5,42551,26
I07018,O02589,P0148,4,58654,36
I07019,O03008,P0104,4,69937,10
I07020,O00623,P0066,-3,7858,27
I07021,O00220,P0130,3,11991,7
I07022,O03298,P0384,4,18693,13
I07023,O01770,P0201,1,60422,32
I07024,O04368,P0186,5,99427,33
I07025,O01580,P0042,3,74380,30
I07026,O00386,P0099,1,1239,34
I07027,O04597,P0451,1,98646,3
I07028,O03897,P0219,2,84368,8
I07029,O03275,P0213,2,37995,30
I07030,O01137,P0247,5,73599,24
I07031,O00964,P0245,2,37738,35
I07032,O02021,P0441,1,76674,33
I07033,O00754,P0497,4,4095,7
I07034,O04156,P0363,3,74713,36
I07035,O01570,P0498,2,55331,14
I07036,O04808,P0331,3,85042,35
I07037,O03241,P0242,1,16620,19
I07038,O02045,P0431,5,36549,4
I07039,O01634,P0239,-3,52195,29
I07040,O01384,P0276,2,74439,14
I07041,O01481,P0282,3,80887,31
I07042,O02171,P0247,4,42265,17
I07043,O01375,P0333,3,44001,27
I07044,O00156,P0229,4,17986,28
I07045,O00373,P0422,5,15454,29
I07046,O04703,P0075,5,29752,38
I07047,O03041,P0153,5,30935,23
I07048,O02677,P0174,5,6078,21
I07049,O02152,P0206,1,34749,15
I07050,O04655,P0402,2,50916,31
I07051,O04584,P0154,5,47761,13
I07052,O03434,P0017,1,51929,13
I07053,O01449,P0310,4,27204,35
I07054,O02286,P0118,3,93408,23
I07055,O01563,P0239,4,58485,20
I07056,O02352,P0189,5,83643,13
I07057,O04953,P0163,4,88424,7
I07058,O03614,P0119,3,82689,40
I07059,O02564,P0358,4,36246,26
I07060,O04195,P0248,3,14085,12
I07061,O00572,P0151,5,77934,28
I07062,O03949,P0233,4,73839,39
I07063,O00630,P0402,4,98794,4
I07064,O03529,P0189,5,66292,31
I07065,O02918,P0150,3,79090,25
I07066,O01974,P0357,5,99246,0
I07067,O03370,P0270,3,19365,33
I07068,O01576,P0486,4,59162,11
I07069,O03894,P0330,1,6368,34
I07070,O01948,P0299,5,37238,6
I07071,O03896,P0460,2,51481,1
I07072,O04004,P0190,4,832,14
I07073,O00350,P0218,3,40873,40
I07074,O03804,P0131,5,80051,18
I07075,O03301,P0072,4,38554,38
I07076,O02042,P0228,1,39910,8
I07077,O02020,P0178,4,15995,30
I07078,O04316,P0290,4,57462,16
I07079,O01603,P0252,4,97701,17
I07080,O03885,P0102,4,49519,20
I07081,O01692,P0136,2,29474,18
I07082,O02296,P0055,5,39326,24
I07083,O03561,P0246,5,76646,40
I07084,O04750,P0168,1,18940,36
I07085,O03592,P0323,1,55635,12
I07086,O00365,P0083,4,72590,10
I07087,O02712,P0096,1,41185,3
I07088,O02845,P0165,2,79387,17
I07089,O03902,P0149,3,89557,11
I07090,O04791,P0199,2,55710,29
I07091,O02622,P0401,1,30218,0
I07092,O03092,P0194,4,33086,16
I07093,O01114,P0345,3,51609,14
I07094,O00638,P0444,2,6002,19
I07095,O00246,P0387,5,45504,19
I07096,O01379,P0123,2,21378,26
I07097,O03934,P0004,5,98152,35
I07098,O02511,P0012,-2,4949,21
I07099,O02021,P0245,2,76984,6
I07100,O01854,P0123,3,82899,11
I07101,O04407,P0105,4,18718,32
I07102,O01893,P0153,-1,57741,39
I07103,O01329,P0130,2,48522,3
I07104,O04282,P0448,3,84143,40
I07105,O03061,P0401,5,32340,32
I07106,O02722,P0040,2,11695,40
I07107,O01218,P0199,2,33088,17
I07108,O01031,P0152,4,58364,31
I07109,O03750,P0356,2,28439,35
I07110,O00256,P0015,4,11477,17
I07111,O03106,P0425,3,75733,31
I07112,O00438,P0140,1,81912,15
I07113,O03199,P0264,5,66022,27
I07114,O02550,P0256,5,42800,21
I07115,O00755,P0437,2,22632,17
I07116,O04103,P0345,3,29410,26
I07117,O04611,P0063,4,40702,8
I07118,O04626,P0211,5,60783,29
I07119,O03296,P0461,1,24421,4
I07120,O02957,P0173,4,65109,35
I07121,O03389,P0288,3,96317,24
I07122,O00228,P0063,3,21732,38
I07123,O01545,P0369,4,98842,17
I07124,O01226,P0114,5,25776,1
I07125,O02439,P0378,2,36156,28
I07126,O01471,P0137,2,4444,18
I07127,O03920,P0383,3,59697,33
I07128,O01982,P0254,4,60764,0
I07129,O01791,P0191,2,46857,3
I07130,O01405,P0108,4,82260,8
I07131,O01114,P0498,5,37350,6
I07132,O00843,P0380,1,92723,34
I07133,O02661,P0411,2,16200,29
I07134,O01283,P0066,1,58543,11
I07135,O00873,P0141,1,81174,14
I07136,O03113,P0353,1,23014,23
I07137,O03316,P0147,4,6152,13
I07138,O03640,P0312,2,51774,16
I07139,O03058,P0490,3,53717,14
I07140,O00835,P0352,5,71202,25
I07141,O00923,P0457,1,26676,34
I07142,O03528,P0110,4,45494,20
I07143,O01194,P0194,4,52880,30
I07144,O03164,P0491,3,67906,9
I07145,O02872,P0473,3,13222,26
I07146,O02597,P0265,4,19207,13
I07147,O01819,P0357,4,50997,15
I07148,O04824,P0319,3,33174,15
I07149,O00280,P0312,1,69263,9
I07150,O00192,P0163,4,85314,4
I07151,O02974,P0311,2,46454,33
I07152,O01313,P0413,3,98780,18
I07153,O01775,P0274,2,59421,22
I07154,O04180,P0071,1,14741,39
I07155,O00941,P0134,1,30103,39
I07156,O04315,P0351,3,6880,5
I07157,O01487,P0290,5,8002,8
I07158,O01699,P0165,5,23871,31
I07159,O00363,P0284,4,24536,15
I07160,O00162,P0344,5,73221,7
I07161,O00801,P0185,5,91667,13
I07162,O01259,P0006,1,52550,32
I07163,O02528,P0394,-3,35801,13
I07164,O02838,P0029,3,14943,18
I07165,O00547,P0184,3,81733,15
I07166,O04510,P0077,3,92771,11
I07167,O01271,P0090,4,89750,25
I07168,O00754,P0308,5,87651,27
I07169,O02469,P0323,5,98636,30
I07170,O02356,P0221,4,63059,2
I07171,O00508,P0231,2,40621,35
I07172,O01305,P0500,5,4690,39
I07173,O03854,P0408,2,95578,38
I07174,O03736,P0329,3,15040,19
I07175,O04381,P0306,1,55296,12
I07176,O01508,P0365,1,22248,32
I07177,O00612,P0388,3,91842,27
I07178,O04193,P0298,3,38904,38
I07179,O00985,P0375,5,12940,30
I07180,O00560,P0199,5,8442,19
I07181,O00222,P0460,1,48905,24
I07182,O03674,P0021,4,12470,15
I07183,O04663,P0253,5,62103,37
I07184,O01294,P0054,5,35458,6
I07185,O01828,P0319,3,81241,33
I07186,O02548,P0034,5,45204,31
I07187,O02448,P0251,4,25564,19
I07188,O02108,P0367,5,33902,26
I07189,O00919,P0361,2,35775,10
I07190,O04844,P0174,2,80216,40
I07191,O01000,P0145,5,20711,25
I07192,O04037,P0498,5,62682,20
I07193,O01210,P0500,2,61765,26
I07194,O02305,P0337,1,84704,13
I07195,O04284,P0002,-5,59180,38
I07196,O04580,P0313,1,86376,40
I07197,O00976,P0104,2,22894,11
I07198,O03996,P0044,1,32100,33
I07199,O00489,P0041,1,87301,16
I07200,O00024,P0162,3,18832,38
I07201,O01773,P0039,3,17578,26
I07202,O03983,P0462,1,55136,15
I07203,O03322,P0487,4,6362,14
I07204,O04842,P0029,4,33436,29
I07205,O04446,P0081,1,42227,32
I07206,O03423,P0013,3,83245,15
I07207,O02740,P0309,1,17116,23
I07208,O02682,P0435,1,98537,1
I07209,O01795,P0032,5,3210,14
I07210,O01033,P0395,3,93175,39
I07211,O02296,P0412,1,30537,37
I07212,O01451,P0362,3,97546,0
I07213,O01150,P0051,4,74410,15
I07214,O01592,P0064,5,48728,31
I07215,O02688,P0408,3,91404,7
I07216,O02495,P0213,1,78347,27
I07217,O01213,P0036,1,47256,38
I07218,O01358,P0445,4,10684,34
I07219,O02616,P0110,4,59227,39
I07220,O03053,P0120,4,96248,0
I07221,O03902,P0073,4,35207,34
I07222,O02697,P0068,5,9381,7
I07223,O03684,P0104,3,69529,7
I07224,O03342,P0396,4,52659,30
I07225,O03765,P0296,5,94952,17
I07226,O03972,P0177,2,6599,0
I07227,O03967,P0245,2,44719,19
I07228,O01516,P0356,3,64984,24
I07229,O00254,P0486,5,1627,10
I07230,O00829,P0047,1,14119,0
I07231,O04211,P0250,1,83583,21
I07232,O04142,P0203,1,40182,36
I07233,O00183,P0378,3,10569,1
I07234,O02067,P0239,1,73570,2
I07235,O01795,P0464,4,27374,16
I07236,O00247,P0041,2,95218,6
I07237,O03360,P0178,3,18137,20
I07238,O02378,P0447,4,25935,27
I07239,O03104,P0011,2,78412,37
I07240,O03207,P0286,1,52438,21
I07241,O01983,P0225,4,95211,35
I07242,O04438,P0038,1,28726,15
I07243,O02182,P0424,5,85062,13
I07244,O04222,P0218,3,9962,34
I07245,O02156,P0447,4,36625,1
I07246,O00819,P0384,3,7019,11
I07247,O02237,P0004,1,70654,38
I07248,O00159,P0498,3,27701,30
I07249,O02575,P0145,5,62670,27
I07250,O04467,P0030,1,6458,25
I07251,O01110,P0079,5,62150,29
I07252,O04517,P0011,5,56653,17
I07253,O01340,P0406,3,95880,22
I07254,O03375,P0493,2,2809,27
I07255,O02367,P0479,4,80899,38
I07256,O00692,P0365,5,88809,13
I07257,O03413,P0418,3,35332,28
I07258,O00427,P0221,5,37818,20
I07259,O03246,P0087,5,73925,19
I07260,O02803,P0396,-5,62348,18
I07261,O02010,P0074,3,26899,37
I07262,O01630,P0419,2,1562,40
I07263,O01158,P0109,2,74466,23
I07264,O03678,P0464,1,34995,28
I07265,O02015,P0442,4,32081,24
I07266,O02907,P0111,4,26304,1
I07267,O02972,P0437,2,16346,15
I07268,O04465,P0265,5,68414,5
I07269,O00470,P0439,2,90686,7
I07270,O03445,P0373,1,54370,16
I07271,O02126,P0438,4,26333,19
I07272,O01660,P0082,4,58135,13
I07273,O04413,P0472,5,98327,39
I07274,O04987,P0054,3,83237,28
I07275,O02986,P0016,4,39522,7
I07276,O01249,P0437,3,13484,18
I07277,O03164,P0201,2,68934,24
I07278,O02936,P0392,5,92187,30
I07279,O04494,P0132,4,28852,16
I07280,O04399,P0111,4,57140,13
I07281,O03830,P0232,1,93576,34
I07282,O03062,P0148,5,11655,17
I07283,O01657,P0187,2,77314,11
I07284,O04401,P0343,3,68941,0
I07285,O01886,P0322,1,93843,8
I07286,O04728,P0088,3,38510,30
I07287,O01610,P0217,4,23100,39
I07288,O00277,P0251,4,19453,36
I07289,O03633,P0281,1,17347,30
I07290,O01564,P0136,5,63038,17
I07291,O00232,P0230,3,60685,7
I07292,O01782,P0436,5,77298,36
I07293,O01160,P0063,4,58458,38
I07294,O04778,P0263,3,15252,20
I07295,O04038,P0148,4,72804,26
I07296,O02604,P0194,4,95455,19
I07297,O02265,P0143,4,90034,26
I07298,O03815,P0493,2,26667,27
I07299,O03261,P0243,3,68507,29
I07300,O04579,P0463,3,20435,25
I07301,O04943,P0242,2,48626,30
I07302,O00530,P0167,1,53091,31
I07303,O01753,P0466,3,9249,12
I07304,O00962,P0296,3,73445,40
I07305,O00997,P0270,4,61910,18
I07306,O00089,P0253,2,45713,24
I07307,O03458,P0133,1,22331,13
I07308,O01684,P0011,2,83834,37
I07309,O02229,P0299,5,75885,19
I07310,O03415,P0062,5,92381,31
I07311,O01675,P0241,2,18645,13
I07312,O03295,P0362,3,84686,31
I07313,O02493,P0072,3,15182,10
I07314,O00221,P0456,1,39918,35
I07315,O02932,P0002,1,2670,25
I07316,O02864,P0016,1,27804,39
I07317,O03599,P0248,3,85345,27
I07318,O03875,P0230,1,19934,30
I07319,O04127,P0134,5,46147,12
I07320,O04581,P0382,1,56569,21
I07321,O02726,P0109,3,26487,4
I07322,O01393,P0491,2,76481,25
I07323,O04717,P0029,2,98699,21
I07324,O04034,P0001,5,66172,5
I07325,O03864,P0224,1,20504,3
I07326,O01892,P0268,1,10300,19
I07327,O00356,P0265,5,92447,16
I07328,O00017,P0120,4,50976,27
I07329,O04289,P0286,4,5342,30
I07330,O04875,P0039,4,80597,33
I07331,O03949,P0003,5,44937,19
I07332,O01562,P0007,3,12477,32
I07333,O03099,P0441,1,59150,16
I07334,O00507,P0080,3,58858,20
I07335,O04244,P0419,3,3593,0
I07336,O00536,P0220,4,21122,18
I07337,O00255,P0214,5,32865,32
I07338,O00669,P0087,4,65052,15
I07339,O01027,P0404,3,18443,40
I07340,O02374,P0374,4,10816,16
I07341,O01513,P0497,5,17991,29
I07342,O02234,P0280,2,64226,20
I07343,O03350,P0092,1,83915,14
I07344,O02972,P0175,1,36518,39
I07345,O01051,P0070,4,37145,23
I07346,O02432,P0330,3,29009,5
I07347,O03040,P0402,1,88503,35
I07348,O02497,P0013,4,72212,34
I07349,O00161,P0301,1,11175,19
I07350,O03864,P0158,2,99454,30
I07351,O02893,P0441,4,48149,37
I07352,O04671,P0462,3,19073,22
I07353,O01640,P0024,1,54983,32
I07354,O02681,P0017,4,15427,13
I07355,O00813,P0218,1,95910,32
I07356,O03034,P0105,5,3692,10
I07357,O02987,P0064,2,27314,8
I07358,O01465,P0459,4,25943,25
I07359,O02222,P0488,2,78992,13
I07360,O02183,P0013,4,33761,13
I07361,O01411,P0094,4,20161,2
I07362,O04493,P0253,1,12192,28
I07363,O04633,P0417,2,37902,35
I07364,O03980,P0017,2,24153,31
I07365,O02762,P0331,1,39518,0
I07366,O02915,P0279,5,39646,14
I07367,O01276,P0416,2,75728,28
I07368,O04423,P0072,1,64181,30
I07369,O00204,P0016,1,34892,39
I07370,O04674,P0231,4,8288,9
I07371,O00007,P0440,2,16724,17
I07372,O02959,P0473,1,80697,26
I07373,O01897,P0253,2,51276,20
I07374,O02330,P0205,5,98847,39
I07375,O00789,P0141,5,4760,14
I07376,O00150,P0006,5,53694,22
I07377,O01738,P0136,4,15390,10
I07378,O03869,P0488,5,96468,15
I07379,O02776,P0148,5,69184,18
I07380,O01160,P0199,4,8689,30
I07381,O00114,P0451,1,55453,22
I07382,O04084,P0034,3,54599,10
I07383,O02615,P0023,4,895,16
I07384,O00267,P0142,2,63833,25
I07385,O01510,P0293,5,50572,14
I07386,O01241,P0456,4,16538,10
I07387,O03970,P0220,2,70860,21
I07388,O01524,P0294,3,704,0
I07389,O00991,P0081,3,80034,11
I07390,O04955,P0247,1,10767,19
I07391,O02996,P0334,4,59930,5
I07392,O01920,P0120,2,40691,38
I07393,O00282,P0054,4,586,34
I07394,O04313,P0064,3,18534,24
I07395,O00325,P0169,1,94972,26
I07396,O04810,P0316,2,89718,38
I07397,O01315,P0091,4,84444,36
I07398,O02725,P0243,3,26159,0
I07399,O02562,P0047,5,37179,2
I07400,O01321,P0079,3,30496,40
I07401,O01611,P0481,4,94214,22
I07402,O00824,P0471,2,8224,5
I07403,O00888,P0182,3,14774,3
I07404,O00783,P0015,4,86991,0
I07405,O02637,P0226,3,13716,15
I07406,O02288,P0370,5,88068,13
I07407,O02022,P0251,1,56349,14
I07408,O02831,P0435,1,11195,19
I07409,O03508,P0103,3,2878,25
I07410,O01709,P0313,5,91543,17
I07411,O01479,P0133,5,90593,39
I07412,O03400,P0460,1,87143,1
I07413,O00449,P0375,1,10623,10
I07414,O01440,P0421,1,31130,23
I07415,O00557,P0287,4,94581,36
I07416,O01079,P0127,5,35514,28
I07417,O03485,P0158,2,38106,19
I07418,O00396,P0168,1,38307,26
I07419,O02456,P0451,4,50212,29
I07420,O01456,P0499,5,56038,35
I07421,O03671,P0015,3,41005,39
I07422,O03805,P0055,3,5129,19
I07423,O02184,P0028,4,4775,39
I07424,O02374,P0156,1,86366,0
I07425,O02974,P0424,5,13614,14
I07426,O01932,P0308,2,31167,39
I07427,O02542,P0449,3,44467,32
I07428,O00021,P0278,3,50255,0
I07429,O03599,P0347,2,76323,11
I07430,O00159,P0427,3,8182,38
I07431,O02917,P0031,2,55822,25
I07432,O04319,P0480,4,17567,26
I07433,O01524,P0269,5,83384,28
I07434,O03657,P0167,2,89881,3
I07435,O00730,P0153,4,30020,6
I07436,O02440,P0181,5,43609,14
I07437,O03775,P0382,2,30573,22
I07438,O00999,P0429,5,86115,5
I07439,O00943,P0455,4,35942,13
I07440,O02125,P0163,-3,84419,18
I07441,O02057,P0317,2,24399,3
I07442,O04161,P0027,2,72926,25
I07443,O01890,P0188,3,61430,28
I07444,O03428,P0372,4,84896,6
I07445,O04053,P0269,2,74243,9
I07446,O01489,P0219,3,46190,10
I07447,O04165,P0069,5,34615,9
I07448,O00292,P0342,2,65105,3
I07449,O00197,P0421,1,62571,23
I07450,O02699,P0486,4,43230,13
I07451,O01547,P0380,5,81110,36
I07452,O00351,P0493,3,7981,11
I07453,O04666,P0220,4,11868,19
I07454,O04565,P0097,1,83510,39
I07455,O04013,P0409,1,20023,35
I07456,O02958,P0022,5,99280,26
I07457,O02915,P0348,1,41457,10
I07458,O02158,P0269,3,32188,2
I07459,O02630,P0117,4,51345,17
I07460,O04737,P0028,2,86524,7
I07461,O04054,P0113,3,77822,18
I07462,O03293,P0193,2,67346,9
I07463,O03934,P0149,2,66646,6
I07464,O01987,P0109,2,66408,14
I07465,O01157,P0082,4,56310,11
I07466,O00831,P0029,2,79790,9
I07467,O01844,P0335,2,78732,24
I07468,O00627,P0160,2,54941,33
I07469,O00966,P0165,4,64707,39
I07470,O03369,P0476,5,26464,25
I07471,O01907,P0476,4,21009,19
I07472,O02849,P0448,5,5586,26
I07473,O00752,P0094,5,79632,22
I07474,O00088,P0309,3,75553,24
I07475,O04461,P0059,5,23105,15
I07476,O02477,P0172,4,40587,40
I07477,O00045,P0191,3,23041,1
I07478,O04278,P0221,3,21450,6
I07479,O02113,P0039,2,45790,8
I07480,O04656,P0352,3,93071,26
I07481,O00893,P0256,5,19243,18
I07482,O04313,P0363,3,80468,22
I07483,O02017,P0161,2,30767,10
I07484,O04703,P0036,3,93826,24
I07485,O04374,P0305,2,23974,3
I07486,O01128,P0287,1,49954,7
I07487,O03544,P0248,2,17068,38
I07488,O02049,P0415,1,97466,9
I07489,O00236,P0342,1,70255,6
I07490,O03807,P0395,5,42594,9
I07491,O03980,P0221,3,2855,20
I07492,O04634,P0193,4,80321,40
I07493,O00641,P0119,2,97224,40
I07494,O03448,P0429,5,19555,22
I07495,O02932,P0153,3,17265,7
I07496,O03092,P0017,2,65560,31
I07497,O03197,P0340,1,37925,4
I07498,O04013,P0408,1,86457,27
I07499,O01689,P0454,1,95415,24
I07500,O01873,P0207,2,41676,10
I07501,O03493,P0458,4,17020,39
I07502,O04587,P0246,5,16069,14
I07503,O00833,P0293,1,38751,13
I07504,O01546,P0307,5,70161,1
I07505,O01425,P0194,2,33374,13
I07506,O02286,P0080,5,82449,35
I07507,O04382,P0173,4,34825,4
I07508,O02473,P0446,5,42755,7
I07509,O01627,P0047,1,1789,25
I07510,O02835,P0224,1,51287,2
I07511,O04433,P0454,3,3565,15
I07512,O04278,P0139,3,54165,9
I07513,O01253,P0279,4,94464,0
I07514,O00320,P0201,-4,81322,38
I07515,O01051,P0222,5,19182,37
I07516,O01215,P0128,5,80130,34
I07517,O00547,P0151,5,50531,20
I07518,O00646,P0475,3,38500,26
I07519,O00804,P0011,3,20519,5
I07520,O02362,P0291,4,50191,23
I07521,O01615,P0012,-1,74119,27
I07522,O02978,P0049,3,78682,30
I07523,O02211,P0369,4,82207,40
I07524,O00992,P0206,1,93928,36
I07525,O00662,P0239,3,60102,34
I07526,O04249,P0343,2,39018,25
I07527,O01350,P0440,1,37353,1
I07528,O04034,P0265,3,76968,12
I07529,O04189,P0190,3,53342,28
I07530,O02530,P0127,1,3065,18
I07531,O03939,P0262,1,87382,27
I07532,O04509,P0187,2,67664,18
I07533,O00847,P0358,1,64729,33
I07534,O00015,P0197,2,47814,23
I07535,O01693,P0232,1,36426,6
I07536,O01199,P0180,4,82863,7
I07537,O03656,P0100,1,49025,12
I07538,O02151,P0156,4,2495,1
I07539,O03685,P0379,1,66050,0
I07540,O04697,P0429,2,85072,9
I07541,O02601,P0002,1,18053,10
I07542,O04850,P0174,2,3347,5
I07543,O01361,P0151,5,1032,32
I07544,O02319,P0114,5,4192,30
I07545,O04519,P0165,2,11196,12
I07546,O03224,P0227,3,71813,18
I07547,O01853,P0039,1,58235,32
I07548,O03327,P0174,1,93544,19
I07549,O01747,P0011,4,26941,40
I07550,O02639,P0240,5,62833,13
I07551,O04138,P0379,4,76703,22
I07552,O00953,P0443,4,75814,39
I07553,O02772,P0054,4,29181,27
I07554,O04248,P0173,1,98148,19
I07555,O04779,P0164,5,19235,17
I07556,O02042,P0248,1,27278,40
I07557,O03031,P0395,1,98811,15
I07558,O00611,P0153,1,33395,20
I07559,O00601,P0026,2,79285,2
I07560,O03246,P0037,1,64737,12
I07561,O04019,P0405,1,50615,11
I07562,O04066,P0026,4,72268,3
I07563,O04044,P0248,1,10007,1
I07564,O00207,P0227,3,54101,3
I07565,O03305,P0434,5,39810,2
I07566,O02325,P0242,3,55404,26
I07567,O04996,P0197,2,90057,38
I07568,O00894,P0426,5,15862,25
I07569,O04200,P0492,2,66128,38
I07570,O04346,P0186,2,98585,0
I07571,O02118,P0258,2,88191,28
I07572,O02993,P0224,2,97665,13
I07573,O04714,P0164,3,56494,20
I07574,O02368,P0309,3,99790,36
I07575,O04795,P0108,4,56764,22
I07576,O04265,P0099,1,98633,29
I07577,O04502,P0210,3,78989,28
I07578,O00102,P0239,3,46405,33
I07579,O04377,P0007,1,37344,40
I07580,O03104,P0127,4,91878,37
I07581,O02132,P0446,5,1665,11
I07582,O01791,P0101,4,73038,37
I07583,O04953,P0361,5,12386,3
I07584,O02963,P0228,5,71779,1
I07585,O04040,P0116,5,45713,0
I07586,O04125,P0137,1,42308,2
I07587,O03001,P0043,3,73361,37
I07588,O00152,P0347,5,26988,15
I07589,O02836,P0183,4,59355,3
I07590,O01521,P0069,4,25139,0
I07591,O00719,P0001,1,31177,15
I07592,O02694,P0379,1,95352,5
I07593,O03882,P0427,5,90438,4
I07594,O01944,P0040,4,1422,35
I07595,O02822,P0092,5,24215,11
I07596,O02221,P0446,1,84887,36
I07597,O04014,P0370,1,87685,26
I07598,O03826,P0392,4,97828,40
I07599,O03313,P0391,1,70443,31
I07600,O03571,P0286,2,596,13
I07601,O04948,P0396,5,25626,1
I07602,O03319,P0338,2,43814,3
I07603,O00955,P0198,5,12165,23
I07604,O01862,P0243,4,11906,36
I07605,O02412,P0388,5,40640,40
I07606,O00757,P0303,1,53889,14
I07607,O02865,P0453,1,39531,27
I07608,O03224,P0326,2,76490,5
I07609,O02042,P0202,3,4563,31
I07610,O02573,P0352,5,90292,29
I07611,O01013,P0380,3,31619,32
I07612,O01100,P0082,3,58434,2
I07613,O04463,P0306,1,62973,4
I07614,O01113,P0091,4,65473,15
I07615,O02562,P0348,4,67946,10
I07616,O04457,P0452,4,39010,18
I07617,O03251,P0216,2,45728,40
I07618,O04610,P0493,4,44253,2
I07619,O00624,P0249,4,88298,24
I07620,O03263,P0084,4,51435,22
I07621,O03096,P0398,2,48433,32
I07622,O04952,P0440,4,87309,37
I07623,O03189,P0207,2,62894,6
I07624,O00363,P0142,2,37285,8
I07625,O04237,P0038,-4,62345,26
I07626,O02598,P0493,1,94952,8
I07627,O03008,P0303,2,99260,39
I07628,O02220,P0352,4,74380,39
I07629,O03596,P0338,1,30552,16
I07630,O01198,P0449,4,73142,38
I07631,O02008,P0270,5,50406,16
I07632,O00360,P0422,1,26634,34
I07633,O01461,P0053,2,96646,29
I07634,O04119,P0115,3,89477,5
I07635,O02110,P0356,2,95555,28
I07636,O03456,P0134,4,30951,15
I07637,O01847,P0086,5,80831,38
I07638,O03407,P0256,1,59896,34
I07639,O02685,P0404,4,23486,8
I07640,O02908,P0009,2,43103,5
I07641,O03245,P0160,2,85734,25
I07642,O00503,P0043,4,55877,9
I07643,O04144,P0020,5,11404,1
I07644,O01554,P0015,5,38445,36
I07645,O00190,P0371,4,1459,3
I07646,O00693,P0272,5,50007,26
I07647,O04672,P0455,5,48796,39
I07648,O04206,P0463,1,608,31
I07649,O02495,P0114,2,49548,17
I07650,O01726,P0216,4,66049,21
I07651,O04163,P0041,3,95999,19
I07652,O02183,P0158,1,33821,23
I07653,O04978,P0350,3,35213,0
I07654,O01819,P0206,2,86609,20
I07655,O02579,P0001,1,88705,6
I07656,O01695,P0344,-4,18987,36
I07657,O00950,P0230,1,8946,20
I07658,O04312,P0184,4,3385,1
I07659,O00504,P0001,4,79752,4
I07660,O00785,P0348,2,32576,31
I07661,O00623,P0231,-3,53688,19
I07662,O02396,P0450,2,42834,29
I07663,O00496,P0181,5,39373,4
I07664,O02346,P0255,1,18785,17
I07665,O02201,P0369,4,45056,23
I07666,O02828,P0306,4,50157,7
I07667,O03208,P0220,5,51179,19
I07668,O00444,P0406,1,82584,30
I07669,O03629,P0440,5,40188,2
I07670,O04623,P0066,3,92052,20
I07671,O03197,P0235,4,38314,35
I07672,O02014,P0402,4,80306,36
I07673,O01268,P0465,5,49841,37
I07674,O04564,P0074,3,8500,5
I07675,O04641,P0122,2,30276,21
I07676,O00367,P0295,1,89086,36
I07677,O01867,P0462,2,83534,32
I07678,O02418,P0469,5,80043,9
I07679,O02098,P0329,5,80762,7
I07680,O04498,P0330,1,19904,34
I07681,O01337,P0350,1,60901,29
I07682,O04042,P0462,5,14971,34
I07683,O04197,P0083,5,31348,18
I07684,O04010,P0123,4,591,29
I07685,O02093,P0233,1,91900,1
I07686,O02687,P0134,5,73407,22
I07687,O01449,P0133,5,82577,34
I07688,O02378,P0138,5,5876,24
I07689,O04315,P0255,5,22954,5
I07690,O00664,P0457,5,81951,13
I07691,O03539,P0450,4,95691,15
I07692,O01888,P0253,2,6787,22
I07693,O00699,P0093,5,5556,37
I07694,O01468,P0340,5,63817,14
I07695,O04346,P0127,5,44697,7
I07696,O03760,P0439,2,94030,0
I07697,O00163,P0140,3,95198,28
I07698,O02688,P0403,1,59563,37
I07699,O04716,P0072,4,93527,15
I07700,O00674,P0016,1,7277,2
I07701,O01000,P0384,1,45880,24
I07702,O02075,P0388,4,63231,16
I07703,O00359,P0465,1,44254,3
I07704,O04309,P0377,1,84768,26
I07705,O01447,P0122,1,64091,2
I07706,O01169,P0278,4,5662,27
I07707,O03421,P0438,5,7684,39
I07708,O04618,P0116,5,31493,23
I07709,O02710,P0267,4,20381,6
I07710,O02022,P0045,1,63644,0
I07711,O01990,P0112,1,76374,9
I07712,O02473,P0476,3,83620,23
I07713,O03126,P0096,1,25297,31
I07714,O03775,P0491,3,42403,31
I07715,O03446,P0403,2,20354,37
I07716,O00690,P0285,5,89474,24
I07717,O01501,P0288,1,75570,39
I07718,O01614,P0341,1,76275,37
I07719,O01504,P0020,5,53501,8
I07720,O04603,P0179,3,2967,15
I07721,O00467,P0078,1,5853,10
I07722,O04514,P0442,4,37167,20
I07723,O04810,P0017,1,50266,13
I07724,O01861,P0349,3,84362,9
I07725,O03696,P0028,1,97544,33
I07726,O00147,P0060,1,66767,19
I07727,O03805,P0493,5,88266,15
I07728,O03922,P0365,2,21880,18
I07729,O03966,P0464,4,93948,20
I07730,O03053,P0278,2,4704,33
I07731,O00795,P0362,4,88246,39
I07732,O04068,P0325,3,51943,32
I07733,O01422,P0169,2,63327,21
I07734,O01406,P0384,3,98613,5
I07735,O01408,P0430,5,72188,30
I07736,O04801,P0164,2,20153,2
I07737,O01608,P0307,4,35807,21
I07738,O01711,P0410,4,12747,2
I07739,O04651,P0453,3,94045,4
I07740,O04530,P0071,2,83769,17
I07741,O02909,P0498,1,40564,17
I07742,O02852,P0159,5,94202,24
I07743,O00474,P0235,3,10552,28
I07744,O04561,P0298,3,52242,11
I07745,O03221,P0415,4,50192,15
I07746,O03273,P0463,2,33085,6
I07747,O03501,P0200,1,30276,8
I07748,O02842,P0487,5,60128,12
I07749,O04975,P0255,4,85358,22
I07750,O03185,P0345,1,23930,3
I07751,O00627,P0157,2,84723,23
I07752,O04539,P0283,2,41535,36
I07753,O03122,P0361,2,89772,18
I07754,O03225,P0278,5,13652,16
I07755,O01280,P0263,2,33612,6
I07756,O03268,P0044,4,46824,9
I07757,O01480,P0347,1,66629,37
I07758,O00423,P0466,-5,50921,3
I07759,O01956,P0397,5,57380,30
I07760,O01903,P0476,2,21432,9
I07761,O01211,P0485,2,7519,16
I07762,O03923,P0062,5,40575,12
I07763,O03933,P0217,2,10132,18
I07764,O02173,P0488,-5,18202,13
I07765,O00933,P0245,3,35300,19
I07766,O02851,P0458,2,27291,37
I07767,O00826,P0247,1,30976,14
I07768,O02038,P0069,1,60456,39
I07769,O03311,P0027,1,58029,28
I07770,O01378,P0291,5,94675,32
I07771,O04638,P0096,3,79621,18
I07772,O03626,P0474,1,16291,29
I07773,O03212,P0005,1,23837,18
I07774,O02055,P0483,1,81319,13
I07775,O00920,P0444,3,77917,3
I07776,O02765,P0449,2,24759,18
I07777,O04589,P0204,4,46867,32
I07778,O02417,P0458,4,19567,13
I07779,O02607,P0397,4,16765,21
I07780,O02701,P0091,1,9181,22
I07781,O02625,P0383,4,63118,7
I07782,O02530,P0345,1,77851,6
I07783,O03877,P0289,1,72639,18
I07784,O02072,P0005,3,31436,20
I07785,O02257,P0378,3,83421,40
I07786,O01570,P0152,4,87748,13
I07787,O04057,P0122,3,23721,39
I07788,O02082,P0350,4,54396,32
I07789,O01984,P0354,5,80813,6
I07790,O01957,P0148,2,44537,32
I07791,O04554,P0490,-5,15834,36
I07792,O01082,P0270,4,24357,34
I07793,O02593,P0096,4,61235,40
I07794,O04706,P0089,2,69949,3
I07795,O02240,P0457,4,4486,2
I07796,O04296,P0403,1,67081,14
I07797,O04785,P0377,2,29691,40
I07798,O01380,P0114,5,51041,37
I07799,O04024,P0125,4,12979,30
I07800,O03346,P0436,2,60035,12
I07801,O01485,P0315,1,50151,17
I07802,O02650,P0349,3,4602,31
I07803,O01820,P0165,5,52423,36
I07804,O00493,P0290,2,50141,22
I07805,O02637,P0168,3,27309,14
I07806,O00387,P0068,4,83464,33
I07807,O01496,P0026,2,91442,26
I07808,O04037,P0078,2,28515,24
I07809,O02445,P0298,2,30848,12
I07810,O00880,P0087,-5,4088,14
I07811,O00920,P0405,1,24675,37
I07812,O02469,P0485,-2,61339,13
I07813,O00603,P0264,5,60110,5
I07814,O00382,P0342,1,77772,21
I07815,O00667,P0463,5,49805,11
I07816,O01999,P0441,5,50809,23
I07817,O02753,P0402,3,63001,6
I07818,O02255,P0120,5,21993,37
I07819,O00113,P0218,4,64449,36
I07820,O02472,P0055,2,96515,33
I07821,O03167,P0025,2,66881,33
I07822,O00079,P0016,5,3860,14
I07823,O02879,P0314,4,4185,35
I07824,O04810,P0123,4,16343,34
I07825,O00762,P0057,5,54461,10
I07826,O04922,P0194,2,11069,39
I07827,O04247,P0176,2,37009,26
I07828,O01958,P0103,5,87203,25
I07829,O03350,P0050,2,66925,10
I07830,O04063,P0351,4,62074,7
I07831,O00899,P0493,1,69501,8
I07832,O01078,P0308,5,46246,2
I07833,O04019,P0354,3,45063,17
I07834,O02613,P0373,1,90955,14
I07835,O02986,P0160,2,61780,4
I07836,O03815,P0150,1,26194,33
I07837,O02978,P0199,4,38154,18
I07838,O02938,P0300,2,24765,3
I07839,O01051,P0093,4,98304,10
I07840,O04755,P0201,5,53490,32
I07841,O02005,P0168,3,92149,30
I07842,O01574,P0285,4,76026,26
I07843,O04366,P0271,4,74167,35
I07844,O02819,P0406,3,71177,6
I07845,O04892,P0411,5,40889,36
I07846,O00166,P0481,2,81258,40
I07847,O02204,P0371,3,78515,7
I07848,O03901,P0310,4,5815,5
I07849,O03343,P0279,5,64128,8
I07850,O01907,P0437,4,80845,8
I07851,O02655,P0048,1,33166,3
I07852,O01689,P0378,5,29796,21
I07853,O02255,P0328,1,6931,24
I07854,O04970,P0456,1,77604,25
I07855,O04878,P0090,1,37472,31
I07856,O04538,P0456,3,90825,34
I07857,O01865,P0048,5,29864,36
I07858,O03586,P0192,4,72497,31
I07859,O03897,P0240,4,51966,8
I07860,O03516,P0382,3,78968,32
I07861,O02194,P0187,5,76288,21
I07862,O04780,P0146,3,25465,10
I07863,O00685,P0346,4,56790,31
I07864,O00096,P0230,3,72296,27
I07865,O01772,P0279,3,63471,0
I07866,O04930,P0396,2,35962,13
I07867,O02022,P0364,3,69454,9
I07868,O00988,P0206,4,10096,38
I07869,O02132,P0320,3,87309,25
I07870,O00531,P0112,2,55910,17
I07871,O04122,P0110,5,26629,20
I07872,O02805,P0485,2,42460,28
I07873,O03667,P0495,1,57667,3
I07874,O00536,P0108,3,19749,6
I07875,O03214,P0115,3,94758,21
I07876,O00455,P0226,1,86029,22
I07877,O01901,P0173,4,87564,11
I07878,O00951,P0086,3,88680,2
I07879,O02656,P0249,5,55589,9
I07880,O01816,P0272,4,32026,20
I07881,O01414,P0252,5,98707,7
I07882,O02228,P0157,5,60507,5
I07883,O02744,P0371,2,39293,34
I07884,O01095,P0305,2,19738,23
I07885,O03785,P0486,1,98575,8
I07886,O03145,P0353,2,19903,12
I07887,O00639,P0082,3,87959,37
I07888,O01563,P0422,2,12375,7
I07889,O00972,P0006,5,16073,24
I07890,O02710,P0092,5,91566,10
I07891,O03864,P0497,1,10203,28
I07892,O01407,P0241,5,85785,31
I07893,O02211,P0005,5,67094,7
I07894,O01434,P0274,3,11502,20
I07895,O02220,P0483,3,33664,29
I07896,O04542,P0189,4,34902,4
I07897,O03023,P0037,2,16155,0
I07898,O03132,P0271,-1,50457,24
I07899,O03470,P0009,5,51089,15
I07900,O04913,P0396,5,61964,35
I07901,O03973,P0086,5,67510,28
I07902,O01166,P0377,4,92272,31
I07903,O04148,P0328,3,99002,23
I07904,O02316,P0170,2,29667,32
I07905,O00218,P0021,5,62207,6
I07906,O00513,P0022,3,56331,24
I07907,O02371,P0143,1,75754,11
I07908,O04557,P0326,2,98131,38
I07909,O01349,P0280,4,26283,17
I07910,O04277,P0273,1,67999,1
I07911,O02826,P0376,1,19651,12
I07912,O04562,P0455,5,26392,2
I07913,O02620,P0001,5,79286,6
I07914,O04820,P0107,2,61940,12
I07915,O01966,P0065,4,12430,22
I07916,O01472,P0051,3,9016,36
I07917,O00373,P0363,1,34223,33
I07918,O04072,P0362,4,79037,35
I07919,O03079,P0304,1,37783,1
I07920,O04490,P0318,5,55497,30
I07921,O02968,P0108,3,14007,32
I07922,O03669,P0323,1,58965,4
I07923,O03023,P0463,2,99538,34
I07924,O04838,P0349,4,82086,7
I07925,O04421,P0500,4,87113,33
I07926,O01010,P0283,1,52090,18
I07927,O01870,P0125,4,4343,15
I07928,O03790,P0011,2,75711,40
I07929,O03368,P0463,4,58481,24
I07930,O02355,P0435,2,53667,35
I07931,O02720,P0223,3,18654,13
I07932,O04437,P0056,1,1294,16
I07933,O03987,P0484,4,93946,9
I07934,O03057,P0338,1,21579,16
I07935,O01309,P0024,2,21665,10
I07936,O03831,P0089,1,23143,14
I07937,O00828,P0097,4,81591,36
I07938,O00796,P0270,3,1941,26
I07939,O03592,P0215,1,24331,23
I07940,O02762,P0411,5,59402,26
I07941,O01316,P0454,2,82076,12
I07942,O00616,P0350,1,67922,12
I07943,O01289,P0090,4,13251,39
I07944,O04837,P0084,2,33190,37
I07945,O03533,P0006,3,76757,27
I07946,O00922,P0124,1,6307,37
I07947,O04425,P0230,4,28385,12
I07948,O01628,P0299,1,28119,24
I07949,O01911,P0167,3,95273,39
I07950,O01482,P0091,5,87651,38
I07951,O03658,P0365,3,38112,10
I07952,O04263,P0409,4,94575,2
I07953,O01173,P0024,2,95571,29
I07954,O03280,P0233,2,49551,27
I07955,O02122,P0399,-3,52538,23
I07956,O04625,P0476,-5,62348,31
I07957,O00127,P0379,4,81413,32
I07958,O02456,P0492,1,52288,28
I07959,O01486,P0123,3,4297,40
I07960,O01885,P0126,4,27374,10
I07961,O00959,P0055,4,14852,40
I07962,O03079,P0201,1,71658,20
I07963,O00812,P0241,2,30570,24
I07964,O04494,P0314,2,77275,30
I07965,O00588,P0239,2,1900,21
I07966,O00264,P0003,3,15927,6
I07967,O02088,P0093,3,58112,37
I07968,O03950,P0372,1,33513,18
I07969,O01311,P0367,-4,10085,25
I07970,O00320,P0201,3,17432,15
I07971,O04943,P0343,4,39347,8
I07972,O00296,P0461,1,51596,26
I07973,O00312,P0336,1,68549,8
I07974,O02850,P0495,3,38255,34
I07975,O00905,P0276,1,39536,37
I07976,O00608,P0446,4,84885,14
I07977,O01676,P0135,1,64624,3
I07978,O03868,P0112,2,11508,24
I07979,O04891,P0375,-3,30037,15
I07980,O00528,P0165,2,30629,40
I07981,O03413,P0443,1,66150,32
I07982,O01535,P0309,3,883,19
I07983,O02770,P0412,5,38496,17
I07984,O02921,P0457,4,92987,35
I07985,O00835,P0307,2,86655,30
I07986,O04874,P0217,4,87385,19
I07987,O02435,P0014,5,95456,5
I07988,O04018,P0115,2,85731,30
I07989,O03835,P0433,1,59163,27
I07990,O01226,P0003,1,82094,6
I07991,O02772,P0088,5,89449,8
I07992,O00142,P0228,5,34292,15
I07993,O01427,P0137,1,32375,31
I07994,O03508,P0375,5,32686,36
I07995,O01026,P0061,3,34244,16
I07996,O03868,P0190,4,31640,34
I07997,O03745,P0050,1,58481,39
I07998,O00449,P0091,-3,55791,32
I07999,O03357,P0050,2,41604,39
I08000,O00249,P0450,1,45939,18
I08001,O03265,P0294,3,96423,37
I08002,O00749,P0081,1,97343,1
I08003,O01400,P0358,1,67441,32
I08004,O01860,P0263,1,65648,17
I08005,O04343,P0495,2,89584,12
I08006,O01380,P0440,1,20623,23
I08007,O04716,P0498,-3,90450,18
I08008,O02457,P0460,2,33347,17
I08009,O04542,P0342,3,51121,25
I08010,O02771,P0447,4,70527,24
I08011,O02456,P0297,2,28116,18
I08012,O01705,P0472,2,32026,18
I08013,O01855,P0067,4,55622,30
I08014,O04119,P0386,4,63659,5
I08015,O04791,P0021,4,45246,0
I08016,O00447,P0021,5,32944,6
I08017,O03039,P0179,3,26364,8
I08018,O01836,P0172,3,75763,33
I08019,O04630,P0459,4,81741,15
I08020,O02516,P0417,1,42408,31
I08021,O01224,P0028,5,43891,33
I08022,O02398,P0357,5,72218,33
I08023,O00693,P0171,4,32567,17
I08024,O01831,P0051,2,9248,27
I08025,O01879,P0062,5,49897,4
I08026,O00747,P0262,2,92242,26
I08027,O01427,P0160,4,53096,39
I08028,O03185,P0265,3,78757,11
I08029,O01434,P0450,5,44648,23
I08030,O01407,P0240,1,16365,17
I08031,O03057,P0447,1,20190,31
I08032,O00649,P0033,2,17064,22
I08033,O01056,P0242,4,79921,2
I08034,O01724,P0270,4,45767,39
I08035,O01491,P0343,2,42029,24
I08036,O03552,P0230,1,4130,28
I08037,O02326,P0047,-5,52594,24
I08038,O04533,P0238,4,58280,33
I08039,O04130,P0235,5,38605,12
I08040,O03613,P0087,5,87359,8
I08041,O01038,P0028,3,49968,21
I08042,O01319,P0011,4,64815,37
I08043,O02657,P0476,4,2182,20
I08044,O00458,P0012,4,22373,40
I08045,O00430,P0486,2,8123,5
I08046,O03377,P0363,3,74129,21
I08047,O02601,P0437,1,8307,33
I08048,O03013,P0220,4,84006,3
I08049,O00705,P0204,5,44416,35
I08050,O01997,P0397,2,80408,22
I08051,O02132,P0315,2,3121,0
I08052,O00596,P0178,4,34535,39
I08053,O04600,P0007,4,56723,10
I08054,O00670,P0294,1,53716,3
I08055,O04060,P0493,2,62834,27
I08056,O01121,P0195,4,28387,34
I08057,O01915,P0024,3,26411,15
I08058,O01234,P0188,4,27614,12
I08059,O02232,P0407,1,51749,5
I08060,O00058,P0434,3,93635,6
I08061,O01321,P0244,1,68936,20
I08062,O00270,P0045,3,99377,4
I08063,O02557,P0065,4,80152,19
I08064,O04372,P0208,-4,56751,28
I08065,O04459,P0354,5,8476,23
I08066,O02423,P0427,4,86699,24
I08067,O00379,P0250,2,74990,22
I08068,O01144,P0011,5,29458,30
I08069,O00409,P0298,3,5610,20
I08070,O04383,P0325,3,64058,5
I08071,O03907,P0132,2,68621,11
I08072,O03338,P0116,5,99749,10
I08073,O01907,P0149,1,15072,40
I08074,O01236,P0383,2,55435,12
I08075,O01467,P0452,3,17368,15
I08076,O00178,P0321,-5,20367,15
I08077,O04855,P0200,4,92685,2
I08078,O02999,P0275,4,822,15
I08079,O03852,P0037,5,68601,26
I08080,O02619,P0468,2,40720,0
I08081,O02755,P0117,2,57315,25
I08082,O02006,P0288,1,71197,39
I08083,O00336,P0068,1,50234,33
I08084,O02310,P0240,2,31969,22
I08085,O01584,P0264,1,56959,27
I08086,O03672,P0435,2,49803,37
I08087,O00993,P0214,1,10859,9
I08088,O01177,P0305,1,80336,33
I08089,O02823,P0457,5,23116,36
I08090,O02344,P0083,2,23588,1
I08091,O02668,P0497,1,10320,14
I08092,O00632,P0109,5,70570,26
I08093,O03988,P0470,1,617,23
I08094,O04247,P0338,4,60358,26
I08095,O04856,P0416,1,89560,21
I08096,O01638,P0480,1,20721,4
I08097,O00161,P0001,4,26218,20
I08098,O01949,P0440,4,19376,3
I08099,O01668,P0173,4,31665,38
I08100,O04600,P0410,5,70080,30
I08101,O00887,P0341,4,23628,22
I08102,O01352,P0325,1,58739,13
I08103,O02363,P0151,1,87936,18
I08104,O03372,P0421,1,73980,8
I08105,O03996,P0285,5,82314,20
I08106,O04955,P0298,3,43280,4
I08107,O02177,P0253,1,3096,9
I08108,O01425,P0369,2,19220,17
I08109,O04401,P0429,2,69181,5
I08110,O04281,P0234,4,91869,20
I08111,O03199,P0443,5,23717,38
I08112,O04089,P0210,1,19904,11
I08113,O04616,P0259,3,18202,22
I08114,O03688,P0037,3,96299,12
I08115,O04438,P0147,2,66710,16
I08116,O02484,P0372,2,45731,2
I08117,O00504,P0158,5,54959,33
I08118,O03528,P0372,3,26340,26
I08119,O00860,P0169,2,73775,27
I08120,O00531,P0197,5,62009,18
I08121,O02334,P0339,4,29210,25
I08122,O00081,P0358,2,78738,12
I08123,O02391,P0428,3,70788,9
I08124,O01277,P0364,3,36790,10
I08125,O01575,P0236,3,14414,1
I08126,O01739,P0282,5,89466,37
I08127,O01880,P0096,3,79609,11
I08128,O00417,P0019,4,20115,4
I08129,O02423,P0466,4,25497,35
I08130,O04107,P0052,1,94304,17
I08131,O04175,P0175,4,62352,32
I08132,O00033,P0013,2,53043,13
I08133,O00623,P0146,4,68909,34
I08134,O03475,P0321,2,66222,37
I08135,O02991,P0391,3,92607,11
I08136,O04449,P0404,5,25383,16
I08137,O01112,P0381,5,54258,28
I08138,O03951,P0089,2,71715,30
I08139,O00942,P0497,3,48775,5
I08140,O02469,P0099,1,29420,31
I08141,O04162,P0093,2,81627,21
I08142,O00212,P0289,1,43091,31
I08143,O04480,P0282,1,55101,37
I08144,O04129,P0384,3,46107,35
I08145,O03728,P0003,3,38140,9
I08146,O00213,P0107,4,98958,16
I08147,O02022,P0184,5,56806,20
I08148,O03273,P0321,2,23691,33
I08149,O00617,P0029,2,99059,7
I08150,O01036,P0013,4,29931,7
I08151,O02635,P0073,4,92622,0
I08152,O02433,P0258,4,75688,8
I08153,O00578,P0011,2,91440,16
I08154,O02330,P0152,1,86968,1
I08155,O02533,P0176,4,27052,35
I08156,O01218,P0329,4,72449,0
I08157,O02605,P0230,2,60671,40
I08158,O04925,P0277,3,99748,24
I08159,O02985,P0132,3,37452,12
I08160,O01342,P0359,3,58500,18
I08161,O03088,P0159,3,9626,0
I08162,O01454,P0084,3,15828,36
I08163,O04022,P0377,3,86711,18
I08164,O02753,P0449,5,4301,4
I08165,O03446,P0111,1,45767,24
I08166,O04025,P0264,2,69720,12
I08167,O04395,P0370,1,25752,0
I08168,O04999,P0224,1,47756,21
I08169,O00430,P0176,5,81065,38
I08170,O00149,P0195,3,58725,33
I08171,O00683,P0169,1,99591,10
I08172,O02811,P0208,2,58237,14
I08173,O03422,P0366,2,33636,22
I08174,O00814,P0321,3,30315,8
I08175,O04427,P0219,2,60116,13
I08176,O04069,P0060,1,10525,31
I08177,O00250,P0439,3,80361,10
I08178,O03636,P0037,1,30087,29
I08179,O00444,P0359,5,13186,3
I08180,O02769,P0059,5,68403,17
I08181,O00937,P0056,-2,35001,25
I08182,O03046,P0195,3,92738,33
I08183,O01350,P0235,1,77249,6
I08184,O04562,P0146,5,73934,40
I08185,O04357,P0160,3,27710,22
I08186,O00279,P0050,-3,86980,18
I08187,O01946,P0416,3,69122,19
I08188,O01794,P0105,5,30541,16
I08189,O01412,P0170,-1,67160,13
I08190,O01842,P0411,4,54971,17
I08191,O04149,P0149,3,98967,39
I08192,O03279,P0016,4,31900,19
I08193,O00471,P0492,3,99691,7
I08194,O04407,P0311,1,2085,35
I08195,O04866,P0343,3,40056,20
I08196,O02225,P0456,2,21946,32
I08197,O04012,P0450,5,54828,27
I08198,O04949,P0470,2,51514,15
I08199,O02816,P0185,3,20328,39
I08200,O03601,P0271,4,15071,5
I08201,O02847,P0472,-1,839,26
I08202,O03407,P0123,4,48451,9
I08203,O00038,P0395,3,98342,30
I08204,O00218,P0182,1,90178,22
I08205,O03858,P0221,4,67392,37
I08206,O00050,P0052,2,71498,25
I08207,O04459,P0114,4,75140,19
I08208,O02589,P0230,1,11142,14
I08209,O00804,P0126,1,79371,1
I08210,O04965,P0043,3,83744,32
I08211,O02337,P0392,2,40728,14
I08212,O04094,P0470,2,83293,18
I08213,O01955,P0011,2,74112,26
I08214,O02680,P0082,2,37454,8
I08215,O01144,P0379,5,60945,24
I08216,O02869,P0124,4,22452,28
I08217,O01000,P0426,5,16065,9
I08218,O03645,P0396,2,27474,9
I08219,O04988,P0370,2,40250,37
I08220,O00033,P0420,5,57805,1
I08221,O01040,P0154,3,97072,32
I08222,O01437,P0327,2,35662,35
I08223,O01153,P0156,2,42301,7
I08224,O02232,P0132,4,42000,34
I08225,O04428,P0482,2,64241,8
I08226,O01049,P0041,2,96784,30
I08227,O00473,P0183,2,92390,15
I08228,O00694,P0398,4,17637,28
I08229,O02819,P0222,2,32620,25
I08230,O01801,P0190,2,44848,32
I08231,O03695,P0488,4,21669,16
I08232,O03889,P0055,2,53995,8
I08233,O00111,P0488,5,28628,7
I08234,O01461,P0287,4,42747,13
I08235,O01828,P0216,4,12523,13
I08236,O03565,P0219,2,45206,25
I08237,O03091,P0388,2,76860,5
I08238,O00622,P0183,4,36917,11
I08239,O03367,P0445,5,99321,38
I08240,O03509,P0363,1,55344,9
I08241,O03824,P0478,3,70762,14
I08242,O03396,P0390,5,94035,24
I08243,O02243,P0302,2,80672,39
I08244,O02950,P0453,4,65621,3
I08245,O03754,P0223,4,58671,19
I08246,O01515,P0028,2,51927,23
I08247,O03624,P0126,5,51607,14
I08248,O01723,P0139,3,31878,38
I08249,O04269,P0226,1,73747,24
I08250,O00271,P0244,2,50487,21
I08251,O00988,P0053,5,14607,26
I08252,O03733,P0140,5,33663,15
I08253,O00681,P0116,2,43589,28
I08254,O01198,P0237,2,89820,40
I08255,O04770,P0057,4,63149,39
I08256,O04254,P0101,5,75781,14
I08257,O02600,P0428,1,19151,19
I08258,O04173,P0254,3,90261,28
I08259,O03972,P0400,1,80770,14
I08260,O01809,P0153,4,21294,10
I08261,O02089,P0174,2,75720,18
I08262,O01687,P0420,4,34436,39
I08263,O03208,P0115,5,39797,11
I08264,O02963,P0468,4,34811,0
I08265,O01869,P0206,2,14687,9
I08266,O03553,P0332,3,44760,22
I08267,O03486,P0269,3,92832,8
I08268,O00156,P0161,4,28687,30
I08269,O00570,P0290,4,72873,11
I08270,O00220,P0436,3,58620,13
I08271,O01867,P0353,4,14822,11
I08272,O00611,P0336,5,52568,2
I08273,O03157,P0065,2,83742,7
I08274,O04398,P0063,1,23894,19
I08275,O00396,P0319,3,86210,4
I08276,O00580,P0385,2,48829,4
I08277,O01410,P0051,2,58472,14
I08278,O04716,P0015,1,46113,5
I08279,O01825,P0430,3,38125,26
I08280,O00347,P0180,1,9135,10
I08281,O01787,P0134,3,35859,35
I08282,O02866,P0121,3,31804,7
I08283,O03628,P0205,4,84896,22
I08284,O01164,P0477,4,40974,35
I08285,O01335,P0262,3,97068,35
I08286,O03279,P0095,-3,5267,0
I08287,O01978,P0386,5,59585,28
I08288,O00531,P0479,1,6824,8
I08289,O01833,P0175,1,40580,18
I08290,O00809,P0457,5,97792,20
I08291,O01185,P0444,2,97729,28
I08292,O02338,P0285,3,36091,8
I08293,O02875,P0010,2,74048,38
I08294,O01870,P0277,1,73123,27
I08295,O04667,P0359,2,67236,19
I08296,O00980,P0500,3,46807,7
I08297,O01254,P0452,1,65146,17
I08298,O04177,P0229,1,9752,18
I08299,O03040,P0379,1,50781,3
I08300,O01278,P0059,3,13455,8
I08301,O04638,P0325,4,37437,32
I08302,O03947,P0047,4,39677,7
I08303,O00298,P0484,2,46641,23
I08304,O01173,P0059,4,21213,27
I08305,O00998,P0169,2,73070,11
I08306,O00571,P0171,4,85498,10
I08307,O04880,P0349,5,56497,25
I08308,O02673,P0448,4,12351,21
I08309,O02484,P0432,2,14057,20
I08310,O00941,P0355,5,48020,18
I08311,O04621,P0487,4,21541,38
I08312,O02632,P0186,4,95936,12
I08313,O01491,P0056,1,25208,18
I08314,O01496,P0345,2,39209,38
I08315,O04236,P0098,4,50306,40
I08316,O04363,P0371,5,77462,7
I08317,O02102,P0081,2,37003,33
I08318,O04629,P0041,3,64740,14
I08319,O00448,P0379,3,10561,9
I08320,O02982,P0305,2,61085,1
I08321,O01111,P0395,5,7571,19
I08322,O00486,P0250,4,49584,8
I08323,O04924,P0196,5,26156,4
I08324,O02935,P0352,1,81278,20
I08325,O04719,P0076,1,80727,17
I08326,O01646,P0418,4,70935,10
I08327,O00760,P0317,3,11907,31
I08328,O00234,P0021,3,94741,0
I08329,O02163,P0297,2,69414,9
I08330,O00156,P0403,1,5137,1
I08331,O03993,P0145,1,57420,22
I08332,O00220,P0060,1,84048,26
I08333,O00220,P0255,4,26238,29
I08334,O00728,P0257,3,11566,26
I08335,O03892,P0420,4,62031,13
I08336,O00303,P0206,3,97937,34
I08337,O04776,P0021,2,6467,30
I08338,O03786,P0037,4,27038,14
I08339,O03577,P0412,2,91847,6
I08340,O01864,P0476,3,56077,3
I08341,O00467,P0260,4,30604,8
I08342,O03642,P0187,4,55923,10
I08343,O02257,P0071,5,1864,38
I08344,O01473,P0102,5,41396,22
I08345,O03245,P0378,1,14482,28
I08346,O01649,P0120,1,57603,16
I08347,O00113,P0295,3,31506,14
I08348,O03595,P0178,5,94058,40
I08349,O02229,P0040,3,72428,8
I08350,O01831,P0036,2,56523,10
I08351,O04987,P0013,3,61935,20
I08352,O01224,P0346,2,2294,2
I08353,O02888,P0399,5,54940,20
I08354,O01877,P0150,5,10447,14
I08355,O00807,P0051,5,48020,29
I08356,O04943,P0191,5,89182,40
I08357,O00451,P0012,3,44062,29
I08358,O04186,P0167,5,43491,35
I08359,O01848,P0148,2,78788,31
I08360,O02416,P0264,5,28834,24
I08361,O02420,P0360,3,91736,21
I08362,O04174,P0394,2,28758,1
I08363,O01813,P0470,5,55115,22
I08364,O00259,P0014,3,25354,31
I08365,O02529,P0356,1,19722,11
I08366,O04504,P0363,2,82828,3
I08367,O03052,P0001,2,78596,32
I08368,O02439,P0279,2,4049,37
I08369,O03148,P0141,3,49107,11
I08370,O01779,P0456,3,20575,13
I08371,O02468,P0195,4,29508,32
I08372,O03813,P0054,2,48841,26
I08373,O04927,P0397,5,34029,20
I08374,O01145,P0146,1,95757,29
I08375,O00755,P0012,1,95003,20
I08376,O01059,P0038,3,23555,26
I08377,O01534,P0101,4,54954,35
I08378,O01875,P0128,-2,41598,5
I08379,O01282,P0274,4,39613,2
I08380,O01078,P0469,3,5433,36
I08381,O03012,P0005,1,72017,29
I08382,O00500,P0400,4,89570,14
I08383,O02159,P0308,4,54805,21
I08384,O02955,P0364,2,72853,37
I08385,O03687,P0017,4,64390,11
I08386,O04405,P0046,5,9240,33
I08387,O02553,P0170,4,2368,28
I08388,O01006,P0306,1,20354,13
I08389,O04251,P0168,3,61090,19
I08390,O01546,P0459,5,37428,7
I08391,O00904,P0342,5,51080,34
I08392,O01529,P0017,2,65577,0
I08393,O04926,P0150,5,90508,3
I08394,O01849,P0341,5,66328,12
I08395,O04098,P0321,4,27721,18
I08396,O04971,P0205,3,55674,0
I08397,O02852,P0014,5,90672,2
I08398,O00622,P0237,5,90786,26
I08399,O03213,P0259,4,26130,28
I08400,O01601,P0026,3,17286,9
I08401,O04873,P0022,4,62820,9
I08402,O04205,P0284,4,27436,13
I08403,O03928,P0276,5,66041,2
I08404,O02654,P0460,1,6690,9
I08405,O02801,P0127,1,86737,29
I08406,O00985,P0144,1,11538,3
I08407,O01814,P0482,3,47524,4
I08408,O03271,P0070,5,31662,15
I08409,O00821,P0446,3,13340,10
I08410,O00189,P0272,1,96299,2
I08411,O01249,P0500,4,50915,12
I08412,O02155,P0411,1,68090,37
I08413,O04753,P0129,1,2970,23
I08414,O00745,P0221,2,72383,6
I08415,O04394,P0374,3,89205,33
I08416,O01619,P0123,3,49609,33
I08417,O00094,P0254,2,54660,0
I08418,O04165,P0319,-3,4067,18
I08419,O02026,P0053,5,24063,34
I08420,O04438,P0330,3,89413,14
I08421,O01124,P0427,1,82632,9
I08422,O03528,P0187,2,17352,35
I08423,O02229,P0422,4,54069,22
I08424,O02269,P0495,4,20577,19
I08425,O02858,P0268,2,42010,32
I08426,O04559,P0399,4,97272,14
I08427,O03320,P0049,5,24711,12
I08428,O02348,P0305,1,6887,6
I08429,O02206,P0473,1,97371,22
I08430,O00200,P0426,5,21314,40
I08431,O04621,P0075,4,60078,19
I08432,O03395,P0068,2,91407,38
I08433,O03692,P0433,5,22599,14
I08434,O02257,P0206,5,48273,24
I08435,O01996,P0012,4,21035,21
I08436,O04488,P0303,2,40726,20
I08437,O01266,P0496,4,24103,21
I08438,O04221,P0104,5,49425,5
I08439,O04672,P0098,5,41243,8
I08440,O02196,P0144,2,30806,26
I08441,O00501,P0183,2,59283,3
I08442,O01884,P0018,3,83734,23
I08443,O02310,P0336,5,53766,18
I08444,O01003,P0477,1,34633,24
I08445,O04423,P0120,4,63895,3
I08446,O03074,P0290,2,9452,14
I08447,O02117,P0218,4,69455,4
I08448,O03665,P0342,4,50573,27
I08449,O01535,P0340,1,33214,6
I08450,O00279,P0298,3,18411,37
I08451,O01104,P0341,1,42340,23
I08452,O01426,P0004,2,57401,13
I08453,O00370,P0371,5,39594,9
I08454,O04797,P0109,1,68299,4
I08455,O04276,P0340,5,23861,30
I08456,O00431,P0029,5,18688,25
I08457,O02520,P0080,1,79310,39
I08458,O02507,P0401,2,17679,34
I08459,O00536,P0416,1,24182,36
I08460,O03059,P0402,1,76579,13
I08461,O04714,P0157,3,73035,24
I08462,O00002,P0491,4,84533,9
I08463,O01296,P0454,5,59723,10
I08464,O03258,P0256,5,32945,4
I08465,O01007,P0318,4,46726,0
I08466,O03268,P0287,1,6996,29
I08467,O00022,P0062,3,94078,39
I08468,O03824,P0298,3,38057,40
I08469,O00169,P0279,3,53796,0
I08470,O03495,P0360,2,26583,23
I08471,O04309,P0384,3,79504,7
I08472,O04580,P0239,4,92245,23
I08473,O02088,P0140,3,34388,33
I08474,O03492,P0412,2,54736,28
I08475,O03920,P0408,3,83213,31
I08476,O04354,P0032,3,36207,37
I08477,O04827,P0344,3,62908,33
I08478,O03861,P0220,1,78517,10
I08479,O04799,P0028,4,61276,25
I08480,O03972,P0293,2,90962,21
I08481,O04740,P0268,1,49820,29
I08482,O01761,P0456,3,38490,1
I08483,O04179,P0376,4,31809,40
I08484,O04044,P0246,2,43582,33
I08485,O04579,P0093,3,75300,2
I08486,O01003,P0176,1,3986,6
I08487,O04049,P0436,1,72995,13
I08488,O01629,P0130,1,6824,32
I08489,O00414,P0215,2,82750,17
I08490,O04861,P0283,3,30653,5
I08491,O00323,P0432,5,1717,5
I08492,O04154,P0304,3,71354,37
I08493,O03524,P0164,1,83975,0
I08494,O04406,P0476,5,38294,5
I08495,O02880,P0191,2,65221,18
I08496,O02135,P0117,3,41609,21
I08497,O03644,P0377,3,91404,17
I08498,O01227,P0276,3,36445,19
I08499,O01320,P0145,5,43720,36
I08500,O00579,P0453,2,97782,25
I08501,O02954,P0058,4,21088,32
I08502,O01608,P0295,1,30564,26
I08503,O03800,P0076,3,30071,29
I08504,O01285,P0392,4,9098,24
I08505,O03521,P0048,5,96455,36
I08506,O02200,P0335,1,74421,22
I08507,O02477,P0494,1,34549,8
I08508,O04735,P0483,3,45654,20
I08509,O01648,P0051,2,92561,35
I08510,O03829,P0171,4,3976,1
I08511,O01542,P0120,1,92168,27
I08512,O02726,P0031,1,55431,15
I08513,O04311,P0089,2,90926,33
I08514,O03940,P0301,4,97591,6
I08515,O03916,P0352,4,90914,16
I08516,O03597,P0214,4,31192,31
I08517,O04092,P0271,4,2265,15
I08518,O00673,P0075,4,84164,20
I08519,O00124,P0105,4,67427,24
I08520,O01080,P0482,1,74448,31
I08521,O03198,P0283,1,67041,15
I08522,O01877,P0425,1,27718,21
I08523,O01517,P0375,1,30344,29
I08524,O04388,P0447,4,51885,33
I08525,O01953,P0444,5,45512,25
I08526,O02423,P0219,4,48950,14
I08527,O02766,P0334,1,76810,8
I08528,O02606,P0184,4,80729,18
I08529,O02463,P0156,2,96303,6
I08530,O02489,P0435,1,86148,30
I08531,O04641,P0278,3,13377,39
I08532,O02403,P0333,4,529,36
I08533,O04142,P0108,1,51737,12
I08534,O02235,P0385,1,71947,36
I08535,O01404,P0281,4,38862,19
I08536,O04459,P0402,1,51249,30
I08537,O04496,P0124,2,42773,7
I08538,O00048,P0105,4,82588,24
I08539,O01141,P0428,2,35734,35
I08540,O04444,P0259,4,15224,34
I08541,O00093,P0168,1,84036,38
I08542,O02021,P0192,5,32981,28
I08543,O04887,P0448,1,1657,36
I08544,O02771,P0148,2,97651,3
I08545,O03132,P0492,3,88399,5
I08546,O00265,P0285,2,37543,24
I08547,O04646,P0229,4,54557,21
I08548,O01651,P0257,1,86654,33
I08549,O03395,P0002,3,34335,23
I08550,O00765,P0414,1,80020,15
I08551,O01601,P0014,1,89015,10
I08552,O00992,P0166,2,2791,2
I08553,O04503,P0427,1,61190,20
I08554,O01333,P0453,3,83964,8
I08555,O04621,P0068,4,31829,7
I08556,O00125,P0192,1,80499,36
I08557,O04173,P0073,5,18939,28
I08558,O03498,P0337,4,92231,22
I08559,O03475,P0479,1,52981,37
I08560,O02778,P0158,4,51490,12
I08561,O01052,P0361,4,22775,10
I08562,O01847,P0191,2,67149,17
I08563,O00210,P0098,1,81494,30
I08564,O01895,P0410,1,93841,5
I08565,O03271,P0088,2,98596,14
I08566,O04362,P0286,3,23046,7
I08567,O02514,P0410,2,4741,17
I08568,O04199,P0093,3,18172,16
I08569,O01716,P0247,1,62409,18
I08570,O02736,P0330,4,69196,12
I08571,O01822,P0312,5,19017,38
I08572,O03764,P0452,1,12843,35
I08573,O02817,P0101,-4,51397,34
I08574,O00096,P0158,4,68280,3
I08575,O04070,P0213,4,48707,37
I08576,O03183,P0009,4,88645,32
I08577,O04449,P0417,2,16601,4
I08578,O00925,P0210,2,17588,7
I08579,O02941,P0422,4,80768,0
I08580,O01341,P0076,5,88055,11
I08581,O01512,P0435,4,69103,2
I08582,O00143,P0178,5,41535,14
I08583,O03110,P0140,3,42552,4
I08584,O00778,P0194,4,11792,12
I08585,O03238,P0375,2,7694,14
I08586,O03469,P0249,1,74970,9
I08587,O00261,P0444,2,89679,18
I08588,O04792,P0488,5,57718,16
I08589,O04077,P0059,-5,35718,21
I08590,O02590,P0128,3,99536,4
I08591,O00126,P0062,3,39351,39
I08592,O02769,P0164,2,78844,8
I08593,O01849,P0004,1,58320,17
I08594,O02189,P0016,1,98692,16
I08595,O00939,P0333,4,92484,17
I08596,O03009,P0111,5,35074,5
I08597,O00535,P0260,1,73824,14
I08598,O02410,P0395,3,17131,29
I08599,O03257,P0330,3,97973,8
I08600,O01879,P0138,1,28666,13
I08601,O03278,P0161,1,32264,5
I08602,O04419,P0052,5,92401,7
I08603,O01826,P0332,3,30780,36
I08604,O01799,P0093,4,8849,36
I08605,O02612,P0036,-2,12325,4
I08606,O02344,P0274,2,67214,19
I08607,O03214,P0467,4,97370,21
I08608,O04002,P0215,1,33494,10
I08609,O04376,P0177,4,29671,27
I08610,O03660,P0432,2,22700,29
I08611,O02901,P0382,4,29428,13
I08612,O00859,P0475,5,44011,16
I08613,O03662,P0434,2,26906,19
I08614,O03393,P0177,4,13721,40
I08615,O02298,P0007,4,80937,40
I08616,O04400,P0467,1,56666,31
I08617,O02712,P0096,3,79809,9
I08618,O04479,P0382,3,6711,7
I08619,O02155,P0285,4,25324,14
I08620,O02982,P0077,4,43929,16
I08621,O03476,P0113,2,48541,29
I08622,O04921,P0432,4,72689,23
I08623,O01690,P0400,4,5989,24
I08624,O03501,P0044,3,11957,2
I08625,O02417,P0465,3,88195,7
I08626,O01186,P0418,4,60737,8
I08627,O02015,P0206,4,43833,13
I08628,O04188,P0202,3,27769,16
I08629,O01375,P0383,5,24140,14
I08630,O00479,P0084,4,48230,29
I08631,O02654,P0493,2,32905,16
I08632,O04806,P0032,-3,37074,29
I08633,O03046,P0224,4,96387,24
I08634,O02749,P0466,5,71413,24
I08635,O00022,P0397,5,47300,6
I08636,O00385,P0022,4,68079,34
I08637,O03711,P0119,2,69180,28
I08638,O01316,P0038,3,28045,30
I08639,O00150,P0482,1,6135,12
I08640,O04846,P0462,2,12637,26
I08641,O01191,P0192,2,86184,5
I08642,O01060,P0078,5,82139,40
I08643,O00796,P0369,2,21685,17
I08644,O04251,P0021,3,18411,24
I08645,O00829,P0461,3,17986,26
I08646,O01203,P0091,4,10003,26
I08647,O02694,P0312,5,58609,11
I08648,O01188,P0174,5,86712,28
I08649,O00348,P0066,5,41598,19
I08650,O01766,P0363,2,7865,18
I08651,O01904,P0402,2,40136,4
I08652,O01115,P0124,3,58704,13
I08653,O03671,P0223,5,25673,13
I08654,O02794,P0238,4,22830,16
I08655,O01291,P0383,1,92820,31
I08656,O02950,P0072,5,78077,36
I08657,O02223,P0497,3,22551,5
I08658,O03212,P0324,3,94643,1
I08659,O00621,P0439,5,45054,15
I08660,O01247,P0202,3,8871,24
I08661,O02825,P0096,1,44472,38
I08662,O03091,P0050,4,71906,10
I08663,O01967,P0491,1,91404,40
I08664,O04094,P0358,4,68614,38
I08665,O00443,P0113,5,50259,23
I08666,O02946,P0181,3,98532,1
I08667,O00967,P0061,2,49794,9
I08668,O01006,P0053,5,36528,7
I08669,O02110,P0335,1,65582,36
I08670,O04478,P0004,5,14972,27
I08671,O01124,P0206,2,23150,13
I08672,O00548,P0376,4,26788,9
I08673,O01704,P0020,2,40879,33
I08674,O02504,P0145,4,20644,38
I08675,O00545,P0449,5,29355,40
I08676,O03289,P0408,2,60065,11
I08677,O02072,P0002,2,30142,7
I08678,O02984,P0308,1,65863,33
I08679,O02603,P0236,3,71217,25
I08680,O01521,P0296,1,25397,28
I08681,O00634,P0005,3,73558,9
I08682,O00545,P0336,1,22511,40
I08683,O02832,P0180,4,65404,21
I08684,O02330,P0300,2,1820,10
I08685,O00068,P0020,3,22196,18
I08686,O04507,P0498,-5,84749,3
I08687,O04124,P0100,3,76998,26
I08688,O04438,P0198,1,62368,32
I08689,O04057,P0479,3,34617,0
I08690,O03557,P0347,5,89795,5
I08691,O03738,P0298,5,56997,27
I08692,O03145,P0300,2,67311,3
I08693,O02813,P0398,2,88368,22
I08694,O02899,P0462,5,13373,40
I08695,O02886,P0205,3,80544,13
I08696,O02540,P0403,2,19683,29
I08697,O04616,P0315,1,24782,11
I08698,O03850,P0117,4,12808,27
I08699,O00147,P0286,5,23546,15
I08700,O03801,P0473,1,69355,27
I08701,O01293,P0111,4,42081,2
I08702,O03994,P0146,3,64625,12
I08703,O02918,P0020,2,26160,13
I08704,O01752,P0123,3,2940,35
I08705,O04194,P0129,4,14695,21
I08706,O03653,P0226,5,66908,12
I08707,O02165,P0459,5,30029,33
I08708,O02556,P0255,1,51797,7
I08709,O01879,P0345,1,69559,3
I08710,O02302,P0376,2,1111,6
I08711,O03230,P0268,1,16874,34
I08712,O04093,P0136,4,2269,25
I08713,O04586,P0457,5,12465,16
I08714,O03393,P0031,1,40761,38
I08715,O03063,P0253,3,22856,14
I08716,O04841,P0159,4,22577,39
I08717,O04623,P0171,3,41398,22
I08718,O00643,P0399,2,56333,34
I08719,O04279,P0014,4,58070,4
I08720,O02020,P0435,1,59099,15
I08721,O03658,P0368,3,14484,37
I08722,O02534,P0049,5,55779,40
I08723,O01332,P0355,-5,49504,35
I08724,O01095,P0449,2,53565,29
I08725,O01154,P0193,1,82870,6
I08726,O01470,P0429,4,62258,28
I08727,O02936,P0192,3,88613,13
I08728,O02046,P0153,4,45165,4
I08729,O01777,P0117,5,60815,38
I08730,O03649,P0241,2,92053,15
I08731,O03791,P0126,2,61288,3
I08732,O00882,P0445,2,62935,0
I08733,O03097,P0338,4,49581,30
I08734,O03255,P0045,2,94088,18
I08735,O02685,P0462,4,99648,20
I08736,O00948,P0110,1,12127,40
I08737,O04487,P0250,5,11297,12
I08738,O03329,P0485,1,13421,8
I08739,O03690,P0072,3,6101,29
I08740,O04322,P0280,4,15284,20
I08741,O02712,P0393,1,5508,20
I08742,O02750,P0206,2,38150,8
I08743,O01021,P0303,3,67742,5
I08744,O04557,P0011,2,10739,18
I08745,O04386,P0300,5,75350,12
I08746,O00974,P0010,-3,36912,21
I08747,O00720,P0456,1,99599,14
I08748,O02087,P0382,2,54314,18
I08749,O04889,P0020,4,7012,2
I08750,O00692,P0176,4,38359,26
I08751,O04511,P0050,3,57787,37
I08752,O03082,P0198,4,32095,1
I08753,O02714,P0128,3,86049,15
I08754,O01222,P0240,5,38640,33
I08755,O03276,P0440,5,92914,23
I08756,O00029,P0059,4,30222,24
I08757,O04029,P0242,3,23801,27
I08758,O03349,P0342,-3,60478,17
I08759,O02239,P0377,3,38869,17
I08760,O02248,P0458,3,42903,13
I08761,O04612,P0373,-2,89680,16
I08762,O03366,P0273,2,85827,13
I08763,O03982,P0436,4,61884,1
I08764,O04054,P0011,1,43310,38
I08765,O04248,P0239,3,9310,40
I08766,O02440,P0228,5,60302,31
I08767,O04788,P0190,4,4689,32
I08768,O03256,P0481,5,90818,1
I08769,O03485,P0065,5,89370,17
I08770,O00704,P0281,1,96273,39
I08771,O01681,P0066,2,24468,16
I08772,O03339,P0007,3,76129,2
I08773,O01900,P0016,3,29207,20
I08774,O03565,P0145,4,35744,31
I08775,O01394,P0411,4,32997,20
I08776,O01901,P0241,4,89052,34
I08777,O04507,P0295,1,73203,39
I08778,O01143,P0209,1,81017,13
I08779,O02452,P0055,3,17517,34
I08780,O02592,P0152,2,61480,17
I08781,O03813,P0300,2,99689,38
I08782,O01936,P0433,1,29250,17
I08783,O01685,P0135,4,57981,20
I08784,O01600,P0370,1,20758,25
I08785,O04003,P0292,3,63934,9
I08786,O04833,P0080,3,75385,10
I08787,O01898,P0096,3,12408,1
I08788,O00784,P0365,5,13231,7
I08789,O03300,P0093,5,6220,18
I08790,O04576,P0267,2,13195,4
I08791,O04924,P0086,4,95531,20
I08792,O00057,P0494,5,9055,15
I08793,O01147,P0276,3,60213,4
I08794,O03580,P0034,4,18524,23
I08795,O03570,P0185,4,95860,23
I08796,O02261,P0322,2,71980,8
I08797,O04681,P0412,4,84219,29
I08798,O03175,P0346,3,18944,24
I08799,O02216,P0427,5,73800,31
I08800,O04620,P0143,2,38057,20
I08801,O01183,P0437,3,67710,36
I08802,O00109,P0151,1,47954,3
I08803,O01498,P0223,4,74284,5
I08804,O02604,P0158,5,94132,36
I08805,O02537,P0298,4,77976,17
I08806,O04609,P0396,3,91725,28
I08807,O00703,P0302,4,38525,17
I08808,O04944,P0448,2,99744,37
I08809,O02135,P0433,2,54774,38
I08810,O04357,P0051,4,47748,36
I08811,O04055,P0409,5,14288,33
I08812,O03331,P0491,4,2803,33
I08813,O03819,P0067,2,96376,18
I08814,O01443,P0151,4,35078,4
I08815,O04582,P0280,2,15916,17
I08816,O03431,P0032,3,25822,1
I08817,O02312,P0203,1,47443,36
I08818,O03697,P0465,3,10716,0
I08819,O04723,P0341,5,35271,14
I08820,O03613,P0321,3,60432,15
I08821,O00846,P0471,3,88887,0
I08822,O03329,P0467,2,73863,3
I08823,O04916,P0015,1,63304,5
I08824,O02023,P0140,2,26389,8
I08825,O04028,P0429,2,34287,33
I08826,O01476,P0150,4,15232,4
I08827,O03148,P0411,2,96190,0
I08828,O02801,P0218,3,83337,6
I08829,O00968,P0363,5,42495,18
I08830,O02332,P0309,2,83967,37
I08831,O03521,P0382,4,1881,0
I08832,O03831,P0437,2,73749,19
I08833,O03798,P0166,4,77556,4
I08834,O04622,P0102,5,27851,33
I08835,O03995,P0483,3,50696,39
I08836,O04127,P0318,4,52186,36
I08837,O00174,P0430,1,77878,40
I08838,O02118,P0028,-4,83449,33
I08839,O03927,P0405,4,37436,5
I08840,O04736,P0045,2,45444,23
I08841,O03380,P0157,3,49375,33
I08842,O02964,P0401,2,41767,37
I08843,O01653,P0328,2,36155,34
I08844,O01566,P0019,3,91163,4
I08845,O02996,P0332,3,67184,16
I08846,O00384,P0344,2,31732,20
I08847,O04991,P0330,5,94002,30
I08848,O02518,P0093,5,35160,37
I08849,O00803,P0373,5,56756,18
I08850,O02098,P0332,-1,17417,0
I08851,O01775,P0261,2,89164,22
I08852,O01315,P0495,3,96472,39
I08853,O00376,P0158,1,17276,5
I08854,O03736,P0226,1,5975,36
I08855,O03687,P0497,1,35816,26
I08856,O01000,P0166,2,19110,21
I08857,O00530,P0282,4,50626,8
I08858,O02562,P0120,2,67669,39
I08859,O04339,P0395,4,21050,17
I08860,O00239,P0168,2,80288,15
I08861,O02183,P0107,1,88588,29
I08862,O02185,P0189,3,99190,40
I08863,O04300,P0334,3,85745,19
I08864,O02757,P0443,2,31122,7
I08865,O04576,P0010,5,89642,9
I08866,O04379,P0076,4,81875,32
I08867,O02574,P0043,4,82869,0
I08868,O04162,P0280,5,4294,28
I08869,O03593,P0242,5,1882,38
I08870,O04650,P0255,1,63930,17
I08871,O01237,P0314,4,99015,4
I08872,O02086,P0183,1,57166,6
I08873,O03260,P0038,4,75825,14
I08874,O04857,P0225,4,4957,9
I08875,O04979,P0413,-1,78463,18
I08876,O04137,P0166,1,66293,38
I08877,O03732,P0019,2,19381,1
I08878,O02414,P0192,4,12696,24
I08879,O03189,P0335,1,47646,10
I08880,O04614,P0489,2,96863,18
I08881,O00576,P0307,4,14204,0
I08882,O02723,P0354,1,79162,6
I08883,O03035,P0065,2,57992,12
I08884,O01776,P0296,1,27645,6
I08885,O04438,P0084,3,98234,13
I08886,O00441,P0493,3,15848,31
I08887,O04262,P0010,1,98845,7
I08888,O02865,P0039,2,39752,27
I08889,O04659,P0234,1,96382,21
I08890,O02222,P0461,1,24075,2
I08891,O03561,P0246,1,62415,36
I08892,O01492,P0483,2,76108,30
I08893,O00177,P0469,1,81202,29
I08894,O02224,P0288,4,73217,2
I08895,O04476,P0390,4,30373,15
I08896,O02782,P0341,1,86537,20
I08897,O03540,P0070,5,42965,25
I08898,O01906,P0314,3,39864,22
I08899,O04852,P0026,2,6428,2
I08900,O01193,P0113,2,31406,25
I08901,O00185,P0500,1,99378,21
I08902,O00378,P0178,3,84239,39
I08903,O01086,P0227,3,98311,25
I08904,O00150,P0119,3,97606,3
I08905,O03706,P0194,2,78724,36
I08906,O00544,P0428,1,68943,22
I08907,O03312,P0192,1,73035,34
I08908,O00491,P0160,5,61804,23
I08909,O02099,P0415,5,62924,2
I08910,O00803,P0352,5,77786,18
I08911,O01626,P0083,3,99559,37
I08912,O00346,P0213,5,2203,22
I08913,O04581,P0149,5,6718,8
I08914,O02577,P0326,4,61769,25
I08915,O01611,P0047,3,2696,33
I08916,O03675,P0470,1,41136,2
I08917,O02580,P0454,2,37637,36
I08918,O00692,P0250,2,33566,15
I08919,O02501,P0023,3,49361,30
I08920,O01173,P0476,3,62922,30
I08921,O02106,P0140,3,2822,24
I08922,O00457,P0325,4,23321,37
I08923,O03715,P0319,5,84508,29
I08924,O04423,P0186,5,53814,5
I08925,O00526,P0376,4,92871,3
I08926,O02275,P0386,5,12985,13
I08927,O04027,P0017,3,58322,32
I08928,O01117,P0220,5,69536,40
I08929,O04450,P0434,3,67507,34
I08930,O01979,P0303,4,80741,8
I08931,O01421,P0331,3,2980,4
I08932,O01748,P0097,2,29103,37
I08933,O03994,P0369,5,76617,31
I08934,O01163,P0033,2,64484,2
I08935,O04594,P0380,4,17039,28
I08936,O01307,P0165,1,52983,6
I08937,O00277,P0137,1,12051,0
I08938,O03855,P0263,4,58443,27
I08939,O00344,P0500,1,97430,2
I08940,O01861,P0303,5,79780,23
I08941,O03461,P0070,4,73231,25
I08942,O04471,P0289,3,86946,34
I08943,O00702,P0458,2,73035,1
I08944,O02205,P0252,-1,45023,20
I08945,O02031,P0045,3,19168,24
I08946,O01565,P0357,-4,60978,32
I08947,O03721,P0368,3,74944,8
I08948,O03066,P0140,5,12238,18
I08949,O02706,P0323,2,76842,5
I08950,O02541,P0108,3,14003,19
I08951,O04738,P0052,5,96560,22
I08952,O02675,P0339,3,82677,34
I08953,O02460,P0318,3,58387,10
I08954,O04043,P0131,1,54580,38
I08955,O03316,P0078,4,33049,17
I08956,O01002,P0175,2,19350,29
I08957,O04857,P0294,4,82484,10
I08958,O02550,P0324,2,48794,14
I08959,O02086,P0265,2,70317,29
I08960,O03422,P0359,1,77689,29
I08961,O03376,P0401,4,56188,2
I08962,O04023,P0279,3,33366,6
I08963,O02692,P0270,4,55515,18
I08964,O02695,P0046,1,55617,40
I08965,O02866,P0176,2,80695,4
I08966,O01036,P0492,3,11616,7
I08967,O03858,P0020,1,45784,23
I08968,O00039,P0395,3,29756,36
I08969,O04635,P0070,1,93508,37
I08970,O00802,P0107,3,19380,8
I08971,O00382,P0253,3,84534,25
I08972,O00659,P0293,5,37617,37
I08973,O04158,P0014,5,35488,26
I08974,O04602,P0273,1,96917,36
I08975,O00705,P0276,2,62191,6
I08976,O01560,P0465,4,15442,3
I08977,O02272,P0358,1,48910,37
I08978,O01415,P0070,4,96947,38
I08979,O02996,P0181,2,22186,25
I08980,O02646,P0215,2,11366,30
I08981,O04760,P0476,2,84139,1
I08982,O01561,P0080,3,68062,27
I08983,O03594,P0092,2,76545,23
I08984,O01584,P0264,2,63120,26
I08985,O04968,P0443,2,79222,5
I08986,O04798,P0138,5,39847,23
I08987,O03155,P0366,4,44004,9
I08988,O02779,P0083,-3,32370,33
I08989,O03050,P0412,1,16863,16
I08990,O03839,P0452,5,19340,36
I08991,O03689,P0061,2,89051,9
I08992,O01364,P0093,2,46295,37
I08993,O00676,P0299,5,48776,31
I08994,O02669,P0350,4,53988,23
I08995,O01960,P0500,5,32397,24
I08996,O01328,P0064,4,62696,10
I08997,O03047,P0294,3,86834,31
I08998,O03253,P0079,5,32974,23
I08999,O03193,P0026,5,78477,28
I09000,O03664,P0430,5,52614,35
I09001,O01966,P0058,2,26707,4
I09002,O00141,P0362,4,38904,11
I09003,O04305,P0250,4,50139,33
I09004,O03215,P0396,2,907,13
I09005,O00438,P0316,3,40521,6
I09006,O03468,P0196,2,54723,8
I09007,O04403,P0084,4,16627,7
I09008,O02916,P0451,4,83179,11
I09009,O04848,P0346,5,98266,7
I09010,O00561,P0351,5,17776,17
I09011,O02201,P0070,4,69391,35
I09012,O03951,P0243,2,30992,4
I09013,O03336,P0486,2,17224,23
I09014,O01933,P0224,4,96832,38
I09015,O00844,P0416,2,7325,35
I09016,O00874,P0090,5,59968,30
I09017,O04981,P0105,3,84536,18
I09018,O03863,P0140,3,63846,16
I09019,O02573,P0183,3,39871,9
I09020,O02887,P0355,4,59434,28
I09021,O02538,P0401,1,4975,24
I09022,O04190,P0330,1,37736,29
I09023,O01656,P0161,3,1115,9
I09024,O01974,P0323,1,11528,24
I09025,O04281,P0057,4,40528,29
I09026,O03008,P0170,1,71609,28
I09027,O00741,P0382,2,36312,25
I09028,O03879,P0117,5,14281,20
I09029,O00658,P0347,2,71649,32
I09030,O02986,P0058,1,29961,8
I09031,O02731,P0148,4,44565,1
I09032,O01222,P0045,-3,61530,39
I09033,O04094,P0424,3,67303,40
I09034,O00484,P0484,4,6435,38
I09035,O04011,P0371,3,54269,31
I09036,O00138,P0063,3,82725,39
I09037,O04342,P0354,4,44307,6
I09038,O01471,P0016,4,22731,21
I09039,O00315,P0160,5,27691,37
I09040,O03428,P0089,2,25667,19
I09041,O02869,P0262,1,48806,29
I09042,O01345,P0197,3,10956,37
I09043,O01510,P0094,2,25582,17
I09044,O03905,P0367,5,22383,20
I09045,O03270,P0182,5,92525,15
I09046,O03178,P0182,-1,90658,32
I09047,O03850,P0295,3,18483,20
I09048,O03207,P0010,4,23386,9
I09049,O00347,P0002,1,49513,35
I09050,O04586,P0451,5,65518,11
I09051,O04918,P0409,4,18267,2
I09052,O03502,P0321,4,85111,18
I09053,O04996,P0015,-5,29174,28
I09054,O00634,P0418,3,83616,31
I09055,O04826,P0146,4,21673,35
I09056,O00776,P0161,3,97848,6
I09057,O03539,P0371,4,33930,21
I09058,O02006,P0091,2,23141,35
I09059,O04869,P0500,2,15791,18
I09060,O03636,P0211,2,56171,15
I09061,O03303,P0496,5,9565,36
I09062,O03587,P0378,1,62729,27
I09063,O02175,P0424,2,48765,38
I09064,O00061,P0319,4,57912,38
I09065,O02759,P0171,2,85672,37
I09066,O03972,P0036,3,72334,7
I09067,O01295,P0015,2,26180,38
I09068,O02671,P0140,5,97745,19
I09069,O00588,P0016,1,1068,20
I09070,O04182,P0168,5,86523,3
I09071,O01081,P0488,2,73977,6
I09072,O04144,P0492,2,38936,9
I09073,O02804,P0070,5,13053,10
I09074,O01463,P0151,1,48179,0
I09075,O01973,P0463,1,73815,30
I09076,O04042,P0364,4,1021,19
I09077,O03080,P0335,1,88805,40
I09078,O01668,P0345,1,82370,5
I09079,O01864,P0026,3,66002,6
I09080,O03066,P0249,-3,99192,33
I09081,O02111,P0243,2,51213,15
I09082,O01237,P0034,1,2631,24
I09083,O03270,P0190,3,80957,27
I09084,O01041,P0181,4,57500,24
I09085,O02223,P0465,3,79928,25
I09086,O02689,P0204,5,36237,8
I09087,O02262,P0004,1,94689,6
I09088,O03151,P0006,4,83375,9
I09089,O01992,P0452,1,25280,25
I09090,O04604,P0258,2,1055,14
I09091,O04515,P0232,4,95535,6
I09092,O03835,P0480,5,23179,40
I09093,O00368,P0079,5,26054,20
I09094,O00648,P0194,4,23878,23
I09095,O01334,P0441,4,83230,7
I09096,O00533,P0267,4,97501,2
I09097,O00713,P0432,2,45171,20
I09098,O03210,P0310,1,98776,20
I09099,O01160,P0410,1,5947,17
I09100,O00474,P0125,1,22604,15
I09101,O02080,P0365,5,16833,6
I09102,O04355,P0451,2,93419,38
I09103,O03745,P0438,5,76607,22
I09104,O01967,P0062,4,64645,6
I09105,O00995,P0087,5,13927,7
I09106,O03467,P0213,3,52727,0
I09107,O04534,P0060,3,39703,17
I09108,O04880,P0067,1,6822,12
I09109,O00317,P0132,3,48170,2
I09110,O03827,P0381,5,46299,6
I09111,O02753,P0246,1,45023,27
I09112,O01005,P0003,-4,70204,23
I09113,O00852,P0484,3,77651,30
I09114,O03250,P0109,1,7428,4
I09115,O01592,P0087,3,67343,19
I09116,O03065,P0271,1,51005,20
I09117,O04537,P0112,4,21028,14
I09118,O04932,P0073,-1,81625,21
I09119,O03873,P0001,5,97338,0
I09120,O01517,P0008,5,26119,24
I09121,O02144,P0320,5,53246,5
I09122,O04765,P0163,4,38368,26
I09123,O03323,P0182,3,81239,20
I09124,O02306,P0469,5,89274,9
I09125,O03038,P0303,2,76529,19
I09126,O04824,P0057,4,73029,36
I09127,O02014,P0232,3,58679,13
I09128,O00108,P0123,2,13968,6
I09129,O01291,P0304,5,22202,14
I09130,O01640,P0329,3,49588,29
I09131,O02245,P0307,4,58202,18
I09132,O01104,P0424,-3,48975,9
I09133,O00331,P0275,4,39419,31
I09134,O04030,P0201,3,48222,20
I09135,O04859,P0310,1,97407,37
I09136,O02866,P0343,5,59302,37
I09137,O01549,P0028,2,78690,31
I09138,O00045,P0385,2,9181,28
I09139,O03328,P0054,3,18292,4
I09140,O03712,P0042,4,65803,28
I09141,O00360,P0273,3,54364,19
I09142,O02192,P0093,2,51975,25
I09143,O04594,P0500,4,72245,0
I09144,O01473,P0014,1,52581,38
I09145,O01196,P0266,4,88817,27
I09146,O02030,P0446,1,91286,11
I09147,O04932,P0314,3,32307,12
I09148,O00767,P0166,1,27235,38
I09149,O01614,P0084,3,36474,21
I09150,O03871,P0199,4,20359,12
I09151,O02954,P0321,4,10771,7
I09152,O01521,P0090,4,28744,39
I09153,O01419,P0486,5,91452,10
I09154,O01014,P0081,4,6159,39
I09155,O02562,P0392,4,11393,13
I09156,O02645,P0267,4,79714,30
I09157,O04465,P0294,2,68216,35
I09158,O00203,P0418,2,29709,11
I09159,O00784,P0135,5,79899,25
I09160,O01791,P0324,5,16675,29
I09161,O02253,P0442,1,18161,13
I09162,O02783,P0030,5,54234,37
I09163,O04368,P0416,2,2841,0
I09164,O02174,P0264,5,54382,35
I09165,O04579,P0350,3,15731,10
I09166,O03867,P0065,4,85155,27
I09167,O01535,P0106,2,32755,36
I09168,O00984,P0037,1,84650,25
I09169,O03125,P0431,3,86830,37
I09170,O01442,P0001,2,26112,36
I09171,O04804,P0113,2,72715,20
I09172,O01444,P0380,1,45790,31
I09173,O04552,P0313,3,10895,24
I09174,O01931,P0177,4,17213,23
I09175,O02199,P0346,5,92593,11
I09176,O01628,P0293,5,97481,40
I09177,O01250,P0179,1,66977,18
I09178,O02437,P0110,1,12814,16
I09179,O04691,P0326,1,56443,25
I09180,O00457,P0152,3,52423,28
I09181,O03252,P0449,2,80953,18
I09182,O02994,P0198,3,88852,35
I09183,O01227,P0411,3,68134,4
I09184,O01868,P0017,1,14893,20
I09185,O00804,P0449,4,13193,33
I09186,O00291,P0284,4,62171,9
I09187,O00536,P0474,3,99060,15
I09188,O01766,P0464,4,12312,14
I09189,O02304,P0352,2,78082,12
I09190,O02763,P0232,5,48420,33
I09191,O03253,P0489,4,58830,20
I09192,O01647,P0376,4,36111,21
I09193,O01554,P0185,3,31705,3
I09194,O02550,P0048,4,3756,8
I09195,O02334,P0023,3,49211,19
I09196,O04552,P0353,4,51927,27
I09197,O00691,P0074,2,55363,27
I09198,O04783,P0319,2,42407,26
I09199,O00469,P0010,4,74765,24
I09200,O03820,P0044,3,82043,9
I09201,O01627,P0227,3,67910,1
I09202,O03601,P0285,1,49795,22
I09203,O04596,P0231,2,99106,25
I09204,O01689,P0119,4,91317,38
I09205,O01544,P0211,5,37944,7
I09206,O03381,P0353,3,36855,2
I09207,O03313,P0434,5,31959,21
I09208,O04401,P0255,1,93333,30
I09209,O03302,P0400,3,72900,39
I09210,O03325,P0400,5,6536,12
I09211,O00695,P0114,2,33625,34
I09212,O04634,P0278,5,79216,20
I09213,O00968,P0273,-1,23668,5
I09214,O02750,P0026,3,79338,7
I09215,O04210,P0191,3,59504,21
I09216,O03442,P0347,4,71489,17
I09217,O00304,P0113,4,56073,5
I09218,O02575,P0309,1,37627,18
I09219,O03665,P0475,5,7161,36
I09220,O02686,P0381,5,80877,21
I09221,O00078,P0412,3,38762,31
I09222,O00886,P0286,2,48081,4
I09223,O02460,P0445,1,71022,39
I09224,O01409,P0241,5,61413,30
I09225,O00660,P0497,2,80757,6
I09226,O00290,P0474,5,40031,13
I09227,O03112,P0205,5,89957,8
I09228,O02319,P0350,2,10757,28
I09229,O00949,P0136,2,74208,37
I09230,O01454,P0405,1,43971,35
I09231,O02535,P0162,5,78918,11
I09232,O04027,P0291,3,47285,4
I09233,O03610,P0253,1,7539,18
I09234,O04679,P0115,4,5571,17
I09235,O02755,P0427,5,77893,32
I09236,O04580,P0287,2,89764,4
I09237,O02234,P0474,3,70295,24
I09238,O00132,P0052,3,27317,25
I09239,O00697,P0296,1,595,37
I09240,O03254,P0262,1,92292,14
I09241,O04973,P0073,3,53831,26
I09242,O01353,P0456,3,1719,35
I09243,O01713,P0348,4,54100,31
I09244,O01815,P0170,-4,71716,16
I09245,O01476,P0320,4,86859,1
I09246,O01521,P0430,4,42260,4
I09247,O02498,P0269,1,33203,31
I09248,O00924,P0377,-1,97991,8
I09249,O04919,P0381,1,58545,24
I09250,O00326,P0300,5,74966,20
I09251,O02735,P0224,1,76006,11
I09252,O00506,P0355,4,91939,29
I09253,O01408,P0028,3,33306,39
I09254,O04141,P0338,1,27289,24
I09255,O01493,P0061,5,18982,14
I09256,O03125,P0200,2,86242,25
I09257,O02824,P0448,5,63915,9
I09258,O01546,P0030,4,12800,11
I09259,O03300,P0126,4,93264,5
I09260,O00237,P0366,2,60086,19
I09261,O02479,P0216,3,51170,15
I09262,O04843,P0357,3,87988,32
I09263,O04418,P0318,1,53028,8
I09264,O04540,P0035,3,23031,26
I09265,O01571,P0492,5,81082,14
I09266,O03824,P0492,1,31798,22
I09267,O00785,P0398,3,45658,25
I09268,O00041,P0140,1,64136,17
I09269,O04366,P0431,4,18855,6
I09270,O03401,P0170,4,95153,16
I09271,O03685,P0135,4,2515,14
I09272,O04614,P0471,3,94462,31
I09273,O00683,P0295,4,25027,15
I09274,O03499,P0430,2,63346,0
I09275,O03834,P0226,3,44777,21
I09276,O01131,P0471,1,11655,0
I09277,O04525,P0462,2,23877,25
I09278,O04866,P0305,4,51838,3
I09279,O03513,P0089,4,28984,23
I09280,O02922,P0184,3,43978,8
I09281,O00751,P0459,3,68936,6
I09282,O00858,P0200,3,54524,13
I09283,O03582,P0455,3,14082,26
I09284,O02210,P0243,2,1059,21
I09285,O03106,P0029,5,60276,9
I09286,O03968,P0065,3,28839,28
I09287,O03304,P0296,5,87441,10
I09288,O02180,P0185,5,17162,12
I09289,O02487,P0023,1,72396,15
I09290,O00915,P0205,1,86756,31
I09291,O01855,P0205,1,46393,21
I09292,O00939,P0013,4,8015,18
I09293,O02564,P0140,1,92370,6
I09294,O03419,P0343,1,7583,1
I09295,O00251,P0171,1,60775,34
I09296,O04202,P0077,5,53220,6
I09297,O03011,P0498,2,7699,30
I09298,O03750,P0103,1,90654,26
I09299,O04129,P0438,3,93125,18
I09300,O01204,P0145,-3,95451,7
I09301,O01571,P0456,2,48658,1
I09302,O02779,P0374,4,72287,34
I09303,O02754,P0191,5,70277,35
I09304,O01664,P0183,3,24396,32
I09305,O01366,P0290,4,33773,14
I09306,O02222,P0156,2,76088,39
I09307,O03279,P0488,4,44657,26
I09308,O01461,P0132,4,9883,26
I09309,O02499,P0271,4,90163,22
I09310,O04367,P0351,2,15930,18
I09311,O01882,P0423,2,46862,17
I09312,O04163,P0288,1,80091,19
I09313,O03505,P0045,1,28711,1
I09314,O01289,P0148,5,13455,8
I09315,O00156,P0183,1,48759,1
I09316,O03686,P0114,2,66598,36
I09317,O00171,P0158,3,63974,28
I09318,O02479,P0343,1,2888,6
I09319,O04871,P0369,1,1658,11
I09320,O02682,P0273,5,73358,12
I09321,O03122,P0395,3,36560,29
I09322,O03636,P0010,5,37758,16
I09323,O00875,P0069,1,79217,7
I09324,O01835,P0157,1,39432,31
I09325,O04913,P0059,4,34712,29
I09326,O03370,P0191,1,50085,5
I09327,O04146,P0148,-1,45568,27
I09328,O04803,P0309,3,54623,34
I09329,O04957,P0467,5,40733,22
I09330,O01613,P0153,1,22634,3
I09331,O03054,P0003,1,43039,27
I09332,O04035,P0394,3,9605,17
I09333,O03170,P0326,4,43423,6
I09334,O04916,P0135,5,58546,35
I09335,O04692,P0021,5,35544,25
I09336,O04881,P0425,5,32889,13
I09337,O04915,P0289,1,28147,8
I09338,O02053,P0007,2,20496,24
I09339,O00365,P0121,1,98445,27
I09340,O01444,P0267,4,46395,35
I09341,O01597,P0464,2,65972,21
I09342,O04361,P0113,4,98646,29
I09343,O03909,P0154,2,23463,7
I09344,O03463,P0220,3,42466,37
I09345,O03798,P0470,1,90271,9
I09346,O03751,P0156,1,508,0
I09347,O01490,P0493,4,83627,29
I09348,O03024,P0459,5,94968,1
I09349,O03874,P0052,1,62368,20
I09350,O04544,P0196,2,74590,9
I09351,O04855,P0278,2,60278,25
I09352,O03463,P0055,4,6141,34
I09353,O01244,P0447,5,12483,22
I09354,O03856,P0491,1,19185,15
I09355,O03276,P0446,5,62656,39
I09356,O03488,P0341,2,4056,35
I09357,O02949,P0345,-1,87226,34
I09358,O02713,P0014,5,37349,34
I09359,O04409,P0194,4,82777,22
I09360,O04041,P0470,5,16929,40
I09361,O00757,P0183,4,79205,31
I09362,O04086,P0188,1,59328,9
I09363,O03293,P0257,1,5914,35
I09364,O01043,P0091,3,27917,1
I09365,O01205,P0008,4,61334,4
I09366,O00928,P0005,2,8385,34
I09367,O02790,P0130,5,71397,1
I09368,O00489,P0185,3,65541,16
I09369,O00652,P0098,1,39476,3
I09370,O00901,P0270,1,4418,10
I09371,O00717,P0316,5,47702,18
I09372,O01398,P0016,2,40637,23
I09373,O04091,P0013,3,87339,0
I09374,O01158,P0145,2,37519,31
I09375,O01446,P0499,2,90843,18
I09376,O04491,P0259,3,9119,27
I09377,O00495,P0106,1,20708,7
I09378,O04517,P0412,1,4178,11
I09379,O01418,P0233,5,39941,8
I09380,O02797,P0158,2,59522,29
I09381,O03238,P0408,5,7503,28
I09382,O02932,P0182,4,80161,30
I09383,O00029,P0362,3,59236,14
I09384,O04639,P0044,4,3684,3
I09385,O01386,P0130,5,44060,39
I09386,O02189,P0312,4,84751,12
I09387,O02366,P0131,5,23193,33
I09388,O04761,P0361,2,12101,5
I09389,O00857,P0092,1,45312,6
I09390,O03281,P0436,3,15939,6
I09391,O02224,P0327,2,4860,40
I09392,O04524,P0170,2,56044,25
I09393,O04593,P0065,5,30643,0
I09394,O01776,P0216,5,73787,1
I09395,O00339,P0094,2,11720,15
I09396,O05000,P0097,1,23940,19
I09397,O03175,P0499,1,48575,27
I09398,O02893,P0416,5,19286,9
I09399,O01394,P0128,4,28946,29
I09400,O00720,P0105,4,36113,21
I09401,O03758,P0249,2,33437,14
I09402,O04794,P0007,1,65539,9
I09403,O04763,P0380,4,40546,20
I09404,O01422,P0163,2,98225,5
I09405,O04266,P0116,1,62247,10
I09406,O01676,P0262,1,29179,24
I09407,O00568,P0420,4,93257,30
I09408,O00252,P0449,2,93268,15
I09409,O02906,P0422,4,47854,27
I09410,O01581,P0206,4,85828,35
I09411,O04387,P0002,3,30805,3
I09412,O03736,P0020,4,99459,11
I09413,O01408,P0250,5,55801,36
I09414,O04526,P0436,1,4347,2
I09415,O00572,P0494,-5,66376,26
I09416,O00891,P0278,2,27156,8
I09417,O00983,P0254,3,56011,37
I09418,O00687,P0295,1,86324,2
I09419,O00881,P0063,5,6083,25
I09420,O03969,P0312,3,19903,7
I09421,O02429,P0379,-4,46801,27
I09422,O00284,P0193,3,55911,33
I09423,O03120,P0319,1,18832,27
I09424,O02344,P0210,4,35172,1
I09425,O02722,P0104,4,69628,24
I09426,O02429,P0137,5,49475,19
I09427,O03506,P0207,2,54200,35
I09428,O03882,P0102,2,2356,2
I09429,O01077,P0337,4,80215,18
I09430,O03653,P0410,4,91734,7
I09431,O02557,P0316,3,12482,34
I09432,O01940,P0300,1,44851,14
I09433,O03451,P0375,-1,17658,37
I09434,O01130,P0278,4,83841,3
I09435,O04235,P0209,3,30546,30
I09436,O04258,P0412,4,92376,34
I09437,O01079,P0182,3,72456,11
I09438,O04469,P0473,5,43426,37
I09439,O01773,P0210,-4,75987,4
I09440,O02137,P0447,5,81177,6
I09441,O02048,P0352,3,94864,37
I09442,O04988,P0493,3,36054,25
I09443,O02024,P0462,1,8831,13
I09444,O02834,P0377,3,45341,26
I09445,O02944,P0357,4,50819,40
I09446,O04855,P0384,4,81707,36
I09447,O04066,P0316,1,75782,6
I09448,O00565,P0426,4,16818,33
I09449,O00636,P0371,5,64526,22
I09450,O04283,P0215,2,27896,27
I09451,O00774,P0404,3,92983,30
I09452,O01251,P0392,2,83512,27
I09453,O03004,P0419,3,98870,11
I09454,O01995,P0403,4,92023,4
I09455,O00957,P0066,2,7598,23
I09456,O00942,P0240,3,4717,40
I09457,O01740,P0301,2,1771,12
I09458,O03015,P0269,4,81828,35
I09459,O03919,P0175,4,13030,39
I09460,O00473,P0001,3,58832,24
I09461,O03417,P0169,3,69001,28
I09462,O04136,P0093,4,47642,36
I09463,O01027,P0035,5,77807,18
I09464,O02786,P0212,2,39350,23
I09465,O01013,P0267,-2,25554,25
I09466,O04955,P0248,3,32185,14
I09467,O03198,P0350,1,81922,0
I09468,O02935,P0056,3,75545,27
I09469,O01203,P0296,4,69630,28
I09470,O02988,P0270,1,20684,21
I09471,O01002,P0148,1,66581,1
I09472,O03179,P0091,3,21689,28
I09473,O01718,P0423,2,68135,23
I09474,O00010,P0074,2,8378,33
I09475,O00856,P0219,2,9680,2
I09476,O04633,P0395,5,30370,29
I09477,O03798,P0351,5,59591,4
I09478,O01746,P0352,4,16575,18
I09479,O03708,P0223,5,88911,37
I09480,O01331,P0295,-4,61026,30
I09481,O03768,P0127,3,34094,16
I09482,O03175,P0160,1,81425,30
I09483,O01372,P0446,3,48330,25
I09484,O00061,P0423,2,54027,32
I09485,O04117,P0189,1,36799,3
I09486,O00301,P0370,1,13240,21
I09487,O01988,P0338,5,16071,33
I09488,O01649,P0365,3,82607,34
I09489,O03468,P0222,5,63318,0
I09490,O01838,P0132,4,62477,11
I09491,O02059,P0125,1,25463,5
I09492,O03360,P0430,3,37915,17
I09493,O01339,P0243,3,52472,20
I09494,O04548,P0278,1,32796,2
I09495,O03545,P0368,4,18351,10
I09496,O01703,P0040,2,59635,23
I09497,O02388,P0338,1,65489,38
I09498,O01233,P0195,1,13832,8
I09499,O00291,P0217,1,84173,6
I09500,O03766,P0046,2,21997,31
I09501,O02983,P0311,2,58817,5
I09502,O02158,P0453,5,77895,6
I09503,O01769,P0026,3,91140,3
I09504,O02272,P0281,4,96103,4
I09505,O01313,P0457,3,31743,15
I09506,O00517,P0369,4,11966,27
I09507,O00545,P0017,5,888,4
I09508,O02001,P0390,3,89742,34
I09509,O01623,P0427,3,18643,40
I09510,O00400,P0178,4,58721,40
I09511,O04992,P0212,5,53526,21
I09512,O02340,P0291,1,14519,24
I09513,O03275,P0225,4,36535,32
I09514,O00055,P0478,3,30606,13
I09515,O02644,P0411,3,81784,39
I09516,O02167,P0395,3,64243,25
I09517,O00571,P0069,5,76859,18
I09518,O02836,P0393,5,48882,31
I09519,O02304,P0462,4,97351,30
I09520,O04155,P0379,2,82806,26
I09521,O03141,P0179,5,36220,1
I09522,O02282,P0294,2,19859,36
I09523,O02138,P0467,4,43471,19
I09524,O00555,P0229,2,22044,32
I09525,O02694,P0166,5,25985,7
I09526,O01891,P0108,2,75189,0
I09527,O01380,P0370,5,48812,1
I09528,O02670,P0084,2,9124,0
I09529,O00604,P0170,1,75965,1
I09530,O04821,P0388,1,89052,11
I09531,O04001,P0064,1,58883,22
I09532,O04754,P0009,3,4943,20
I09533,O04397,P0353,5,81382,6
I09534,O03076,P0019,1,19640,21
I09535,O01037,P0391,3,66241,5
I09536,O01732,P0070,1,93832,30
I09537,O03596,P0220,5,10019,3
I09538,O00883,P0033,3,48520,40
I09539,O02834,P0369,3,50662,26
I09540,O01618,P0316,1,59513,19
I09541,O00850,P0454,1,26036,40
I09542,O00171,P0358,2,4615,18
I09543,O01558,P0051,2,41371,7
I09544,O01668,P0223,4,35058,9
I09545,O00123,P0280,1,64356,27
I09546,O02852,P0232,3,60199,20
I09547,O03207,P0010,3,4996,38
I09548,O04589,P0102,2,67289,12
I09549,O01712,P0032,2,25785,2
I09550,O01596,P0264,-3,19911,24
I09551,O00558,P0404,5,14577,15
I09552,O04828,P0069,3,5103,3
I09553,O02912,P0158,4,15101,1
I09554,O00752,P0315,1,1105,32
I09555,O04781,P0216,2,97617,22
I09556,O00702,P0483,1,63536,4
I09557,O02215,P0302,4,42655,26
I09558,O01977,P0206,5,35017,3
I09559,O00647,P0383,5,29426,30
I09560,O02290,P0425,4,26432,38
I09561,O03726,P0098,4,64752,33
I09562,O03015,P0207,2,98882,35
I09563,O04046,P0153,2,38701,0
I09564,O04811,P0482,4,16875,27
I09565,O00606,P0422,2,46779,30
I09566,O04193,P0194,1,20730,17
I09567,O01370,P0266,3,51054,25
I09568,O04062,P0268,4,8568,29
I09569,O04945,P0174,1,59113,18
I09570,O03608,P0155,5,8507,4
I09571,O04782,P0426,2,29930,1
I09572,O04036,P0431,3,55654,34
I09573,O00373,P0294,3,52246,23
I09574,O01548,P0360,2,86011,5
I09575,O02384,P0480,2,52138,11
I09576,O03234,P0262,5,66766,16
I09577,O04931,P0002,2,76388,14
I09578,O04402,P0282,5,95618,20
I09579,O01494,P0272,5,58741,31
I09580,O01853,P0254,3,79663,9
I09581,O03954,P0289,1,67897,1
I09582,O01093,P0257,5,23010,40
I09583,O04474,P0117,2,19574,38
I09584,O01396,P0218,5,28000,39
I09585,O01529,P0373,3,11360,32
I09586,O01907,P0270,4,28373,1
I09587,O00918,P0168,5,79850,1
I09588,O02039,P0479,2,90073,40
I09589,O03155,P0102,1,10018,12
I09590,O01870,P0214,3,24316,17
I09591,O02554,P0284,4,53543,31
I09592,O02018,P0413,4,74122,4
I09593,O02902,P0490,4,31086,22
I09594,O01608,P0151,1,10457,2
I09595,O03226,P0271,2,21814,35
I09596,O01840,P0021,5,19339,26
I09597,O01291,P0319,2,94341,13
I09598,O00042,P0413,2,20730,7
I09599,O03866,P0455,1,82084,31
I09600,O04301,P0140,1,96052,32
I09601,O04583,P0289,3,62991,26
I09602,O00754,P0343,-1,24015,38
I09603,O00861,P0306,5,6925,39
I09604,O01923,P0236,1,70738,17
I09605,O02252,P0177,4,69584,33
I09606,O01313,P0480,5,5559,25
I09607,O03283,P0251,5,8827,28
I09608,O04581,P0051,4,29611,19
I09609,O04442,P0225,2,87813,36
I09610,O03744,P0206,2,3755,2
I09611,O04440,P0357,2,26044,33
I09612,O03904,P0082,5,96579,13
I09613,O03741,P0140,5,8314,33
I09614,O04944,P0328,4,73292,17
I09615,O03594,P0375,3,17346,33
I09616,O01361,P0165,2,83303,28
I09617,O02386,P0213,2,22628,34
I09618,O00149,P0443,1,74508,20
I09619,O01816,P0115,2,11314,12
I09620,O01908,P0196,3,26005,12
I09621,O02588,P0006,2,94265,10
I09622,O01100,P0018,3,40218,31
I09623,O02360,P0046,4,96586,35
I09624,O01553,P0200,4,55054,28
I09625,O01295,P0203,3,60507,24
I09626,O04248,P0258,3,74416,29
I09627,O00689,P0417,5,21097,13
I09628,O04843,P0159,1,21696,37
I09629,O04348,P0230,5,95694,31
I09630,O02575,P0154,3,57157,24
I09631,O00261,P0494,5,34043,3
I09632,O01760,P0470,1,20891,13
I09633,O04788,P0483,2,28227,27
I09634,O01170,P0499,2,58258,28
I09635,O03455,P0429,1,91773,30
I09636,O01798,P0329,2,87956,8
I09637,O01258,P0193,4,51689,14
I09638,O00238,P0103,5,56385,0
I09639,O00260,P0283,5,45085,31
I09640,O00864,P0025,1,85034,24
I09641,O00757,P0179,4,65266,23
I09642,O03976,P0293,4,58604,25
I09643,O03602,P0384,5,18156,9
I09644,O03454,P0148,3,76739,28
I09645,O04471,P0116,1,83793,26
I09646,O04185,P0489,-3,40587,22
I09647,O03066,P0287,4,31319,15
I09648,O02722,P0044,2,74079,5
I09649,O03987,P0334,4,81142,15
I09650,O03511,P0041,2,4035,7
I09651,O00698,P0420,3,71141,9
I09652,O00838,P0086,2,98250,1
I09653,O03029,P0006,5,36534,27
I09654,O02393,P0064,5,67661,6
I09655,O02674,P0373,4,33391,11
I09656,O03957,P0172,5,54228,27
I09657,O04758,P0463,4,22481,2
I09658,O01592,P0141,2,28653,27
I09659,O04728,P0281,1,50937,2
I09660,O03384,P0478,2,2244,3
I09661,O01185,P0214,2,35257,33
I09662,O00016,P0231,4,25179,35
I09663,O00175,P0089,3,40234,11
I09664,O01878,P0002,5,95942,10
I09665,O01730,P0274,1,98004,16
I09666,O04120,P0372,1,33982,25
I09667,O03101,P0366,4,29984,18
I09668,O03253,P0455,5,69860,1
I09669,O04536,P0215,3,88654,7
I09670,O03120,P0040,2,44482,35
I09671,O01284,P0149,2,56536,9
I09672,O03982,P0188,1,72984,16
I09673,O01281,P0122,2,35559,4
I09674,O02010,P0036,4,93458,35
I09675,O04485,P0435,3,26758,38
I09676,O03361,P0491,4,88294,32
I09677,O02253,P0115,5,52278,9
I09678,O04614,P0197,1,56254,20
I09679,O04391,P0113,4,9510,3
I09680,O03681,P0030,1,65936,22
I09681,O04652,P0074,1,39250,0
I09682,O02838,P0354,2,4455,32
I09683,O00500,P0440,1,12274,27
I09684,O01993,P0399,2,39728,18
I09685,O01307,P0229,5,80006,15
I09686,O01932,P0230,4,73631,2
I09687,O00450,P0366,4,75929,20
I09688,O04431,P0128,4,6261,0
I09689,O01372,P0022,4,22231,37
I09690,O00893,P0105,2,47287,1
I09691,O00675,P0184,1,70085,39
I09692,O02630,P0324,2,83135,15
I09693,O03436,P0475,1,87102,12
I09694,O02957,P0181,2,10354,17
I09695,O01077,P0266,1,17333,10
I09696,O03770,P0363,5,60292,33
I09697,O03553,P0103,4,5205,24
I09698,O02136,P0128,1,60527,32
I09699,O03671,P0352,4,20557,10
I09700,O02346,P0499,2,25716,28
I09701,O02479,P0425,2,57407,7
I09702,O04159,P0164,1,96787,17
I09703,O00603,P0417,5,5749,26
I09704,O00801,P0234,1,63843,14
I09705,O04608,P0244,5,95639,32
I09706,O01215,P0479,2,37233,29
I09707,O02044,P0066,1,72259,7
I09708,O01959,P0485,4,68334,24
I09709,O00534,P0393,5,61436,11
I09710,O04443,P0156,3,99857,0
I09711,O02028,P0426,5,22352,9
I09712,O00460,P0369,4,61059,40
I09713,O01689,P0125,1,92488,4
I09714,O04772,P0075,2,98279,22
I09715,O03912,P0433,4,30188,34
I09716,O03158,P0302,4,33033,38
I09717,O00038,P0315,2,19409,15
I09718,O02704,P0054,3,30641,40
I09719,O03578,P0295,1,44219,3
I09720,O02849,P0162,2,77752,36
I09721,O04030,P0151,1,36240,20
I09722,O04752,P0266,4,22569,6
I09723,O00769,P0076,3,57908,39
I09724,O02001,P0480,3,63663,4
I09725,O04986,P0476,2,32493,26
I09726,O01266,P0225,4,67552,12
I09727,O02112,P0152,3,34353,37
I09728,O01991,P0379,1,43197,25
I09729,O04228,P0028,5,23089,23
I09730,O04093,P0015,2,32793,17
I09731,O04207,P0024,5,15264,1
I09732,O04760,P0430,3,84168,8
I09733,O00659,P0114,1,37608,29
I09734,O01183,P0256,1,40065,11
I09735,O04738,P0238,3,86282,21
I09736,O04899,P0372,2,11143,39
I09737,O02211,P0273,5,74730,16
I09738,O01743,P0500,2,40645,24
I09739,O01215,P0093,3,17975,22
I09740,O02802,P0267,3,98712,23
I09741,O01787,P0379,4,22904,25
I09742,O01672,P0241,4,69017,1
I09743,O02707,P0250,3,88799,5
I09744,O00662,P0024,3,84610,9
I09745,O03018,P0069,5,59483,19
I09746,O04904,P0238,3,91576,5
I09747,O00225,P0290,3,62255,23
I09748,O00525,P0014,1,19981,32
I09749,O03603,P0443,3,93827,39
I09750,O03644,P0160,1,32814,32
I09751,O03464,P0160,3,94947,1
I09752,O04785,P0456,4,43448,10
I09753,O04485,P0361,3,59234,12
I09754,O02128,P0299,3,53349,22
I09755,O03638,P0096,5,64233,5
I09756,O01305,P0174,5,48433,1
I09757,O00349,P0414,1,41506,28
I09758,O00660,P0388,1,651,33
I09759,O04217,P0200,2,90138,13
I09760,O01189,P0470,3,87864,40
I09761,O00539,P0126,1,88455,4
I09762,O00417,P0075,4,65516,24
I09763,O01778,P0138,1,50737,36
I09764,O01597,P0060,3,15441,24
I09765,O03062,P0416,5,85663,13
I09766,O03126,P0378,2,1961,15
I09767,O03605,P0006,3,94433,17
I09768,O02007,P0090,-1,88299,2
I09769,O04030,P0353,2,65168,17
I09770,O01093,P0214,5,39372,8
I09771,O03902,P0203,4,72958,13
I09772,O01024,P0306,4,46516,16
I09773,O00725,P0499,3,28124,38
I09774,O03219,P0500,5,46711,19
I09775,O03734,P0265,1,10249,15
I09776,O04041,P0263,5,89293,15
I09777,O02306,P0107,2,53981,2
I09778,O04039,P0226,5,24965,2
I09779,O00878,P0026,2,20704,11
I09780,O00545,P0123,3,33436,21
I09781,O04660,P0156,4,57031,11
I09782,O04967,P0369,4,13198,12
I09783,O04287,P0452,2,32589,20
I09784,O01051,P0097,5,43038,29
I09785,O03866,P0270,2,56133,20
I09786,O03246,P0283,2,73191,7
I09787,O03672,P0452,4,46169,34
I09788,O02726,P0363,3,45573,8
I09789,O04013,P0331,1,22088,12
I09790,O04056,P0484,5,20500,14
I09791,O03242,P0477,1,76337,38
I09792,O01873,P0164,4,9027,1
I09793,O00568,P0267,1,56145,4
I09794,O02603,P0326,3,62648,8
I09795,O04439,P0147,4,67425,38
I09796,O02008,P0283,3,50274,30
I09797,O01322,P0074,1,55944,8
I09798,O00439,P0080,2,70879,4
I09799,O01546,P0038,3,25314,6
I09800,O04511,P0026,4,48506,3
I09801,O04542,P0277,4,4373,18
I09802,O02397,P0233,3,55860,8
I09803,O02477,P0151,5,76377,20
I09804,O02269,P0048,5,47769,11
I09805,O04098,P0463,3,79083,29
I09806,O03023,P0455,2,82814,23
I09807,O01621,P0379,4,95725,18
I09808,O04088,P0404,5,7927,15
I09809,O01694,P0022,2,53675,8
I09810,O02404,P0195,1,29695,0
I09811,O04676,P0155,4,94190,18
I09812,O03606,P0031,4,43161,32
I09813,O03781,P0199,4,17405,1
I09814,O04634,P0287,2,54642,40
I09815,O00391,P0300,4,96410,21
I09816,O01730,P0437,3,3106,22
I09817,O03763,P0034,5,54903,26
I09818,O04314,P0260,2,51959,26
I09819,O03602,P0186,1,94704,24
I09820,O03426,P0303,2,23507,38
I09821,O04079,P0003,3,49427,34
I09822,O02652,P0253,3,88751,12
I09823,O02465,P0322,-5,1649,19
I09824,O01332,P0480,2,28040,20
I09825,O00137,P0032,4,4150,27
I09826,O04152,P0454,4,92961,20
I09827,O01613,P0232,2,76555,5
I09828,O03609,P0458,1,60888,17
I09829,O04330,P0393,5,98749,26
I09830,O01708,P0429,1,16424,12
I09831,O01027,P0492,2,74800,21
I09832,O00931,P0139,4,44875,33
I09833,O02891,P0374,1,91709,39
I09834,O00822,P0195,2,32159,37
I09835,O01048,P0434,5,55592,20
I09836,O03944,P0331,3,13728,16
I09837,O02713,P0035,5,20372,24
I09838,O00910,P0368,4,29690,29
I09839,O00487,P0377,4,42628,11
I09840,O01791,P0117,4,86257,29
I09841,O04273,P0133,2,5944,26
I09842,O01232,P0115,4,55281,17
I09843,O03489,P0449,5,87918,1
I09844,O04545,P0248,1,46596,3
I09845,O00416,P0305,2,98850,36
I09846,O04866,P0390,4,36727,38
I09847,O02957,P0215,1,95397,26
I09848,O04814,P0188,4,1370,39
I09849,O01522,P0197,3,49043,35
I09850,O04801,P0096,2,79919,23
I09851,O04597,P0008,1,60155,28
I09852,O00403,P0002,3,63102,22
I09853,O03202,P0460,5,21595,20
I09854,O02127,P0432,-3,22223,13
I09855,O02901,P0465,5,84305,23
I09856,O03620,P0094,1,67274,38
I09857,O00170,P0282,1,23561,16
I09858,O02108,P0222,4,7634,31
I09859,O03107,P0423,2,95008,20
I09860,O02873,P0336,2,76997,3
I09861,O03504,P0094,4,25103,28
I09862,O02404,P0117,-2,66754,2
I09863,O02847,P0190,1,70618,39
I09864,O01345,P0208,3,43297,8
I09865,O02551,P0123,3,6133,7
I09866,O03797,P0387,4,15007,6
I09867,O02166,P0392,4,88269,20
I09868,O01161,P0264,5,16027,27
I09869,O01561,P0321,1,43109,34
I09870,O03524,P0009,5,83140,27
I09871,O02941,P0004,5,66401,10
I09872,O00649,P0046,4,51838,16
I09873,O03868,P0465,3,23323,26
I09874,O03827,P0496,5,57935,37
I09875,O03691,P0150,2,1965,1
I09876,O02600,P0349,-5,30789,3
I09877,O02684,P0267,1,62296,26
I09878,O03881,P0380,3,32968,29
I09879,O00047,P0460,3,72760,4
I09880,O03131,P0104,3,8338,30
I09881,O03397,P0083,4,62474,19
I09882,O01667,P0313,4,51232,40
I09883,O01986,P0213,1,34026,24
I09884,O00200,P0412,2,98215,23
I09885,O02006,P0371,1,9743,28
I09886,O01964,P0445,3,40937,13
I09887,O00619,P0025,4,95739,8
I09888,O00693,P0407,3,33765,20
I09889,O04006,P0125,4,28321,34
I09890,O01636,P0197,3,2984,24
I09891,O00024,P0273,3,71181,2
I09892,O00691,P0357,5,38452,6
I09893,O02857,P0148,1,69451,15
I09894,O01614,P0474,4,17104,2
I09895,O01880,P0213,4,55301,4
I09896,O00871,P0243,3,9556,34
I09897,O01895,P0060,2,58251,23
I09898,O00253,P0219,4,25901,18
I09899,O04956,P0150,2,82593,37
I09900,O01616,P0020,2,54470,39
I09901,O02310,P0118,3,6720,33
I09902,O01295,P0236,3,70417,34
I09903,O04441,P0233,5,64274,26
I09904,O04282,P0492,1,65333,31
I09905,O04260,P0230,1,40782,17
I09906,O03362,P0329,2,44028,33
I09907,O01901,P0451,2,81043,38
I09908,O03279,P0214,5,22102,1
I09909,O03605,P0189,3,91121,24
I09910,O00344,P0392,3,5991,39
I09911,O01239,P0416,3,81890,13
I09912,O00270,P0286,3,57698,19
I09913,O04953,P0232,2,38195,30
I09914,O01303,P0422,1,37814,11
I09915,O03185,P0176,4,4295,16
I09916,O02490,P0461,3,92919,25
I09917,O03537,P0029,5,37359,9
I09918,O03186,P0330,2,91063,27
I09919,O00013,P0371,1,23277,1
I09920,O04900,P0387,3,88491,7
I09921,O02402,P0386,1,40773,6
I09922,O01726,P0397,1,7124,14
I09923,O04736,P0250,4,19104,14
I09924,O01401,P0229,2,6771,8
I09925,O03980,P0348,5,81777,18
I09926,O04827,P0145,5,35581,8
I09927,O01908,P0022,2,94752,9
I09928,O00224,P0170,5,86758,17
I09929,O04296,P0281,3,85671,24
I09930,O01103,P0379,2,62573,8
I09931,O00853,P0477,5,64802,36
I09932,O04401,P0344,1,48347,34
I09933,O04510,P0220,1,28888,6
I09934,O04937,P0335,3,61522,35
I09935,O03402,P0159,5,54497,38
I09936,O00142,P0243,4,90891,12
I09937,O01864,P0487,2,61159,35
I09938,O04820,P0424,2,42715,7
I09939,O04920,P0323,5,55057,7
I09940,O03635,P0310,2,81481,20
I09941,O01257,P0489,4,23233,30
I09942,O01476,P0441,1,4841,34
I09943,O01195,P0289,2,94934,39
I09944,O03301,P0484,4,39237,10
I09945,O04079,P0010,1,55726,25
I09946,O03667,P0177,-5,23044,38
I09947,O03633,P0463,3,67456,5
I09948,O01563,P0070,-1,72252,7
I09949,O03776,P0287,2,28449,1
I09950,O02302,P0347,5,10550,30
I09951,O01059,P0102,2,33815,1
I09952,O00055,P0230,4,85893,17
I09953,O01629,P0164,2,84949,16
I09954,O00932,P0439,4,53837,1
I09955,O03319,P0239,3,6771,17
I09956,O02977,P0239,1,49543,29
I09957,O00347,P0007,3,81577,11
I09958,O04511,P0051,1,86092,12
I09959,O04862,P0007,2,85524,30
I09960,O01700,P0319,4,2417,38
I09961,O00466,P0045,4,84872,0
I09962,O03820,P0174,1,69489,20
I09963,O01462,P0043,4,2298,35
I09964,O02334,P0121,3,25108,11
I09965,O04429,P0019,2,69217,5
I09966,O03277,P0066,1,98826,10
I09967,O01733,P0470,3,65124,4
I09968,O03841,P0384,4,8956,37
I09969,O03963,P0007,2,80116,34
I09970,O04985,P0421,3,46074,12
I09971,O02168,P0149,5,57961,25
I09972,O02622,P0398,5,92481,34
I09973,O01655,P0440,3,70012,39
I09974,O01673,P0229,-4,15139,25
I09975,O00628,P0026,4,82024,21
I09976,O02634,P0308,1,13460,15
I09977,O00868,P0180,5,94343,8
I09978,O02005,P0204,2,7501,6
I09979,O04408,P0396,4,9508,27
I09980,O04992,P0097,-4,8554,33
I09981,O00253,P0310,2,45944,30
I09982,O01846,P0468,3,69337,4
I09983,O03175,P0019,3,97684,29
I09984,O02674,P0014,5,25042,27
I09985,O02564,P0092,3,34286,34
I09986,O04830,P0209,2,69160,18
I09987,O00054,P0115,5,61235,9
I09988,O02168,P0107,3,39448,10
I09989,O01977,P0023,1,1335,27
I09990,O02863,P0436,2,63423,14
I09991,O00438,P0109,2,71340,9
I09992,O02586,P0185,3,31743,32
I09993,O02021,P0498,4,66373,17
I09994,O04772,P0405,4,68400,38
I09995,O03139,P0122,3,60019,0
I09996,O01275,P0405,5,41204,4
I09997,O01396,P0014,2,28475,32
I09998,O02197,P0211,3,4649,38
I09999,O02227,P0305,1,64801,7
I10000,O04353,P0125,1,14941,19
I10001,O04442,P0094,1,77546,39
I10002,O01930,P0004,5,38963,10
I10003,O04055,P0307,4,94135,29
I10004,O04161,P0457,2,43015,7
I10005,O04824,P0147,3,77015,15
I10006,O00275,P0122,3,65929,9
I10007,O04720,P0456,4,72047,25
I10008,O03376,P0435,2,80843,6
I10009,O03568,P0052,1,44755,15
I10010,O02942,P0124,5,6975,9
I10011,O00966,P0470,4,7524,7
I10012,O01500,P0061,1,21090,23
I10013,O02240,P0407,2,69231,35
I10014,O04487,P0071,1,66302,18
I10015,O04146,P0219,5,10264,11
I10016,O03741,P0143,3,6145,37
I10017,O00746,P0264,1,97469,5
I10018,O04065,P0376,1,5707,36
I10019,O04396,P0190,4,43020,22
I10020,O01927,P0388,4,48605,19
I10021,O03404,P0129,5,71288,10
I10022,O04735,P0472,4,20600,14
I10023,O03955,P0249,3,33135,2
I10024,O03195,P0126,3,93494,15
I10025,O03539,P0330,3,57523,2
I10026,O01800,P0010,4,16246,38
I10027,O01529,P0337,5,64896,33
I10028,O04813,P0429,1,67287,32
I10029,O02077,P0367,1,31561,6
I10030,O04096,P0010,3,26849,24
I10031,O02199,P0363,2,84789,1
I10032,O04836,P0082,1,98754,37
I10033,O01647,P0277,1,87782,40
I10034,O01239,P0337,1,22984,4
I10035,O00797,P0098,4,57760,7
I10036,O03055,P0022,5,82590,30
I10037,O02331,P0114,2,71869,16
I10038,O04661,P0487,4,56476,23
I10039,O04333,P0235,1,57774,37
I10040,O00905,P0398,3,69285,12
I10041,O04371,P0098,2,81584,30
I10042,O02871,P0365,1,41334,10
I10043,O01174,P0007,3,32592,29
I10044,O02150,P0269,3,82523,16
I10045,O02071,P0138,5,96323,32
I10046,O00467,P0141,2,94150,33
I10047,O00108,P0322,5,88634,13
I10048,O02902,P0199,5,4426,34
I10049,O00567,P0338,3,94938,40
I10050,O04099,P0369,5,79515,15
I10051,O02469,P0133,4,12712,30
I10052,O03468,P0081,2,26579,8
I10053,O02566,P0417,3,51980,23
I10054,O03412,P0230,1,92701,3
I10055,O00888,P0245,4,72048,20
I10056,O04100,P0176,3,47730,21
I10057,O03589,P0473,1,84921,12
I10058,O04547,P0250,5,41284,37
I10059,O01835,P0049,3,50131,2
I10060,O00020,P0130,4,33641,25
I10061,O03829,P0457,4,12681,16
I10062,O04597,P0057,2,45079,14
I10063,O01977,P0008,5,2792,13
I10064,O00735,P0106,3,3784,0
I10065,O02928,P0472,5,8816,22
I10066,O00431,P0482,3,95611,6
I10067,O00286,P0496,2,81169,7
I10068,O01523,P0266,1,23512,18
I10069,O03545,P0379,4,64058,5
I10070,O01458,P0083,2,98269,38
I10071,O00260,P0035,1,12320,26
I10072,O00378,P0037,3,26056,35
I10073,O02316,P0297,2,26839,29
I10074,O01266,P0267,4,98987,35
I10075,O03956,P0294,2,54478,34
I10076,O02133,P0306,-1,91438,10
I10077,O01635,P0179,2,21971,20
I10078,O03287,P0342,3,26629,24
I10079,O01538,P0468,1,13995,20
I10080,O04569,P0463,1,99321,9
I10081,O01295,P0229,3,15513,26
I10082,O01906,P0255,1,91174,37
I10083,O03568,P0365,2,74983,38
I10084,O04401,P0480,1,92751,23
I10085,O02953,P0155,3,24283,32
I10086,O02087,P0083,4,87952,5
I10087,O04966,P0095,4,77413,26
I10088,O00045,P0352,2,46075,6
I10089,O02028,P0483,4,20378,12
I10090,O02440,P0020,4,71208,33
I10091,O04109,P0122,4,77672,22
I10092,O02633,P0121,3,85274,8
I10093,O04771,P0205,4,94222,36
I10094,O00501,P0110,2,95664,32
I10095,O04092,P0333,4,64628,26
I10096,O03931,P0455,5,75499,24
I10097,O03972,P0228,3,6252,13
I10098,O00226,P0305,1,10856,11
I10099,O00046,P0064,4,18267,4
I10100,O02808,P0286,2,9895,1
I10101,O03916,P0335,5,19295,25
I10102,O01491,P0366,3,520,1
I10103,O02370,P0427,2,5218,23
I10104,O04135,P0273,2,75881,8
I10105,O00160,P0287,3,93476,18
I10106,O02408,P0205,1,18243,31
I10107,O00700,P0462,1,56208,3
I10108,O02841,P0400,2,48936,38
I10109,O02059,P0203,2,9903,8
I10110,O00958,P0103,5,90478,28
I10111,O02882,P0014,5,86219,34
I10112,O00313,P0144,5,25771,2
I10113,O00705,P0275,2,64619,31
I10114,O02615,P0279,-1,57984,29
I10115,O02341,P0349,1,51757,38
I10116,O00125,P0003,2,85512,30
I10117,O04764,P0077,1,67647,17
I10118,O01054,P0213,5,32447,14
I10119,O02664,P0195,3,60746,12
I10120,O03876,P0332,5,88072,7
I10121,O02336,P0275,2,40274,20
I10122,O02845,P0286,3,26457,31
I10123,O02298,P0261,2,56208,18
I10124,O04496,P0443,3,45214,26
I10125,O04244,P0213,5,67490,38
I10126,O01637,P0143,1,18284,20
I10127,O02849,P0007,2,48311,6
I10128,O03604,P0238,2,7318,25
I10129,O02912,P0023,5,49763,29
I10130,O03984,P0494,5,98948,38
I10131,O02149,P0258,5,86853,28
I10132,O04082,P0101,1,41534,17
I10133,O04674,P0371,5,86093,14
I10134,O00855,P0349,1,30642,13
I10135,O00766,P0198,1,9713,27
I10136,O02733,P0081,3,87758,37
I10137,O03303,P0085,2,98636,29
I10138,O00678,P0183,3,627,39
I10139,O01093,P0310,3,90280,20
I10140,O02149,P0307,1,74030,40
I10141,O01958,P0386,4,7231,29
I10142,O02599,P0271,4,45210,24
I10143,O01706,P0262,3,48952,13
I10144,O00194,P0014,1,97297,7
I10145,O01120,P0307,4,29277,37
I10146,O01036,P0138,5,38280,6
I10147,O01058,P0045,1,62166,8
I10148,O01750,P0264,1,65554,26
I10149,O02649,P0122,3,5922,33
I10150,O03984,P0225,1,72727,6
I10151,O02695,P0175,5,24951,35
I10152,O04576,P0120,4,943,37
I10153,O00674,P0026,1,21216,31
I10154,O04331,P0179,3,42397,8
I10155,O02078,P0340,2,41257,33
I10156,O03452,P0192,2,34269,3
I10157,O01631,P0231,1,6876,37
I10158,O03019,P0469,1,99890,21
I10159,O04638,P0282,3,84338,4
I10160,O01397,P0107,5,25582,27
I10161,O03850,P0302,4,85024,3
I10162,O02832,P0065,-3,26973,0
I10163,O03859,P0367,1,54550,34
I10164,O02037,P0363,3,41038,17
I10165,O00845,P0053,1,74869,25
I10166,O04159,P0229,1,2216,28
I10167,O00047,P0076,4,15111,13
I10168,O02582,P0181,2,38744,32
I10169,O02652,P0293,3,8713,21
I10170,O01272,P0388,2,58830,23
I10171,O04081,P0081,2,60658,16
I10172,O04303,P0269,5,64290,20
I10173,O03728,P0357,3,6916,33
I10174,O03135,P0277,4,91820,11
I10175,O02633,P0221,2,96089,14
I10176,O02822,P0454,1,41928,6
I10177,O03276,P0467,1,54817,27
I10178,O04211,P0053,3,49731,34
I10179,O03949,P0419,2,25706,30
I10180,O02826,P0298,1,74553,6
I10181,O03641,P0251,1,66012,21
I10182,O03902,P0292,5,65561,17
I10183,O04929,P0115,2,2955,26
I10184,O00030,P0085,4,9749,21
I10185,O00554,P0480,4,1393,32
I10186,O04939,P0469,5,1833,29
I10187,O04571,P0059,4,61765,32
I10188,O02867,P0076,1,84022,2
I10189,O04769,P0020,2,60206,35
I10190,O00896,P0457,5,6304,27
I10191,O01381,P0395,1,39666,8
I10192,O01931,P0236,2,14663,18
I10193,O03583,P0222,1,71273,8
I10194,O00029,P0199,3,71716,0
I10195,O00768,P0024,3,14590,26
I10196,O02264,P0180,4,74587,1
I10197,O04032,P0437,2,8085,13
I10198,O04194,P0020,2,3648,32
I10199,O01598,P0458,2,51909,10
I10200,O00611,P0323,3,70515,0
I10201,O03188,P0321,4,63691,26
I10202,O03110,P0333,1,61228,4
I10203,O01383,P0117,3,21768,34
I10204,O02084,P0285,3,26827,14
I10205,O03389,P0396,5,59911,29
I10206,O02912,P0249,3,2234,36
I10207,O04760,P0049,4,83546,31
I10208,O04921,P0395,5,69105,36
I10209,O04383,P0001,5,71459,6
I10210,O01886,P0416,5,32660,19
I10211,O04864,P0181,5,26640,35
I10212,O02435,P0163,2,34191,3
I10213,O03008,P0230,2,54033,40
I10214,O04427,P0078,2,39052,38
I10215,O03740,P0352,2,41607,14
I10216,O01682,P0022,3,25045,26
I10217,O03224,P0284,3,93210,31
I10218,O04351,P0473,4,85295,24
I10219,O00669,P0129,2,78002,13
I10220,O04654,P0299,5,50705,38
I10221,O00437,P0323,5,88099,22
I10222,O03057,P0393,1,9690,4
I10223,O02820,P0179,4,58005,5
I10224,O04677,P0125,3,57251,2
I10225,O02729,P0475,3,25140,6
I10226,O04032,P0291,3,2204,3
I10227,O03134,P0190,4,9415,7
I10228,O04174,P0244,5,39053,39
I10229,O00605,P0141,4,39261,36
I10230,O02062,P0066,3,23294,28
I10231,O02101,P0040,3,25065,4
I10232,O01866,P0466,2,76693,7
I10233,O02603,P0284,4,30659,12
I10234,O04000,P0423,2,1676,37
I10235,O02579,P0337,5,8633,10
I10236,O02718,P0126,4,68956,29
I10237,O03145,P0302,5,67804,3
I10238,O02343,P0089,3,44083,31
I10239,O02631,P0443,4,24279,27
I10240,O02355,P0383,4,82899,34
I10241,O04962,P0053,4,68926,20
I10242,O04351,P0002,2,49129,22
I10243,O02599,P0007,5,96448,31
I10244,O00007,P0417,4,41330,12
I10245,O04400,P0080,2,75787,22
I10246,O02817,P0430,2,31534,29
I10247,O00283,P0321,1,75816,29
I10248,O04491,P0080,1,2191,14
I10249,O01590,P0062,4,96954,6
I10250,O01584,P0324,2,36664,2
I10251,O03668,P0027,1,44661,3
I10252,O03405,P0412,5,85073,24
I10253,O03846,P0483,4,54942,6
I10254,O04699,P0181,1,93904,27
I10255,O02849,P0157,1,37922,32
I10256,O04948,P0435,2,9206,25
I10257,O03425,P0064,3,75428,15
I10258,O04415,P0432,2,54821,6
I10259,O03337,P0156,1,9782,1
I10260,O01808,P0272,-3,59962,21
I10261,O00634,P0301,1,77427,31
I10262,O02165,P0198,4,87256,10
I10263,O01057,P0040,2,87525,13
I10264,O01257,P0284,4,52679,21
I10265,O00914,P0294,5,80663,16
I10266,O03988,P0053,4,98442,12
I10267,O04694,P0242,4,24353,23
I10268,O03152,P0198,4,42077,40
I10269,O00980,P0160,3,96432,17
I10270,O00629,P0027,3,82810,33
I10271,O04446,P0415,1,987,18
I10272,O00081,P0107,2,53365,1
I10273,O04468,P0049,2,3512,30
I10274,O02936,P0471,3,40464,28
I10275,O03995,P0242,2,65232,39
I10276,O04154,P0498,2,14922,14
I10277,O03184,P0129,2,13586,35
I10278,O02630,P0372,1,28337,6
I10279,O03785,P0233,2,53311,4
I10280,O02735,P0115,2,61756,22
I10281,O00614,P0422,1,41722,24
I10282,O04503,P0251,1,68348,22
I10283,O03873,P0260,2,32582,5
I10284,O03028,P0382,-5,77381,4
I10285,O02440,P0363,2,86557,16
I10286,O04636,P0005,1,15672,39
I10287,O00320,P0262,2,81317,19
I10288,O00411,P0263,1,55541,2
I10289,O00519,P0144,3,51426,10
I10290,O01493,P0365,4,74791,10
I10291,O01719,P0488,5,53768,28
I10292,O04859,P0486,2,85636,35
I10293,O04156,P0335,2,94875,20
I10294,O01994,P0165,4,82080,28
I10295,O01024,P0267,4,12255,14
I10296,O04918,P0054,1,80836,23
I10297,O00829,P0293,3,26237,19
I10298,O00861,P0192,1,43426,28
I10299,O04384,P0431,4,63286,32
I10300,O03240,P0167,5,34497,11
I10301,O02596,P0215,2,22923,1
I10302,O04647,P0383,1,48291,29
I10303,O01525,P0440,4,65168,40
I10304,O04208,P0333,1,76400,26
I10305,O02729,P0051,3,8939,25
I10306,O01311,P0437,4,87121,28
I10307,O03832,P0249,1,17611,22
I10308,O01246,P0185,2,40471,5
I10309,O01780,P0118,1,83355,34
I10310,O00475,P0036,4,28052,25
I10311,O02515,P0396,3,87598,36
I10312,O02421,P0240,5,64303,17
I10313,O04230,P0480,2,95102,37
I10314,O02772,P0343,5,21769,22
I10315,O00390,P0132,4,29578,14
I10316,O02822,P0348,1,20144,0
I10317,O04113,P0475,4,19464,2
I10318,O02757,P0254,3,49766,28
I10319,O02618,P0172,4,95826,33
I10320,O04920,P0046,2,51229,17
I10321,O02119,P0085,1,16574,7
I10322,O00653,P0028,4,4684,23
I10323,O02750,P0394,1,54300,37
I10324,O03801,P0111,2,98288,17
I10325,O04780,P0030,3,15436,30
I10326,O00471,P0256,2,5896,1
I10327,O04435,P0068,4,24533,15
I10328,O02543,P0170,3,31532,25
I10329,O02584,P0468,2,28523,12
I10330,O00094,P0420,4,35558,23
I10331,O00522,P0038,5,3178,29
I10332,O04983,P0312,3,90313,37
I10333,O03307,P0074,5,59821,32
I10334,O03335,P0296,2,42482,18
I10335,O04250,P0090,1,82852,38
I10336,O04646,P0201,4,34302,3
I10337,O02117,P0202,3,38741,5
I10338,O04430,P0482,3,90935,32
I10339,O03692,P0222,4,47394,32
I10340,O03387,P0436,5,61346,24
I10341,O00846,P0161,2,84175,6
I10342,O03831,P0336,5,24983,37
I10343,O03654,P0043,5,76877,31
I10344,O03451,P0259,4,60790,2
I10345,O03739,P0265,5,18511,3
I10346,O04627,P0053,3,37866,36
I10347,O00454,P0012,1,28624,2
I10348,O01871,P0482,1,61280,18
I10349,O02310,P0046,2,6591,40
I10350,O03180,P0493,2,79663,15
I10351,O03057,P0251,1,16141,38
I10352,O00414,P0061,2,78618,0
I10353,O00247,P0232,1,62660,32
I10354,O00269,P0006,2,21507,4
I10355,O02446,P0127,2,49276,3
I10356,O02270,P0110,3,9450,28
I10357,O00470,P0392,1,37615,26
I10358,O04862,P0143,5,60920,26
I10359,O02162,P0235,2,1793,18
I10360,O03829,P0125,5,99902,20
I10361,O01555,P0008,4,75476,20
I10362,O00852,P0387,5,23668,0
I10363,O02498,P0074,4,70521,11
I10364,O03867,P0116,1,26757,24
I10365,O01613,P0455,5,1269,8
I10366,O03451,P0103,5,20873,2
I10367,O00011,P0369,3,35743,5
I10368,O03296,P0031,-1,66602,12
I10369,O01012,P0290,4,57937,12
I10370,O00339,P0489,4,89250,19
I10371,O03310,P0258,2,23238,3
I10372,O02470,P0464,4,77705,33
I10373,O01360,P0255,4,83054,18
I10374,O04837,P0125,3,25372,19
I10375,O03449,P0365,1,45080,38
I10376,O03635,P0339,1,97401,32
I10377,O00951,P0348,2,75751,34
I10378,O02640,P0028,2,38392,8
I10379,O04717,P0205,5,95043,19
I10380,O04444,P0451,3,24554,18
I10381,O03181,P0096,5,12330,4
I10382,O03835,P0220,4,80613,5
I10383,O03709,P0471,2,62629,10
I10384,O04116,P0254,4,83201,3
I10385,O04041,P0400,5,87205,28
I10386,O01324,P0436,2,67091,31
I10387,O04563,P0376,2,92355,27
I10388,O00691,P0212,2,98857,17
I10389,O02995,P0433,-4,37121,24
I10390,O00241,P0474,1,89149,19
I10391,O04133,P0177,5,86007,30
I10392,O01949,P0095,3,42391,19
I10393,O04576,P0444,2,69381,25
I10394,O04892,P0460,4,62966,11
I10395,O03058,P0281,1,82648,5
I10396,O04961,P0361,4,59689,25
I10397,O01071,P0102,2,7061,16
I10398,O04855,P0069,2,60141,26
I10399,O01331,P0470,2,11810,38
I10400,O04277,P0277,5,69762,40
I10401,O01693,P0251,1,89026,13
I10402,O04576,P0058,3,1511,36
I10403,O00538,P0500,4,91561,37
I10404,O01499,P0073,2,68453,1
I10405,O01242,P0017,-4,35050,28
I10406,O04249,P0172,5,73208,38
I10407,O00906,P0382,4,16404,30
I10408,O03336,P0318,1,65135,7
I10409,O02695,P0340,2,80446,17
I10410,O02872,P0223,3,28916,27
I10411,O04661,P0318,1,48498,18
I10412,O04687,P0097,1,91274,20
I10413,O00877,P0290,5,53664,2
I10414,O02599,P0207,1,95418,23
I10415,O00108,P0211,1,90557,29
I10416,O02996,P0233,1,98357,34
I10417,O04366,P0309,1,72670,3
I10418,O04416,P0339,3,70807,36
I10419,O02791,P0179,5,40218,13
I10420,O00420,P0332,5,83869,3
I10421,O01879,P0365,1,738,24
I10422,O04785,P0468,4,78179,36
I10423,O00355,P0281,4,47299,0
I10424,O00557,P0298,2,20078,1
I10425,O03782,P0385,4,89444,16
I10426,O03829,P0073,5,24851,0
I10427,O02244,P0374,5,55052,10
I10428,O03958,P0173,3,17909,31
I10429,O04443,P0095,2,67970,34
I10430,O02260,P0288,5,48531,11
I10431,O03273,P0411,3,71235,12
I10432,O00495,P0108,1,51007,13
I10433,O03584,P0468,3,95722,40
I10434,O03021,P0075,1,64979,28
I10435,O04911,P0016,2,28701,16
I10436,O02870,P0414,4,30951,18
I10437,O02557,P0042,3,77686,0
I10438,O00678,P0405,3,961,1
I10439,O04255,P0395,-2,80683,30
I10440,O01200,P0429,5,14502,40
I10441,O04594,P0223,2,97943,34
I10442,O04836,P0096,2,83322,38
I10443,O03601,P0333,1,17697,11
I10444,O00068,P0447,3,96136,2
I10445,O01700,P0120,2,11494,23
I10446,O03626,P0027,1,26108,19
I10447,O03301,P0396,4,59117,9
I10448,O00427,P0239,-1,88634,16
I10449,O02922,P0100,4,76458,13
I10450,O00276,P0319,1,46214,33
I10451,O01672,P0137,4,11072,22
I10452,O00279,P0050,3,14579,35
I10453,O03438,P0284,4,9400,29
I10454,O04248,P0040,5,97663,37
I10455,O02738,P0209,5,56365,19
I10456,O00681,P0460,2,30304,14
I10457,O04860,P0068,-4,29939,36
I10458,O04576,P0384,1,44466,32
I10459,O01500,P0468,3,24943,22
I10460,O04081,P0489,3,67535,15
I10461,O04954,P0300,2,1646,7
I10462,O04792,P0361,1,87352,2
I10463,O02968,P0261,1,25350,40
I10464,O04605,P0145,1,39509,4
I10465,O04703,P0363,1,43184,39
I10466,O02220,P0448,1,60275,30
I10467,O03990,P0220,4,88827,35
I10468,O04604,P0088,2,54588,1
I10469,O00507,P0480,3,22165,33
I10470,O01304,P0224,1,39284,12
I10471,O02621,P0284,2,9311,30
I10472,O03544,P0158,4,60735,38
I10473,O04473,P0499,5,91275,13
I10474,O00379,P0308,5,4996,33
I10475,O01341,P0057,4,72656,8
I10476,O01303,P0157,5,29340,10
I10477,O01488,P0368,5,91085,6
I10478,O01635,P0320,1,14105,30
I10479,O01179,P0462,4,55176,18
I10480,O04357,P0299,2,87798,31
I10481,O00775,P0316,1,8148,14
I10482,O04366,P0189,5,37564,20
I10483,O00883,P0416,2,52691,32
I10484,O03391,P0084,3,90418,29
I10485,O03587,P0175,5,72653,20
I10486,O03397,P0251,2,42125,2
I10487,O02433,P0071,4,5730,31
I10488,O03876,P0262,1,65552,32
I10489,O02893,P0147,-5,91254,21
I10490,O00190,P0054,3,68087,5
I10491,O01549,P0201,5,29304,25
I10492,O03562,P0312,3,29751,7
I10493,O04555,P0299,3,23730,17
I10494,O03308,P0454,1,83763,19
I10495,O03992,P0165,3,67992,13
I10496,O01493,P0369,4,9137,4
I10497,O00108,P0212,5,61346,19
I10498,O02258,P0329,5,17010,10
I10499,O02444,P0499,2,30364,40
I10500,O01165,P0477,2,95153,27
I10501,O04037,P0264,1,99540,29
I10502,O04919,P0371,4,22794,3
I10503,O00442,P0382,1,4862,36
I10504,O02820,P0291,4,45870,40
I10505,O00015,P0460,3,32643,4
I10506,O01749,P0162,1,35330,16
I10507,O02156,P0216,5,24740,19
I10508,O01953,P0057,3,30557,36
I10509,O01912,P0203,3,4012,11
I10510,O03615,P0248,3,9339,21
I10511,O01779,P0307,3,42580,32
I10512,O00287,P0248,5,14010,37
I10513,O01693,P0117,5,96333,40
I10514,O00488,P0254,3,33793,32
I10515,O01527,P0290,3,42120,20
I10516,O02535,P0418,5,58044,40
I10517,O02355,P0464,2,79911,3
I10518,O00506,P0049,5,41091,23
I10519,O02449,P0248,1,52727,4
I10520,O00054,P0226,3,15220,29
I10521,O01733,P0128,4,31563,31
I10522,O01558,P0178,2,22837,5
I10523,O02964,P0225,3,73817,23
I10524,O01995,P0497,3,24621,27
I10525,O04538,P0295,2,66538,39
I10526,O04388,P0270,1,69687,35
I10527,O04717,P0080,5,68684,6
I10528,O02369,P0401,4,50177,20
I10529,O00793,P0029,1,36324,7
I10530,O03520,P0355,3,2897,40
I10531,O03944,P0295,2,3627,38
I10532,O02493,P0138,2,28657,11
I10533,O03344,P0244,4,34069,34
I10534,O04653,P0012,1,99086,16
I10535,O00465,P0055,1,37414,28
I10536,O01855,P0351,5,17104,27
I10537,O00312,P0056,4,10968,38
I10538,O02086,P0108,1,39682,11
I10539,O03357,P0028,3,46951,22
I10540,O00706,P0070,5,10876,19
I10541,O04020,P0003,4,70076,27
I10542,O00137,P0256,2,75223,37
I10543,O00171,P0089,3,59832,2
I10544,O04459,P0097,3,25277,25
I10545,O04975,P0362,3,55394,26
I10546,O01387,P0014,1,97028,5
I10547,O02900,P0338,3,60937,25
I10548,O03848,P0206,5,22784,34
I10549,O01857,P0299,2,83152,8
I10550,O03145,P0243,1,80193,23
I10551,O02944,P0306,1,27349,16
I10552,O03998,P0028,2,53178,1
I10553,O03401,P0157,5,98388,10
I10554,O04879,P0068,5,71044,6
I10555,O03472,P0049,4,18093,16
I10556,O04795,P0216,2,86414,27
I10557,O00577,P0466,3,4992,9
I10558,O02654,P0143,3,87204,13
I10559,O02236,P0076,5,25793,20
I10560,O03916,P0243,4,36685,19
I10561,O01748,P0360,5,96213,33
I10562,O04063,P0406,5,58765,20
I10563,O04170,P0491,2,9405,38
I10564,O01905,P0186,5,1846,4
I10565,O00966,P0222,4,37586,36
I10566,O01602,P0061,3,34770,40
I10567,O03492,P0425,5,71870,26
I10568,O01590,P0390,4,63287,25
I10569,O01491,P0500,2,1728,34
I10570,O03541,P0437,1,20238,22
I10571,O02271,P0225,2,78344,23
I10572,O01262,P0259,3,18266,28
I10573,O03916,P0046,-3,35344,6
I10574,O00797,P0345,5,94506,30
I10575,O02725,P0185,3,28515,22
I10576,O02013,P0082,5,34937,33
I10577,O03028,P0069,5,59742,13
I10578,O04996,P0084,5,937,31
I10579,O04375,P0492,5,93440,33
I10580,O02431,P0452,4,36749,18
I10581,O04873,P0395,3,9249,40
I10582,O01655,P0220,4,24401,17
I10583,O04139,P0218,3,40668,22
I10584,O03195,P0313,3,10343,9
I10585,O00017,P0349,4,85012,39
I10586,O04503,P0085,1,13140,17
I10587,O02813,P0441,4,82292,39
I10588,O04916,P0364,3,39325,9
I10589,O00143,P0306,4,7691,6
I10590,O01658,P0168,4,56086,34
I10591,O03191,P0147,1,45135,15
I10592,O04452,P0366,4,2769,2
I10593,O03890,P0251,4,28673,8
I10594,O01028,P0422,3,70053,31
I10595,O02606,P0342,4,67153,31
I10596,O02895,P0013,3,21183,17
I10597,O04595,P0118,1,92401,36
I10598,O04310,P0460,4,62039,39
I10599,O04006,P0365,4,5765,38
I10600,O02727,P0266,1,98377,1
I10601,O01152,P0040,5,81508,19
I10602,O03729,P0054,1,19293,8
I10603,O04933,P0091,1,64220,9
I10604,O00802,P0320,1,8344,40
I10605,O04183,P0438,1,78871,28
I10606,O04431,P0331,2,27500,34
I10607,O04972,P0423,2,64703,21
I10608,O00415,P0073,1,92115,10
I10609,O04287,P0259,3,88500,30
I10610,O01909,P0079,1,29182,3
I10611,O00139,P0092,2,19366,11
I10612,O01457,P0388,4,62358,38
I10613,O03673,P0117,5,56258,38
I10614,O04120,P0026,3,45363,6
I10615,O00219,P0338,5,27547,27
I10616,O03799,P0463,1,87672,30
I10617,O01000,P0331,4,47467,31
I10618,O03902,P0487,5,16160,24
I10619,O02268,P0456,3,74692,38
I10620,O03358,P0382,5,33714,33
I10621,O04830,P0335,2,20066,8
I10622,O00778,P0130,2,12905,18
I10623,O02039,P0156,2,29231,18
I10624,O02660,P0473,1,58329,16
I10625,O04481,P0413,1,2421,1
I10626,O00566,P0405,1,22418,29
I10627,O01697,P0191,3,30530,40
I10628,O03413,P0143,1,51034,3
I10629,O01710,P0476,1,91118,0
I10630,O02600,P0277,2,54259,33
I10631,O02641,P0022,2,23413,39
I10632,O03903,P0397,4,6330,31
I10633,O03867,P0190,4,97661,36
I10634,O02289,P0062,3,30750,16
I10635,O03734,P0337,2,37400,29
I10636,O00460,P0252,3,89269,8
I10637,O03180,P0336,1,54881,10
I10638,O02073,P0296,2,16361,34
I10639,O00138,P0069,3,57962,34
I10640,O02962,P0435,3,54193,27
I10641,O02961,P0289,1,51760,2
I10642,O00249,P0054,5,47381,29
I10643,O00745,P0363,2,66756,38
I10644,O01638,P0372,1,10947,23
I10645,O00566,P0465,5,28053,23
I10646,O04095,P0119,5,61421,31
I10647,O03417,P0171,5,81121,13
I10648,O02945,P0065,4,1383,21
I10649,O02134,P0316,4,92785,17
I10650,O03994,P0184,-4,19753,21
I10651,O04412,P0065,3,35991,34
I10652,O04854,P0290,2,73071,30
I10653,O00093,P0407,3,61354,17
I10654,O04069,P0319,2,93329,6
I10655,O00444,P0005,4,58729,23
I10656,O01518,P0476,-2,79303,21
I10657,O00546,P0322,4,15319,11
I10658,O02409,P0125,3,40248,2
I10659,O00305,P0274,3,27067,3
I10660,O04040,P0338,5,7956,28
I10661,O00816,P0381,4,23821,6
I10662,O04255,P0440,5,10949,18
I10663,O03540,P0239,5,56725,19
I10664,O01841,P0421,2,9635,16
I10665,O04794,P0304,1,88735,14
I10666,O00199,P0025,2,14581,23
I10667,O03510,P0368,5,26292,20
I10668,O01279,P0478,5,11929,15
I10669,O00827,P0160,1,37372,38
I10670,O02505,P0024,1,88333,12
I10671,O03289,P0457,-5,36061,15
I10672,O01037,P0253,3,94865,37
I10673,O04546,P0446,4,94001,2
I10674,O00497,P0258,3,56141,38
I10675,O01287,P0106,4,56981,30
I10676,O00811,P0088,5,31878,33
I10677,O00225,P0078,4,35610,19
I10678,O04151,P0249,5,42704,18
I10679,O03805,P0275,3,22857,13
I10680,O02730,P0176,1,81246,5
I10681,O04635,P0277,4,64542,4
I10682,O01333,P0008,1,60729,0
I10683,O02555,P0331,2,11599,15
I10684,O03511,P0442,5,43931,32
I10685,O00652,P0448,4,16558,39
I10686,O01992,P0216,1,8695,3
I10687,O00751,P0368,4,99383,18
I10688,O00589,P0246,5,639,33
I10689,O04620,P0051,5,45437,12
I10690,O01555,P0155,3,24839,38
I10691,O01377,P0259,1,7545,11
I10692,O03581,P0411,4,99066,9
I10693,O03770,P0369,2,34058,39
I10694,O01569,P0158,3,10266,26
I10695,O02784,P0180,3,33163,5
I10696,O04664,P0442,2,61236,33
I10697,O03756,P0385,2,80064,5
I10698,O04163,P0136,5,64391,13
I10699,O04542,P0305,1,40826,6
I10700,O03202,P0305,1,22933,27
I10701,O01672,P0347,4,12865,24
I10702,O03227,P0206,4,94925,1
I10703,O04845,P0248,3,90396,25
I10704,O04796,P0192,2,23516,16
I10705,O04119,P0059,5,9350,7
I10706,O04476,P0399,3,40010,1
I10707,O04046,P0212,5,94657,31
I10708,O03429,P0304,2,59472,14
I10709,O01082,P0173,1,8183,24
I10710,O00777,P0389,4,33560,2
I10711,O03044,P0139,2,88098,28
I10712,O02222,P0424,4,61689,1
I10713,O03716,P0199,1,94691,4
I10714,O01315,P0428,4,75016,10
I10715,O04852,P0403,2,13984,25
I10716,O03638,P0146,4,25198,27
I10717,O00727,P0205,5,33981,5
I10718,O02945,P0458,2,14137,1
I10719,O02852,P0229,5,89749,4
I10720,O01012,P0330,1,91617,29
I10721,O04585,P0113,3,13195,32
I10722,O04222,P0242,2,13614,6
I10723,O03649,P0114,4,23473,8
I10724,O00994,P0182,5,44176,29
I10725,O01806,P0123,2,30145,33
I10726,O00290,P0120,4,27159,0
I10727,O03335,P0427,3,60893,37
I10728,O01240,P0465,5,13695,37
I10729,O01548,P0393,1,26697,29
I10730,O01071,P0036,3,91055,30
I10731,O02311,P0009,4,60024,28
I10732,O03201,P0438,-3,77464,2
I10733,O01326,P0169,2,88016,9
I10734,O00810,P0482,1,83105,13
I10735,O01584,P0055,2,17278,2
I10736,O00744,P0456,3,19071,19
I10737,O04306,P0153,1,53033,21
I10738,O04329,P0229,-5,80146,40
I10739,O02483,P0341,1,80650,0
I10740,O02235,P0334,2,29271,25
I10741,O03300,P0392,2,41298,18
I10742,O03184,P0195,4,3251,20
I10743,O02868,P0174,2,67941,12
I10744,O02958,P0115,4,95398,21
I10745,O03372,P0101,2,67397,2
I10746,O03292,P0231,3,80063,3
I10747,O03611,P0495,5,2581,30
I10748,O04437,P0375,-2,77015,25
I10749,O03004,P0065,1,53456,30
I10750,O04209,P0412,2,49158,6
I10751,O03436,P0390,4,89473,16
I10752,O03704,P0198,1,82298,24
I10753,O04062,P0028,2,91494,23
I10754,O04112,P0269,5,53851,15
I10755,O01227,P0467,4,49182,4
I10756,O04122,P0255,2,20869,1
I10757,O02515,P0229,4,51040,30
I10758,O01217,P0426,3,40572,4
I10759,O04627,P0024,1,74510,9
I10760,O03786,P0462,5,15517,27
I10761,O00429,P0418,2,5570,18
I10762,O04497,P0030,2,81519,33
I10763,O00608,P0017,2,80993,14
I10764,O02662,P0219,1,68103,30
I10765,O03794,P0099,2,95686,27
I10766,O02395,P0461,1,70795,24
I10767,O04249,P0375,5,80528,23
I10768,O01059,P0102,1,71059,35
I10769,O03765,P0132,2,31525,27
I10770,O04532,P0260,1,23143,26
I10771,O01876,P0192,2,21083,1
I10772,O04347,P0373,3,18500,27
I10773,O00813,P0412,4,53988,11
I10774,O03296,P0022,3,10188,4
I10775,O00120,P0372,4,31043,23
I10776,O01366,P0398,1,19248,8
I10777,O04070,P0188,-1,19386,38
I10778,O04564,P0393,1,59312,4
I10779,O00962,P0309,3,24816,11
I10780,O02886,P0261,4,81062,9
I10781,O01131,P0268,2,57958,36
I10782,O04214,P0066,3,76234,18
I10783,O02778,P0254,5,93152,23
I10784,O02781,P0389,3,30443,34
I10785,O04630,P0002,2,45450,13
I10786,O04811,P0388,2,11909,11
I10787,O00306,P0229,4,47828,5
I10788,O01853,P0340,3,18688,27
I10789,O03667,P0222,1,14320,2
I10790,O03238,P0202,4,38845,8
I10791,O01016,P0437,5,89951,12
I10792,O02557,P0450,4,64565,27
I10793,O02354,P0293,2,21986,24
I10794,O03982,P0043,5,75952,30
I10795,O02609,P0050,2,49213,40
I10796,O03265,P0242,4,12657,28
I10797,O04196,P0274,5,68280,20
I10798,O01731,P0134,1,1083,8
I10799,O00157,P0356,4,51241,34
I10800,O00551,P0491,5,80832,4
I10801,O04675,P0197,3,32528,11
I10802,O01101,P0304,5,14197,9
I10803,O04747,P0011,5,21905,18
I10804,O00698,P0080,3,69441,39
I10805,O02898,P0482,3,50662,39
I10806,O02704,P0386,3,95503,17
I10807,O03876,P0031,2,1040,34
I10808,O03738,P0325,4,41184,13
I10809,O00953,P0458,4,15805,1
I10810,O04339,P0151,4,84005,0
I10811,O03792,P0005,1,51745,18
I10812,O04964,P0166,5,53833,29
I10813,O02746,P0118,1,41350,40
I10814,O02096,P0111,3,55497,26
I10815,O03842,P0289,5,70837,22
I10816,O00776,P0482,4,40597,21
I10817,O01372,P0368,5,39399,18
I10818,O02478,P0497,2,62333,23
I10819,O01394,P0394,4,50884,25
I10820,O00646,P0115,-3,78492,20
I10821,O01923,P0269,5,92214,27
I10822,O01246,P0382,4,24231,21
I10823,O04164,P0220,1,23203,40
I10824,O03082,P0409,2,3853,19
I10825,O01569,P0396,4,45022,8
I10826,O03102,P0360,1,92083,26
I10827,O04163,P0319,2,78162,34
I10828,O01465,P0333,4,89742,14
I10829,O00653,P0345,3,27994,35
I10830,O01047,P0397,5,8124,24
I10831,O02397,P0303,5,61671,4
I10832,O01154,P0177,2,39318,9
I10833,O01361,P0164,1,87126,25
I10834,O01730,P0160,3,9919,2
I10835,O02595,P0102,4,19905,40
I10836,O01583,P0447,3,82359,0
I10837,O01894,P0323,1,98333,33
I10838,O01297,P0365,2,46753,30
I10839,O03100,P0416,3,63033,7
I10840,O01521,P0214,5,88579,16
I10841,O00258,P0153,2,41659,5
I10842,O04469,P0419,1,69605,4
I10843,O00746,P0031,4,82266,25
I10844,O02266,P0385,3,73981,17
I10845,O00535,P0209,5,3354,25
I10846,O04406,P0220,3,38857,1
I10847,O01451,P0161,3,12678,39
I10848,O03608,P0053,2,92700,6
I10849,O01330,P0411,-1,44478,40
I10850,O04024,P0156,5,82782,14
I10851,O04056,P0194,1,48785,2
I10852,O04055,P0179,2,88657,18
I10853,O01635,P0249,3,42003,14
I10854,O04245,P0316,1,24410,13
I10855,O04409,P0436,3,31826,7
I10856,O01550,P0194,4,15529,16
I10857,O00916,P0216,1,39068,27
I10858,O00912,P0455,4,25876,21
I10859,O00858,P0322,5,7393,38
I10860,O02802,P0168,1,24044,12
I10861,O00498,P0457,3,34883,40
I10862,O02339,P0495,4,82308,37
I10863,O04511,P0347,4,25606,0
I10864,O00966,P0483,2,67194,9
I10865,O03082,P0436,5,40544,24
I10866,O03882,P0219,2,8757,36
I10867,O03814,P0126,4,94272,6
I10868,O04906,P0108,4,87444,9
I10869,O02163,P0139,5,33512,18
I10870,O02979,P0068,2,75837,19
I10871,O03787,P0359,3,11291,39
I10872,O04605,P0294,2,19141,31
I10873,O04646,P0132,1,51790,12
I10874,O03980,P0033,3,51624,17
I10875,O00963,P0420,2,90167,27
I10876,O03984,P0390,3,33544,30
I10877,O02418,P0158,2,55201,0
I10878,O02074,P0153,2,58979,9
I10879,O04746,P0271,5,8311,37
I10880,O03428,P0140,4,23849,11
I10881,O02695,P0359,5,21710,27
I10882,O00142,P0254,3,29427,25
I10883,O00666,P0042,3,67634,17
I10884,O02207,P0191,2,59875,10
I10885,O02320,P0403,2,30240,21
I10886,O00768,P0445,4,73823,38
I10887,O02299,P0492,1,18567,5
I10888,O00528,P0435,1,53614,15
I10889,O03849,P0086,1,28558,3
I10890,O04343,P0333,3,63679,16
I10891,O02746,P0201,4,6486,24
I10892,O00106,P0268,5,79506,40
I10893,O04152,P0286,5,42899,38
I10894,O03545,P0158,4,48222,31
I10895,O00614,P0478,2,42226,27
I10896,O03687,P0345,3,97276,7
I10897,O03643,P0497,-4,59957,40
I10898,O01012,P0453,5,33310,2
I10899,O03466,P0237,2,19692,25
I10900,O02694,P0119,4,34779,20
I10901,O03111,P0106,2,70941,16
I10902,O04628,P0485,5,38874,1
I10903,O01553,P0089,4,34993,8
I10904,O03470,P0027,3,63197,6
I10905,O02287,P0248,3,90891,18
I10906,O03370,P0357,1,42411,39
I10907,O03614,P0141,2,9599,11
I10908,O01456,P0108,5,47612,25
I10909,O01019,P0235,2,19502,10
I10910,O00318,P0435,4,72280,32
I10911,O01004,P0227,4,55858,3
I10912,O04669,P0245,1,34631,5
I10913,O03472,P0271,1,20931,20
I10914,O02832,P0134,1,1238,14
I10915,O04817,P0176,4,35355,6
I10916,O01892,P0353,3,84593,20
I10917,O01292,P0434,2,26735,8
I10918,O02742,P0197,5,99451,38
I10919,O00238,P0425,3,1265,22
I10920,O02645,P0076,4,28953,1
I10921,O03670,P0110,1,33346,28
I10922,O03602,P0179,4,82304,13
I10923,O00674,P0054,1,43782,29
I10924,O02964,P0357,5,40011,23
I10925,O01084,P0242,1,17485,15
I10926,O04052,P0213,2,7421,24
I10927,O01810,P0435,-4,10504,27
I10928,O02647,P0493,2,62858,9
I10929,O03632,P0427,3,18224,26
I10930,O03322,P0428,2,87910,36
I10931,O03545,P0079,4,72939,6
I10932,O02602,P0082,4,40015,7
I10933,O00232,P0268,4,34987,21
I10934,O00307,P0474,5,88182,33
I10935,O02384,P0332,5,63322,4
I10936,O03187,P0363,5,30740,28
I10937,O00853,P0326,5,56652,6
I10938,O02481,P0160,1,4696,11
I10939,O02809,P0054,3,63990,40
I10940,O01432,P0403,4,64547,26
I10941,O00378,P0394,4,82545,17
I10942,O03158,P0069,5,9109,34
I10943,O02810,P0085,1,50227,31
I10944,O04981,P0452,4,7419,7
I10945,O02938,P0465,3,30613,24
I10946,O01757,P0142,4,77514,32
I10947,O00279,P0173,3,92232,8
I10948,O01624,P0347,2,72511,9
I10949,O03091,P0487,5,49741,40
I10950,O01037,P0119,5,45331,14
I10951,O03892,P0024,2,25942,35
I10952,O03904,P0353,5,89912,4
I10953,O02826,P0279,4,13928,40
I10954,O04782,P0196,2,34215,26
I10955,O04806,P0181,4,51759,39
I10956,O02881,P0374,1,54046,37
I10957,O02678,P0166,4,46950,34
I10958,O04544,P0492,1,38254,7
I10959,O03467,P0228,2,21363,40
I10960,O01633,P0401,2,44074,38
I10961,O02338,P0403,3,79385,27
I10962,O01098,P0477,2,14777,34
I10963,O02906,P0045,4,76661,19
I10964,O02510,P0160,5,22859,35
I10965,O00059,P0309,3,8846,18
I10966,O03186,P0222,3,1155,14
I10967,O02649,P0051,4,2150,17
I10968,O01504,P0119,4,71543,22
I10969,O03917,P0021,1,14089,18
I10970,O00364,P0350,2,94962,30
I10971,O02802,P0334,2,92204,40
I10972,O00076,P0354,5,3962,28
I10973,O03125,P0099,1,38043,34
I10974,O01311,P0054,5,72756,10
I10975,O01396,P0253,2,78259,15
I10976,O03566,P0055,2,4554,8
I10977,O02085,P0044,5,28275,21
I10978,O01996,P0016,4,90272,11
I10979,O01977,P0171,5,87358,40
I10980,O02610,P0397,2,1965,28
I10981,O04838,P0493,1,8116,30
I10982,O02987,P0350,1,38787,13
I10983,O02359,P0435,1,53478,2
I10984,O02090,P0016,1,48994,0
I10985,O03965,P0139,5,10476,30
I10986,O00053,P0360,4,12078,11
I10987,O00927,P0415,3,39423,15
I10988,O02181,P0072,4,78443,20
I10989,O03228,P0067,2,25160,4
I10990,O00359,P0047,2,37567,31
I10991,O01996,P0318,2,96946,24
I10992,O01124,P0046,3,29430,12
I10993,O03767,P0158,1,86282,32
I10994,O03453,P0213,3,5173,28
I10995,O01674,P0023,4,47400,34
I10996,O00402,P0339,4,84301,33
I10997,O04171,P0302,5,32235,31
I10998,O03208,P0107,4,17330,12
I10999,O02935,P0346,3,28709,4
I11000,O04799,P0133,3,82269,4
I11001,O01395,P0004,2,13916,30
I11002,O02184,P0195,3,1408,23
I11003,O02329,P0263,1,84483,27
I11004,O03649,P0204,3,30685,40
I11005,O04797,P0132,5,38886,31
I11006,O02141,P0299,2,51659,10
I11007,O00212,P0065,5,31178,32
I11008,O03010,P0334,3,80270,35
I11009,O03196,P0320,5,64502,27
I11010,O02598,P0338,5,31728,19
I11011,O03757,P0266,4,39829,26
I11012,O03690,P0315,5,5074,29
I11013,O03498,P0301,3,33486,15
I11014,O01193,P0253,3,79526,7
I11015,O04807,P0212,2,20693,27
I11016,O02049,P0137,5,11088,35
I11017,O00068,P0242,2,55679,26
I11018,O04428,P0209,4,76741,39
I11019,O00568,P0302,1,58996,13
I11020,O00748,P0482,2,92627,10
I11021,O00118,P0115,-3,11932,5
I11022,O03063,P0415,5,21836,16
I11023,O02414,P0269,4,21605,16
I11024,O01096,P0471,2,44042,8
I11025,O00290,P0186,1,72574,6
I11026,O01244,P0260,4,60035,40
I11027,O00314,P0050,3,79080,21
I11028,O00762,P0291,1,74273,14
I11029,O02195,P0463,3,14627,34
I11030,O01233,P0373,3,69046,3
I11031,O01146,P0135,4,670,18
I11032,O01289,P0361,2,73827,34
I11033,O01634,P0353,4,31567,5
I11034,O01436,P0439,5,52324,36
I11035,O03093,P0090,1,92064,13
I11036,O00042,P0143,3,6234,19
I11037,O02490,P0295,2,38705,28
I11038,O00298,P0068,5,20955,5
I11039,O00638,P0310,4,90451,7
I11040,O01055,P0332,4,14612,40
I11041,O04034,P0358,1,9546,21
I11042,O02554,P0315,4,68532,37
I11043,O03960,P0022,5,66004,31
I11044,O03464,P0073,4,39639,18
I11045,O01788,P0309,4,84029,30
I11046,O01428,P0389,3,11980,29
I11047,O01602,P0063,5,69156,21
I11048,O01315,P0437,1,92547,30
I11049,O00710,P0468,3,40096,19
I11050,O03738,P0225,4,25103,2
I11051,O01931,P0267,5,40695,10
I11052,O01467,P0215,4,49687,19
I11053,O00755,P0308,1,21428,27
I11054,O00848,P0086,4,53791,5
I11055,O02552,P0273,5,77946,9
I11056,O04074,P0371,2,31020,1
I11057,O02580,P0268,2,3267,30
I11058,O04034,P0104,5,11002,25
I11059,O04060,P0344,3,82969,22
I11060,O02358,P0171,5,82138,0
I11061,O02188,P0089,5,22468,5
I11062,O01516,P0070,5,96819,18
I11063,O02598,P0478,1,1405,0
I11064,O03781,P0182,4,84193,15
I11065,O04721,P0063,2,17094,36
I11066,O01015,P0215,2,2464,4
I11067,O04595,P0221,1,59045,21
I11068,O04734,P0382,5,55292,28
I11069,O01327,P0235,3,50673,33
I11070,O04750,P0012,2,96833,0
I11071,O02983,P0463,4,39013,1
I11072,O03996,P0092,4,75816,18
I11073,O00720,P0011,3,46347,9
I11074,O02574,P0393,5,47935,6
I11075,O03543,P0371,2,7960,5
I11076,O03619,P0441,2,23839,35
I11077,O02675,P0462,5,31973,4
I11078,O03571,P0013,5,91877,8
I11079,O04378,P0079,4,46601,38
I11080,O03893,P0114,5,67874,7
I11081,O00648,P0014,4,48014,9
I11082,O01338,P0487,1,7265,10
I11083,O00684,P0068,4,26914,22
I11084,O01044,P0447,1,69443,34
I11085,O00729,P0416,2,31970,34
I11086,O02645,P0042,2,16275,11
I11087,O01521,P0148,5,99628,31
I11088,O02755,P0279,3,6603,17
I11089,O01327,P0103,2,17190,40
I11090,O00077,P0365,1,92826,3
I11091,O00082,P0108,1,43453,30
I11092,O04577,P0012,1,45859,23
I11093,O04856,P0302,4,82386,17
I11094,O01412,P0076,5,93880,11
I11095,O00086,P0260,1,66162,40
I11096,O03488,P0142,2,76524,15
I11097,O02812,P0428,3,31984,29
I11098,O02657,P0492,2,3672,33
I11099,O00878,P0331,3,40111,37
I11100,O00224,P0412,5,26288,37
I11101,O04980,P0323,1,18094,32
I11102,O04462,P0395,4,28303,16
I11103,O01576,P0010,1,27109,40
I11104,O02155,P0104,5,90655,17
I11105,O01117,P0136,-1,24034,25
I11106,O00090,P0456,2,4915,35
I11107,O00952,P0027,5,18946,3
I11108,O00119,P0468,3,87166,9
I11109,O02932,P0149,5,83726,39
I11110,O03789,P0417,1,28704,14
I11111,O04460,P0168,5,39498,8
I11112,O01185,P0010,5,52608,36
I11113,O01145,P0196,3,96937,4
I11114,O03130,P0269,2,70150,3
I11115,O04625,P0161,1,35956,25
I11116,O02150,P0418,2,40340,8
I11117,O01058,P0244,1,44583,40
I11118,O01237,P0058,4,10223,13
I11119,O01962,P0103,3,96476,2
I11120,O01747,P0251,2,28110,25
I11121,O02652,P0013,5,74903,34
I11122,O00019,P0010,2,24891,31
I11123,O03805,P0171,3,57929,19
I11124,O02618,P0499,2,40513,19
I11125,O01530,P0389,4,37301,25
I11126,O03833,P0423,5,4053,17
I11127,O01510,P0156,3,89667,23
I11128,O01665,P0328,3,6685,25
I11129,O03558,P0012,3,39032,18
I11130,O04764,P0354,1,85545,33
I11131,O03993,P0164,3,58106,27
I11132,O01219,P0097,4,11066,8
I11133,O04212,P0239,4,91118,36
I11134,O02818,P0081,2,79413,18
I11135,O01715,P0279,1,1187,1
I11136,O04500,P0231,1,66802,7
I11137,O04946,P0415,3,91323,17
I11138,O01055,P0088,4,41921,14
I11139,O01452,P0174,5,87960,0
I11140,O01246,P0002,1,80638,35
I11141,O04000,P0134,1,50132,20
I11142,O00959,P0415,5,20449,26
I11143,O03857,P0160,1,11878,3
I11144,O02061,P0337,3,87399,9
I11145,O04750,P0047,2,88631,23
I11146,O04672,P0189,5,60249,24
I11147,O03997,P0133,3,39634,28
I11148,O00886,P0213,3,3157,10
I11149,O00438,P0400,2,16496,28
I11150,O00692,P0127,4,50217,19
I11151,O04302,P0407,2,34507,39
I11152,O04213,P0184,5,45610,25
I11153,O03655,P0032,4,45563,34
I11154,O00684,P0330,5,4000,19
I11155,O01185,P0433,1,28226,4
I11156,O01850,P0456,5,31606,40
I11157,O02145,P0429,3,12376,18
I11158,O02671,P0464,1,51604,28
I11159,O04931,P0419,1,26357,34
I11160,O02608,P0428,5,80414,2
I11161,O03188,P0179,1,18147,35
I11162,O00075,P0299,1,45855,17
I11163,O01020,P0120,2,15000,26
I11164,O03388,P0127,2,11244,25
I11165,O01326,P0258,3,43443,18
I11166,O00081,P0066,1,47378,2
I11167,O00937,P0077,5,29123,16
I11168,O02390,P0389,2,94217,11
I11169,O03249,P0464,1,39312,32
I11170,O01513,P0125,2,35492,7
I11171,O03350,P0210,3,38037,3
I11172,O03303,P0244,3,94996,8
I11173,O04147,P0285,5,96052,26
I11174,O02392,P0384,4,23414,7
I11175,O03235,P0407,1,11594,10
I11176,O01349,P0139,3,2121,24
I11177,O02456,P0045,-3,42496,9
I11178,O04582,P0458,5,7312,15
I11179,O04643,P0100,3,13216,8
I11180,O01988,P0237,1,34493,14
I11181,O04944,P0079,3,12836,28
I11182,O01559,P0032,4,53230,36
I11183,O01843,P0073,3,36598,34
I11184,O02416,P0384,1,69241,36
I11185,O01536,P0045,2,45410,2
I11186,O00334,P0352,3,67082,5
I11187,O03770,P0406,5,73803,28
I11188,O01928,P0470,-4,85971,39
I11189,O01305,P0146,4,59203,28
I11190,O00488,P0370,2,53178,32
I11191,O00375,P0171,4,98537,21
I11192,O01835,P0182,4,17391,21
I11193,O00706,P0061,1,62362,7
I11194,O01320,P0201,5,51548,3
I11195,O02045,P0464,4,52026,35
I11196,O00022,P0338,5,17277,25
I11197,O02549,P0406,2,27748,28
I11198,O01526,P0239,1,48268,27
I11199,O01657,P0052,5,13569,33
I11200,O02979,P0319,5,88768,10
I11201,O03106,P0086,1,92469,24
I11202,O00282,P0378,5,19215,32
I11203,O00411,P0444,3,85943,33
I11204,O04425,P0088,3,66162,33
I11205,O01792,P0284,5,89749,17
I11206,O00306,P0415,2,12797,39
I11207,O00443,P0392,1,65909,39
I11208,O04411,P0109,1,77785,23
I11209,O03515,P0247,3,16364,32
I11210,O01928,P0267,4,77898,30
I11211,O01778,P0192,2,29643,26
I11212,O03627,P0082,3,4616,22
I11213,O04976,P0448,4,27190,25
I11214,O00503,P0138,5,58063,15
I11215,O01623,P0100,4,83568,25
I11216,O04296,P0314,3,62492,23
I11217,O00004,P0447,4,4610,23
I11218,O02402,P0440,4,41138,17
I11219,O03934,P0032,1,92710,6
I11220,O02959,P0046,1,99485,15
I11221,O03292,P0208,4,26006,32
I11222,O00862,P0445,2,94097,18
I11223,O04390,P0201,1,57320,10
I11224,O00076,P0337,3,94397,10
I11225,O02806,P0003,2,2422,0
I11226,O00196,P0001,1,9127,3
I11227,O01179,P0257,4,40599,1
I11228,O00902,P0370,2,64423,21
I11229,O04120,P0461,2,51894,16
I11230,O00814,P0100,4,89123,32
I11231,O02459,P0248,3,1067,11
I11232,O01191,P0237,3,8608,22
I11233,O04069,P0023,5,71553,21
I11234,O04222,P0080,2,10145,12
I11235,O01251,P0366,3,4223,21
I11236,O02786,P0055,3,21770,22
I11237,O01756,P0074,4,36989,0
I11238,O03130,P0085,5,63056,19
I11239,O03824,P0039,1,19827,0
I11240,O04767,P0155,5,68882,4
I11241,O02378,P0129,4,15992,38
I11242,O00991,P0491,4,41300,28
I11243,O02003,P0493,1,79265,3
I11244,O01936,P0484,-3,10031,40
I11245,O03213,P0028,1,96704,0
I11246,O04012,P0059,3,67505,40
I11247,O02940,P0126,3,27772,1
I11248,O03435,P0234,5,58816,30
I11249,O00149,P0458,1,51468,21
I11250,O01987,P0199,5,77959,21
I11251,O01025,P0177,1,12626,0
I11252,O03734,P0348,3,89180,1
I11253,O04065,P0233,5,52487,32
I11254,O00750,P0113,4,88500,39
I11255,O00396,P0069,2,78405,18
I11256,O04508,P0362,5,1366,3
I11257,O03545,P0313,4,22144,33
I11258,O01929,P0042,4,81925,19
I11259,O04845,P0226,3,75821,37
I11260,O03199,P0264,2,85919,19
I11261,O00450,P0164,3,5760,22
I11262,O02291,P0408,5,65608,38
I11263,O01487,P0482,1,30290,9
I11264,O01297,P0030,3,24656,24
I11265,O03694,P0225,5,65486,11
I11266,O02311,P0031,5,97494,2
I11267,O00796,P0248,3,55149,25
I11268,O04660,P0489,5,97027,26
I11269,O01769,P0216,4,80837,4
I11270,O03677,P0171,1,18360,0
I11271,O02069,P0236,3,67742,39
I11272,O03077,P0336,4,61320,25
I11273,O01540,P0474,5,60122,39
I11274,O01660,P0063,4,11314,34
I11275,O03903,P0129,3,51318,34
I11276,O00854,P0019,5,3123,24
I11277,O03349,P0290,4,99152,33
I11278,O04842,P0151,1,80788,14
I11279,O00062,P0271,4,36709,22
I11280,O04088,P0472,2,60379,40
I11281,O02917,P0095,2,44297,28
I11282,O02250,P0003,2,81081,5
I11283,O04806,P0496,1,92077,6
I11284,O04406,P0302,3,47852,15
I11285,O00978,P0079,4,84607,23
I11286,O03402,P0185,4,13347,32
I11287,O04326,P0031,2,30819,14
I11288,O00583,P0179,5,97729,1
I11289,O03270,P0017,2,63686,35
I11290,O01592,P0104,1,59856,27
I11291,O03631,P0358,2,71846,19
I11292,O00859,P0147,5,30576,35
I11293,O01054,P0032,4,17981,35
I11294,O00652,P0247,3,60162,32
I11295,O00146,P0051,5,12918,17
I11296,O02779,P0220,4,55266,30
I11297,O01055,P0244,2,31741,14
I11298,O02568,P0228,4,49102,0
I11299,O00676,P0421,5,45754,8
I11300,O02382,P0092,5,80659,15
I11301,O02912,P0129,5,76294,38
I11302,O02636,P0432,2,55568,12
I11303,O02506,P0350,3,35506,2
I11304,O03058,P0315,1,44822,36
I11305,O02714,P0166,3,82081,21
I11306,O04947,P0009,4,44470,37
I11307,O00782,P0288,1,66499,18
I11308,O01343,P0152,-5,40348,16
I11309,O01934,P0037,1,31958,10
I11310,O01202,P0104,4,66349,15
I11311,O00082,P0069,2,9554,38
I11312,O01202,P0334,3,51009,3
I11313,O02241,P0288,1,84177,3
I11314,O03667,P0285,-3,88247,8
I11315,O03128,P0269,2,21690,8
I11316,O02414,P0431,3,76296,29
I11317,O02089,P0343,2,70534,38
I11318,O00849,P0245,2,59333,4
I11319,O04008,P0351,1,77352,5
I11320,O01432,P0309,1,80324,36
I11321,O03708,P0146,1,13780,21
I11322,O02112,P0461,5,84613,29
I11323,O02946,P0391,5,25390,0
I11324,O00623,P0215,4,6830,40
I11325,O00975,P0078,5,39395,30
I11326,O00761,P0378,1,15385,31
I11327,O00872,P0232,2,77659,39
I11328,O03626,P0201,5,56066,7
I11329,O00554,P0023,1,41828,22
I11330,O00241,P0106,5,48477,35
I11331,O03150,P0380,1,82260,30
I11332,O04956,P0068,5,3853,17
I11333,O02149,P0202,3,97565,23
I11334,O03430,P0043,1,47100,32
I11335,O00266,P0066,5,10803,17
I11336,O04265,P0042,5,62872,25
I11337,O00126,P0193,2,11336,19
I11338,O04733,P0254,3,89696,13
I11339,O02957,P0049,1,15630,33
I11340,O03312,P0089,3,65612,34
I11341,O04085,P0066,5,50581,19
I11342,O01127,P0404,5,12467,29
I11343,O04389,P0219,2,61313,25
I11344,O01089,P0241,5,57595,27
I11345,O01519,P0238,4,17143,11
I11346,O03193,P0070,1,82389,14
I11347,O03587,P0346,3,72822,28
I11348,O01592,P0087,4,38798,38
I11349,O04750,P0110,5,22728,21
I11350,O00195,P0251,1,69975,0
I11351,O04270,P0491,1,65240,15
I11352,O04645,P0139,2,39176,32
I11353,O04495,P0459,1,64073,3
I11354,O03682,P0435,4,11351,32
I11355,O03181,P0152,3,75875,26
I11356,O03818,P0059,5,92004,0
I11357,O03978,P0188,5,50652,34
I11358,O03157,P0374,1,92542,23
I11359,O03633,P0406,4,40116,32
I11360,O01266,P0311,1,37922,17
I11361,O01389,P0188,3,20811,19
I11362,O03564,P0261,2,83667,38
I11363,O01554,P0105,1,92801,7
I11364,O03708,P0036,4,45082,32
I11365,O00543,P0215,1,59305,9
I11366,O03014,P0472,3,58720,34
I11367,O01145,P0117,2,33658,5
I11368,O04479,P0249,2,15988,6
I11369,O02846,P0263,4,78276,30
I11370,O00231,P0263,3,59148,11
I11371,O01979,P0346,4,74049,16
I11372,O02740,P0438,1,90152,32
I11373,O01095,P0353,2,65416,10
I11374,O02090,P0342,1,22436,21
I11375,O04052,P0260,2,70746,37
I11376,O00106,P0361,2,38789,19
I11377,O01023,P0128,4,70819,5
I11378,O04347,P0338,1,76565,22
I11379,O01618,P0282,1,32872,1
I11380,O04890,P0090,4,33477,26
I11381,O04047,P0363,1,31227,35
I11382,O02627,P0321,1,29985,16
I11383,O02295,P0468,5,53952,14
I11384,O01711,P0013,1,28406,7
I11385,O04928,P0131,4,3247,17
I11386,O02080,P0298,1,50603,22
I11387,O01247,P0455,2,76835,12
I11388,O00548,P0004,2,94941,5
I11389,O01554,P0046,3,82603,0
I11390,O02382,P0003,5,44317,20
I11391,O04565,P0119,-2,18823,34
I11392,O02249,P0126,1,53253,6
I11393,O03850,P0329,5,48611,20
I11394,O04212,P0050,2,48456,31
I11395,O02196,P0392,2,58567,5
I11396,O03511,P0491,4,37016,7
I11397,O01298,P0447,3,2405,12
I11398,O03961,P0368,5,30206,24
I11399,O04050,P0383,3,21851,35
I11400,O00258,P0240,3,65167,5
I11401,O00888,P0282,1,75847,30
I11402,O02449,P0268,3,55231,39
I11403,O04337,P0097,1,67226,26
I11404,O02337,P0099,4,97649,8
I11405,O02903,P0393,2,8333,14
I11406,O00384,P0033,4,4450,30
I11407,O00953,P0047,5,40410,18
I11408,O04964,P0500,4,99580,8
I11409,O02582,P0130,2,80138,10
I11410,O03267,P0135,5,85680,32
I11411,O01571,P0296,4,94675,30
I11412,O03120,P0399,2,92096,0
I11413,O01503,P0050,5,69979,12
I11414,O03665,P0498,3,84103,26
I11415,O01285,P0129,4,13182,34
I11416,O02574,P0376,1,4278,6
I11417,O02786,P0392,1,97867,7
I11418,O02328,P0007,1,17678,3
I11419,O01383,P0190,1,10121,8
I11420,O01864,P0395,3,61233,7
I11421,O04670,P0010,1,53101,32
I11422,O01050,P0405,1,27314,13
I11423,O01184,P0302,4,26097,2
I11424,O03285,P0100,2,95413,11
I11425,O02985,P0291,2,91136,24
I11426,O01156,P0452,3,38561,38
I11427,O00432,P0420,1,63412,6
I11428,O03140,P0313,1,58189,24
I11429,O04849,P0273,5,57365,3
I11430,O02512,P0346,5,10478,11
I11431,O00809,P0200,1,15246,24
I11432,O03961,P0120,2,9233,35
I11433,O00326,P0429,4,19651,36
I11434,O02418,P0138,2,76891,16
I11435,O04506,P0274,2,88551,22
I11436,O01722,P0219,5,41387,6
I11437,O03269,P0472,1,31118,4
I11438,O04200,P0033,4,30175,22
I11439,O04398,P0009,3,32217,36
I11440,O04921,P0411,1,52580,25
I11441,O03811,P0052,3,49156,1
I11442,O02285,P0430,2,94358,25
I11443,O04727,P0253,2,93703,6
I11444,O04639,P0209,2,40932,18
I11445,O04524,P0130,1,79779,28
I11446,O03546,P0251,3,94998,24
I11447,O01635,P0333,4,58253,26
I11448,O04872,P0105,4,65054,26
I11449,O02655,P0423,3,18868,24
I11450,O01818,P0218,3,84173,17
I11451,O04257,P0278,2,63677,13
I11452,O03322,P0345,1,76921,8
I11453,O03752,P0116,5,34639,24
I11454,O01856,P0050,1,75374,30
I11455,O02243,P0255,5,38357,33
I11456,O02735,P0029,4,20381,35
I11457,O03829,P0057,5,98426,35
I11458,O03843,P0125,2,31755,31
I11459,O03853,P0412,5,81913,26
I11460,O01173,P0198,5,95689,20
I11461,O01365,P0311,-5,16936,30
I11462,O01822,P0435,3,65649,4
I11463,O03252,P0282,3,27961,17
I11464,O00568,P0194,5,14281,26
I11465,O04313,P0415,2,34223,38
I11466,O02283,P0105,5,61060,25
I11467,O02850,P0001,5,1544,13
I11468,O02611,P0043,2,77577,32
I11469,O04303,P0275,2,89193,33
I11470,O02355,P0142,1,65539,6
I11471,O03617,P0495,3,36971,40
I11472,O04173,P0494,3,4433,4
I11473,O02373,P0336,-1,59117,2
I11474,O01246,P0131,2,24245,36
I11475,O01433,P0309,5,87716,34
I11476,O00146,P0231,5,47739,0
I11477,O01558,P0136,4,40076,34
I11478,O02910,P0478,2,1626,5
I11479,O03006,P0060,2,59020,27
I11480,O02042,P0030,5,40304,15
I11481,O01611,P0104,1,29285,23
I11482,O03869,P0417,1,32005,21
I11483,O02369,P0435,1,93371,29
I11484,O01711,P0140,3,30315,39
I11485,O01235,P0434,2,36140,35
I11486,O04985,P0221,1,49499,20
I11487,O00463,P0318,2,51402,0
I11488,O03772,P0440,4,53900,34
I11489,O03948,P0170,1,16621,8
I11490,O01001,P0030,2,89503,31
I11491,O03067,P0472,5,5852,30
I11492,O01269,P0433,3,50871,10
I11493,O00450,P0034,3,65656,37
I11494,O01171,P0011,2,85452,11
I11495,O00290,P0463,2,26720,10
I11496,O00333,P0312,1,87843,37
I11497,O02398,P0308,5,3650,3
I11498,O03230,P0073,3,67943,18
I11499,O01698,P0252,4,70389,21
I11500,O04291,P0008,2,4861,24
I11501,O01983,P0077,1,6557,0
I11502,O00826,P0239,1,42920,10
I11503,O03751,P0014,1,46049,24
I11504,O00346,P0486,2,99123,30
I11505,O00863,P0479,4,90610,21
I11506,O00624,P0499,2,26367,4
I11507,O01970,P0191,2,8014,21
I11508,O00602,P0174,4,31442,21
I11509,O01179,P0315,2,99213,35
I11510,O04820,P0391,1,89294,0
I11511,O02807,P0494,5,97339,38
I11512,O02150,P0048,1,62441,23
I11513,O01917,P0127,5,45378,38
I11514,O02967,P0243,1,56706,7
I11515,O02622,P0382,3,59515,22
I11516,O00721,P0352,2,54780,1
I11517,O01194,P0325,2,18965,2
I11518,O03841,P0253,3,32045,9
I11519,O00693,P0398,4,29464,1
I11520,O03643,P0026,5,25621,35
I11521,O01196,P0121,3,69127,20
I11522,O01243,P0408,5,6268,39
I11523,O04797,P0421,4,26562,8
I11524,O01449,P0212,5,37511,5
I11525,O02736,P0352,3,88417,7
I11526,O01599,P0343,5,94759,17
I11527,O04486,P0140,2,86073,36
I11528,O02509,P0467,4,89610,12
I11529,O01742,P0266,1,95443,4
I11530,O02723,P0459,3,3423,26
I11531,O01188,P0162,1,57150,27
I11532,O00610,P0006,2,80998,39
I11533,O04180,P0362,4,79887,37
I11534,O03908,P0476,5,40562,10
I11535,O03698,P0365,4,88057,5
I11536,O03361,P0353,4,15042,15
I11537,O00763,P0017,1,46686,35
I11538,O04450,P0089,5,14135,9
I11539,O03668,P0228,2,31647,24
I11540,O00791,P0152,4,59803,20
I11541,O01449,P0265,5,21247,20
I11542,O04850,P0074,-4,15913,24
I11543,O03478,P0323,5,44670,16
I11544,O04746,P0217,5,15403,14
I11545,O03217,P0216,5,20922,19
I11546,O03672,P0078,5,31574,4
I11547,O00406,P0169,3,18243,13
I11548,O00788,P0062,2,1710,8
I11549,O04516,P0411,1,69547,4
I11550,O01585,P0089,4,64834,21
I11551,O02351,P0266,3,72030,31
I11552,O00997,P0076,3,19058,21
I11553,O01369,P0203,5,45643,13
I11554,O02599,P0086,3,66941,37
I11555,O01155,P0451,1,7293,13
I11556,O03043,P0326,5,2774,27
I11557,O02166,P0476,2,66819,5
I11558,O00751,P0354,3,31634,3
I11559,O00923,P0047,-3,90788,10
I11560,O01496,P0003,2,71977,4
I11561,O04403,P0210,5,24097,16
I11562,O04441,P0156,5,77702,30
I11563,O01889,P0135,1,93541,28
I11564,O02879,P0201,5,19192,7
I11565,O03913,P0110,3,70057,22
I11566,O00562,P0232,4,77208,10
I11567,O03113,P0186,5,2822,27
I11568,O00317,P0155,4,82212,21
I11569,O04129,P0318,4,49681,12
I11570,O01961,P0133,5,26666,12
I11571,O04691,P0471,4,41365,15
I11572,O01983,P0289,4,72149,35
I11573,O03542,P0002,1,38660,7
I11574,O00622,P0093,2,9446,6
I11575,O00273,P0336,4,11642,5
I11576,O00191,P0208,5,9450,24
I11577,O00702,P0449,4,55450,22
I11578,O01218,P0338,1,45645,7
I11579,O04073,P0322,1,93077,37
I11580,O00465,P0259,2,47005,40
I11581,O00378,P0099,1,4631,23
I11582,O03617,P0280,2,2354,32
I11583,O04501,P0005,2,49704,29
I11584,O02831,P0355,-2,89193,26
I11585,O03280,P0426,3,3048,14
I11586,O00065,P0048,2,79993,17
I11587,O02774,P0182,4,21300,24
I11588,O00113,P0291,4,99453,19
I11589,O04936,P0044,-5,81708,17
I11590,O03385,P0458,1,48591,16
I11591,O00333,P0488,3,41582,23
I11592,O02659,P0230,2,19833,7
I11593,O01756,P0251,1,40271,9
I11594,O02390,P0465,1,27126,16
I11595,O03962,P0375,3,44511,2
I11596,O01918,P0023,5,30614,16
I11597,O03045,P0314,3,38774,36
I11598,O01948,P0342,2,11133,14
I11599,O03301,P0192,5,78528,27
I11600,O00672,P0342,4,96344,29
I11601,O03829,P0398,3,49051,9
I11602,O04608,P0299,4,23923,24
I11603,O03548,P0247,1,48925,33
I11604,O00665,P0268,3,89097,26
I11605,O01023,P0292,5,87306,8
I11606,O01047,P0370,4,53579,35
I11607,O03819,P0308,5,40556,31
I11608,O04486,P0303,5,45894,2
I11609,O01698,P0075,2,51372,3
I11610,O01448,P0184,4,53262,31
I11611,O03491,P0484,1,12942,5
I11612,O03288,P0165,5,22079,38
I11613,O04683,P0153,3,65224,16
I11614,O04314,P0336,5,41452,5
I11615,O01766,P0241,-2,77377,40
I11616,O04053,P0061,4,29221,29
I11617,O01036,P0257,5,3396,17
I11618,O01017,P0354,2,80881,17
I11619,O03735,P0209,3,79873,22
I11620,O00217,P0257,4,42237,1
I11621,O02532,P0381,5,61164,5
I11622,O00808,P0078,3,16450,0
I11623,O02387,P0012,1,22750,12
I11624,O02753,P0253,5,32029,4
I11625,O00092,P0287,3,73726,26
I11626,O00870,P0126,5,67736,30
I11627,O04339,P0167,5,50078,15
I11628,O02911,P0101,5,81128,34
I11629,O04324,P0378,1,8351,25
I11630,O00729,P0479,5,13426,19
I11631,O01650,P0396,2,77153,4
I11632,O00886,P0192,5,40592,1
I11633,O04179,P0078,5,66271,14
I11634,O01274,P0227,3,40471,38
I11635,O00317,P0439,4,1228,11
I11636,O01375,P0160,3,71792,11
I11637,O03509,P0002,4,68567,13
I11638,O01588,P0192,5,51010,39
I11639,O03512,P0459,2,93586,9
I11640,O03017,P0262,3,36581,4
I11641,O02905,P0084,4,66327,36
I11642,O03070,P0085,2,23741,21
I11643,O02359,P0102,5,54432,40
I11644,O04738,P0498,4,51365,8
I11645,O04958,P0284,1,74614,39
I11646,O03908,P0047,1,11643,15
I11647,O04396,P0254,5,43038,21
I11648,O01475,P0434,2,77569,13
I11649,O03273,P0323,4,83187,0
I11650,O03458,P0327,2,47402,40
I11651,O03959,P0222,-5,80705,28
I11652,O03257,P0250,4,6782,34
I11653,O04625,P0462,4,97090,1
I11654,O04464,P0366,4,38233,22
I11655,O01377,P0083,2,10118,33
I11656,O00668,P0182,2,10575,34
I11657,O00447,P0410,4,46574,18
I11658,O04824,P0115,3,1780,7
I11659,O04950,P0028,3,78152,27
I11660,O01384,P0485,3,40095,0
I11661,O03245,P0497,2,31972,6
I11662,O04474,P0127,3,26050,31
I11663,O01883,P0450,1,51438,35
I11664,O02616,P0222,1,51061,0
I11665,O04885,P0467,5,5603,40
I11666,O02493,P0400,2,33465,31
I11667,O03370,P0242,1,67498,14
I11668,O01801,P0231,4,64509,21
I11669,O01725,P0456,5,19614,26
I11670,O02423,P0033,5,77192,9
I11671,O02581,P0241,2,86628,33
I11672,O02350,P0241,3,16741,20
I11673,O00795,P0051,4,90854,13
I11674,O02041,P0424,4,24416,8
I11675,O03365,P0197,3,84824,20
I11676,O03366,P0211,5,77328,26
I11677,O03703,P0230,3,63922,27
I11678,O02853,P0095,1,14319,28
I11679,O00275,P0348,4,32089,20
I11680,O04693,P0291,4,18119,25
I11681,O00160,P0262,4,83750,30
I11682,O01373,P0232,1,62840,29
I11683,O03276,P0349,1,55197,36
I11684,O03278,P0118,5,7721,2
I11685,O02108,P0056,5,17399,21
I11686,O02773,P0148,4,79820,18
I11687,O00178,P0208,3,76380,2
I11688,O04604,P0005,4,34576,9
I11689,O03139,P0201,2,6863,32
I11690,O02880,P0286,1,92166,24
I11691,O04778,P0229,5,68852,37
I11692,O02722,P0027,4,4498,11
I11693,O03690,P0009,2,80833,1
I11694,O00943,P0464,5,52887,0
I11695,O03835,P0392,-4,21641,2
I11696,O02632,P0233,3,52602,7
I11697,O04646,P0149,3,16465,7
I11698,O02404,P0252,2,74031,14
I11699,O01044,P0024,4,15913,1
I11700,O00594,P0365,4,1369,39
I11701,O01263,P0348,3,27509,35
I11702,O02760,P0243,5,44328,30
I11703,O03528,P0206,5,95049,20
I11704,O04906,P0312,2,14041,32
I11705,O04147,P0050,1,98383,22
I11706,O01752,P0439,4,7886,7
I11707,O00606,P0024,4,20485,26
I11708,O02416,P0394,3,63333,6
I11709,O01986,P0312,1,40365,32
I11710,O02239,P0172,3,39986,15
I11711,O00513,P0287,4,27032,37
I11712,O01695,P0179,4,56094,10
I11713,O04908,P0042,2,92363,7
I11714,O01200,P0297,4,2438,28
I11715,O01641,P0472,2,40202,21
I11716,O02111,P0397,3,61922,29
I11717,O03924,P0202,5,49210,19
I11718,O00913,P0375,2,74547,8
I11719,O02665,P0146,1,39427,18
I11720,O00350,P0334,2,96456,23
I11721,O02582,P0250,2,41655,36
I11722,O01448,P0145,4,76488,22
I11723,O03106,P0310,1,59750,12
I11724,O01164,P0039,1,33018,23
I11725,O00598,P0330,2,46085,8
I11726,O02024,P0010,3,38910,26
I11727,O03789,P0090,1,43220,13
I11728,O04447,P0402,5,38163,19
I11729,O00544,P0168,4,20082,34
I11730,O04960,P0043,1,81177,12
I11731,O04749,P0261,5,66677,6
I11732,O00661,P0464,1,37445,37
I11733,O01171,P0325,1,34537,2
I11734,O01421,P0011,4,32588,21
I11735,O00874,P0370,3,93170,36
I11736,O00622,P0029,5,88992,34
I11737,O00802,P0202,3,42818,35
I11738,O04134,P0403,4,6759,19
I11739,O03161,P0367,2,14380,23
I11740,O02585,P0433,3,26354,18
I11741,O04072,P0325,1,84418,19
I11742,O04834,P0235,2,27779,24
I11743,O01703,P0417,3,32961,35
I11744,O01387,P0086,1,80934,4
I11745,O01766,P0394,4,43368,1
I11746,O00509,P0218,-2,39422,2
I11747,O01737,P0109,4,18504,12
I11748,O03131,P0003,5,70353,3
I11749,O01229,P0066,1,77510,38
I11750,O03095,P0288,3,73141,19
I11751,O02161,P0237,2,37434,5
I11752,O03774,P0038,5,66688,40
I11753,O03473,P0499,4,84706,1
I11754,O00900,P0454,3,95128,9
I11755,O01594,P0203,3,87095,10
I11756,O01870,P0170,2,90048,18
I11757,O04558,P0486,5,62062,26
I11758,O03925,P0405,2,34426,40
I11759,O00535,P0207,4,25962,18
I11760,O03841,P0481,4,40376,4
I11761,O04035,P0152,4,60247,22
I11762,O04905,P0205,3,42722,19
I11763,O03244,P0236,5,49388,15
I11764,O00661,P0155,3,90439,24
I11765,O02094,P0462,4,89589,24
I11766,O02244,P0224,5,46156,31
I11767,O01216,P0062,3,12942,1
I11768,O03837,P0141,3,59586,29
I11769,O03587,P0084,3,64889,16
I11770,O00714,P0403,4,71948,7
I11771,O04288,P0495,3,95310,16
I11772,O03257,P0373,3,34422,18
I11773,O02595,P0242,3,40505,25
I11774,O01517,P0381,5,52407,27
I11775,O02535,P0282,2,77200,27
I11776,O01561,P0318,2,6832,37
I11777,O03936,P0482,5,18794,22
I11778,O00091,P0214,4,48022,2
I11779,O01907,P0472,2,92566,12
I11780,O01187,P0220,2,65747,21
I11781,O03486,P0441,1,34995,17
I11782,O04802,P0314,2,63258,20
I11783,O03094,P0391,1,73713,11
I11784,O01575,P0227,2,15091,12
I11785,O04686,P0060,3,92116,19
I11786,O01690,P0281,1,7536,35
I11787,O01739,P0075,1,84598,32
I11788,O02057,P0315,3,68380,32
I11789,O04283,P0475,4,65347,28
I11790,O01528,P0448,3,78180,37
I11791,O02964,P0127,4,89591,36
I11792,O02558,P0104,3,13895,26
I11793,O00056,P0245,3,76032,34
I11794,O02373,P0089,1,82639,22
I11795,O01053,P0325,1,20917,38
I11796,O03350,P0359,3,90828,10
I11797,O03984,P0291,3,14928,11
I11798,O04485,P0246,-5,99351,3
I11799,O00025,P0049,5,17193,19
I11800,O02146,P0492,5,72643,23
I11801,O02642,P0262,2,68543,16
I11802,O03637,P0474,4,86452,31
I11803,O03565,P0139,4,30084,21
I11804,O00548,P0369,1,43188,0
I11805,O02862,P0048,2,26202,36
I11806,O04042,P0498,1,56435,23
I11807,O00782,P0016,1,94406,13
I11808,O00890,P0095,5,97243,1
I11809,O00040,P0126,4,58198,36
I11810,O03703,P0241,5,60260,2
I11811,O01668,P0272,3,9471,4
I11812,O03591,P0032,3,16687,20
I11813,O04383,P0343,4,25429,31
I11814,O00015,P0064,2,4831,5
I11815,O03478,P0463,5,57874,3
I11816,O00781,P0375,3,6891,7
I11817,O04475,P0436,3,94769,21
I11818,O04183,P0135,1,52465,14
I11819,O01519,P0310,4,51835,25
I11820,O02235,P0309,2,63453,10
I11821,O00055,P0296,5,74436,31
I11822,O04247,P0402,1,32393,10
I11823,O04100,P0034,5,16782,34
I11824,O00225,P0174,5,53898,13
I11825,O03460,P0434,1,72264,1
I11826,O04034,P0450,1,17114,35
I11827,O00133,P0141,3,13262,3
I11828,O02716,P0413,3,91498,11
I11829,O02961,P0445,3,74134,13
I11830,O03745,P0020,1,39198,21
I11831,O03116,P0382,4,72813,40
I11832,O03661,P0479,5,89604,26
I11833,O00794,P0251,5,63845,30
I11834,O01810,P0247,-2,9166,22
I11835,O04274,P0063,1,50310,36
I11836,O04648,P0465,3,68823,2
I11837,O01113,P0214,5,54464,14
I11838,O00246,P0434,2,82299,28
I11839,O00202,P0437,4,66168,3
I11840,O01653,P0023,5,21760,37
I11841,O04568,P0126,1,32696,7
I11842,O03284,P0228,5,14657,31
I11843,O01813,P0149,4,97953,37
I11844,O03411,P0494,4,44127,22
I11845,O02489,P0468,3,53915,21
I11846,O04275,P0191,1,39116,24
I11847,O03514,P0411,1,76051,11
I11848,O00319,P0094,1,76679,7
I11849,O00361,P0319,5,86158,13
I11850,O00098,P0287,1,95251,12
I11851,O02362,P0251,1,40521,30
I11852,O04928,P0209,1,15178,6
I11853,O04547,P0052,2,68698,36
I11854,O00621,P0149,3,6322,26
I11855,O02534,P0264,2,40628,5
I11856,O03386,P0099,-2,88904,25
I11857,O03345,P0329,3,31269,4
I11858,O02295,P0093,5,72987,27
I11859,O00702,P0490,1,21337,30
I11860,O01438,P0197,5,87218,26
I11861,O01505,P0490,1,81976,27
I11862,O01023,P0300,2,97954,32
I11863,O04435,P0234,5,49739,12
I11864,O00131,P0445,1,49553,1
I11865,O02875,P0145,1,20938,0
I11866,O02765,P0080,1,53703,4
I11867,O03067,P0354,1,97054,13
I11868,O02383,P0151,4,68946,2
I11869,O04465,P0319,3,12498,11
I11870,O03268,P0005,1,84609,37
I11871,O04538,P0133,2,53361,34
I11872,O03513,P0012,3,91358,29
I11873,O03597,P0175,1,29529,17
I11874,O03953,P0487,1,96604,37
I11875,O00132,P0206,5,69406,40
I11876,O00157,P0057,2,35308,18
I11877,O02202,P0112,1,16716,36
I11878,O04814,P0463,2,64143,32
I11879,O01033,P0086,3,2618,0
I11880,O02062,P0071,5,57101,32
I11881,O03682,P0050,4,70140,37
I11882,O04717,P0393,5,17514,36
I11883,O04513,P0272,4,21280,14
I11884,O04411,P0431,3,82922,15
I11885,O00657,P0107,-3,54222,6
I11886,O00499,P0142,5,91866,14
I11887,O00607,P0088,3,69206,0
I11888,O01396,P0011,1,75344,26
I11889,O00303,P0496,3,71517,11
I11890,O00322,P0064,5,60229,9
I11891,O03037,P0289,2,9001,20
I11892,O02655,P0110,1,58670,26
I11893,O02854,P0175,3,43901,13
I11894,O04016,P0120,3,7069,15
I11895,O01207,P0191,3,38036,19
I11896,O01202,P0410,5,71196,37
I11897,O00033,P0224,1,17316,14
I11898,O00338,P0207,2,3210,22
I11899,O02366,P0300,3,91068,2
I11900,O01168,P0284,4,3891,7
I11901,O00247,P0334,2,6515,33
I11902,O04532,P0381,3,48368,28
I11903,O04289,P0419,1,29862,11
I11904,O02470,P0151,2,88362,5
I11905,O01406,P0323,1,76122,8
I11906,O01142,P0174,-1,86842,40
I11907,O02619,P0417,2,40920,38
I11908,O00671,P0473,1,64843,19
I11909,O00242,P0476,1,80788,8
I11910,O04583,P0394,1,22396,33
I11911,O00984,P0408,4,56630,5
I11912,O01114,P0240,3,95929,39
I11913,O02678,P0276,1,23275,20
I11914,O01591,P0179,3,97587,10
I11915,O04510,P0492,1,82837,17
I11916,O03681,P0367,5,4190,34
I11917,O01014,P0239,2,48252,21
I11918,O03598,P0284,3,30948,32
I11919,O01324,P0391,4,31107,32
I11920,O02740,P0481,2,92730,21
I11921,O04581,P0223,-2,38634,16
I11922,O03884,P0378,4,89153,10
I11923,O00873,P0071,2,45172,13
I11924,O04445,P0232,1,34490,35
I11925,O02894,P0018,1,57772,32
I11926,O01783,P0413,5,88154,2
I11927,O00100,P0244,5,31085,27
I11928,O04231,P0416,4,84937,13
I11929,O00611,P0114,1,66208,7
I11930,O04799,P0434,5,82714,2
I11931,O04358,P0098,4,7971,32
I11932,O04423,P0220,4,7866,38
I11933,O01210,P0286,4,70245,40
I11934,O00519,P0198,5,52547,37
I11935,O01508,P0381,3,74704,35
I11936,O04479,P0219,1,54714,28
I11937,O01352,P0109,3,83727,5
I11938,O01415,P0329,2,44499,1
I11939,O04147,P0231,3,82756,16
I11940,O00299,P0001,1,71792,13
I11941,O03454,P0333,4,5879,38
I11942,O04840,P0046,2,9561,3
I11943,O00477,P0380,1,77743,30
I11944,O04267,P0041,4,58211,0
I11945,O02735,P0211,1,55220,8
I11946,O02450,P0370,4,3448,37
I11947,O00159,P0050,5,29520,15
I11948,O02895,P0273,5,63247,36
I11949,O00142,P0098,1,84425,13
I11950,O02123,P0156,5,93192,26
I11951,O01002,P0089,1,33180,36
I11952,O01893,P0221,4,69345,36
I11953,O03921,P0249,5,17236,28
I11954,O02711,P0113,3,49182,13
I11955,O00386,P0288,5,33623,30
I11956,O01943,P0041,5,68547,3
I11957,O04636,P0141,1,99462,36
I11958,O01043,P0497,2,48969,5
I11959,O01798,P0373,1,43571,25
I11960,O00419,P0360,3,76560,13
I11961,O03923,P0464,4,56242,26
I11962,O00638,P0416,5,28630,26
I11963,O00791,P0481,5,90597,25
I11964,O02231,P0221,2,46760,20
I11965,O03741,P0072,4,90610,30
I11966,O02649,P0406,3,51514,28
I11967,O00661,P0420,2,90752,37
I11968,O01051,P0460,4,86146,16
I11969,O00003,P0300,5,54180,27
I11970,O01197,P0387,5,54749,30
I11971,O01654,P0436,3,73323,2
I11972,O02332,P0116,2,77198,18
I11973,O02753,P0429,2,867,21
I11974,O02335,P0288,1,49350,36
I11975,O01937,P0284,3,580,28
I11976,O02655,P0123,4,23478,8
I11977,O02973,P0006,3,87381,18
I11978,O03605,P0010,2,1558,37
I11979,O03087,P0281,5,12799,8
I11980,O04030,P0485,5,94979,14
I11981,O00465,P0274,2,80210,13
I11982,O02435,P0134,1,87601,34
I11983,O04475,P0112,5,74967,8
I11984,O02686,P0182,3,87168,1
I11985,O02390,P0159,1,26303,29
I11986,O01056,P0389,3,75007,19
I11987,O03249,P0271,-4,18219,38
I11988,O00130,P0058,2,66997,8
I11989,O00321,P0159,2,43077,39
I11990,O01847,P0105,3,50976,6
I11991,O00811,P0349,3,78522,8
I11992,O00427,P0411,1,11106,31
I11993,O00523,P0330,2,92613,29
I11994,O00059,P0459,5,99365,25
I11995,O03471,P0315,5,54695,19
I11996,O00864,P0406,3,89304,1
I11997,O03369,P0205,3,53416,26
I11998,O03411,P0287,2,55167,29
I11999,O00218,P0072,-4,11098,37
I12000,O04859,P0254,1,2457,10
